domain,skill,demand_count,supply_count,gap,anomaly_flag
Business & Marketing,campaign management,339,0,339,YES
Business & Marketing,field supervision,339,0,339,YES
Business & Marketing,promotional activities,339,0,339,YES
Business & Marketing,corporate marketing,339,0,339,YES
Business & Marketing,ieltsinternet browsing & online work ability.,339,0,339,YES
Business & Marketing,facebook ads manager,339,0,339,YES
Business & Marketing,google analytics,339,0,339,YES
Business & Marketing,facebook campaign,339,0,339,YES
Business & Marketing,trade marketing,339,0,339,YES
Business & Marketing,market researc,339,0,339,YES
Business & Marketing,brand promotion,339,0,339,YES
Business & Marketing,search engine optimization (seo),339,0,339,YES
Business & Marketing,facebook marketing,339,0,339,YES
Business & Marketing,fast typing skill,339,0,339,YES
Business & Marketing,google ads,339,0,339,YES
Business & Marketing,merchandising,339,6,333,YES
Business & Marketing,marketing,339,51,288,YES
Business & Marketing,brand development,0,3,-3,NO
Business & Marketing,problem resolution,0,3,-3,NO
Business & Marketing,mortgage,0,3,-3,NO
Business & Marketing,3d printing,0,3,-3,NO
Business & Marketing,pentaho,0,3,-3,NO
Business & Marketing,erp (alliance,0,3,-3,NO
Business & Marketing,frontend,0,3,-3,NO
Business & Marketing,product and service sales,0,3,-3,NO
Business & Marketing,worked with management to document and offset unusual expense variances in their respective areas.,0,3,-3,NO
Business & Marketing,wap,0,3,-3,NO
Business & Marketing,workforce management systems,0,3,-3,NO
Business & Marketing,pos systems: micros,0,3,-3,NO
Business & Marketing,host software,0,3,-3,NO
Business & Marketing,microsoft windows 10,0,3,-3,NO
Business & Marketing,ssis,0,3,-3,NO
Business & Marketing,cbmet,0,3,-3,NO
Business & Marketing,coordination,0,3,-3,NO
Business & Marketing,hardware: dell,0,3,-3,NO
Business & Marketing,microsoft (ms) access,0,3,-3,NO
Business & Marketing,rfi,0,3,-3,NO
Business & Marketing,wan,0,3,-3,NO
Business & Marketing,google calendar,0,3,-3,NO
Business & Marketing,lock-out/tag-out,0,3,-3,NO
Business & Marketing,scorecard,0,3,-3,NO
Business & Marketing,patience,0,3,-3,NO
Business & Marketing,5s expert,0,3,-3,NO
Business & Marketing,excellent problem solver,0,3,-3,NO
Business & Marketing,peachtree accounting,0,3,-3,NO
Business & Marketing,develop products in consumer electronics,0,3,-3,NO
Business & Marketing,troubleshooting and problem solving,0,3,-3,NO
Business & Marketing,multidisciplinary exposure,0,3,-3,NO
Business & Marketing,tera term,0,3,-3,NO
Business & Marketing,flexible,0,3,-3,NO
Business & Marketing,customer care and satisfaction,0,3,-3,NO
Business & Marketing,individual tax returns,0,3,-3,NO
Business & Marketing,motivated,0,3,-3,NO
Business & Marketing,vehicle ergonomics,0,3,-3,NO
Business & Marketing,manufacturing process development and improvement,0,3,-3,NO
Business & Marketing,git-lab,0,3,-3,NO
Business & Marketing,preparation of financial reports,0,3,-3,NO
Business & Marketing,xpert,0,3,-3,NO
Business & Marketing,dhcp/dns ethernet and firewall proficient,0,3,-3,NO
Business & Marketing,xp,0,3,-3,NO
Business & Marketing,superior research skills,0,3,-3,NO
Business & Marketing,biotechnology,0,3,-3,NO
Business & Marketing,identifies vendors requiring an irs form 1099 and prepares the form and transmittal,0,3,-3,NO
Business & Marketing,aardwolf,0,3,-3,NO
Business & Marketing,raspberry pi,0,3,-3,NO
Business & Marketing,software systems engineering,0,3,-3,NO
Business & Marketing,detail drawings,0,3,-3,NO
Business & Marketing,iis 5,0,3,-3,NO
Business & Marketing,windows vista,0,3,-3,NO
Business & Marketing,six sigma certified,0,3,-3,NO
Business & Marketing,general ledger proficiency,0,3,-3,NO
Business & Marketing,estimation,0,3,-3,NO
Business & Marketing,laboratory testing,0,3,-3,NO
Business & Marketing,fm,0,3,-3,NO
Business & Marketing,automation tools - design and implement,0,3,-3,NO
Business & Marketing,edit,0,3,-3,NO
Business & Marketing,business process management,0,3,-3,NO
Business & Marketing,windows platforms programming,0,3,-3,NO
Business & Marketing,assist,0,3,-3,NO
Business & Marketing,peoplesoft hrms,0,3,-3,NO
Business & Marketing,sap),0,3,-3,NO
Business & Marketing,algebra,0,3,-3,NO
Business & Marketing,for selling,0,3,-3,NO
Business & Marketing,design for manufacturing,0,3,-3,NO
Business & Marketing,test tools,0,3,-3,NO
Business & Marketing,pl/pgsql,0,3,-3,NO
Business & Marketing,pearl,0,3,-3,NO
Business & Marketing,interpersonal communication skills,0,3,-3,NO
Business & Marketing,user experience,0,3,-3,NO
Business & Marketing,demonstrated organizational/planning skills,0,3,-3,NO
Business & Marketing,software development skills,0,3,-3,NO
Business & Marketing,apple computers,0,3,-3,NO
Business & Marketing,ibm-pc,0,3,-3,NO
Business & Marketing,interpretation,0,3,-3,NO
Business & Marketing,linux programming,0,3,-3,NO
Business & Marketing,test engineer,0,3,-3,NO
Business & Marketing,overall sales,0,3,-3,NO
Business & Marketing,office suite,0,3,-3,NO
Business & Marketing,processing payments,0,3,-3,NO
Business & Marketing,sentiment analysis,0,3,-3,NO
Business & Marketing,installation and configuration of peripherals,0,3,-3,NO
Business & Marketing,ii,0,3,-3,NO
Business & Marketing,oracle database,0,3,-3,NO
Business & Marketing,document control,0,3,-3,NO
Business & Marketing,i-max,0,3,-3,NO
Business & Marketing,chill,0,3,-3,NO
Business & Marketing,a/r,0,3,-3,NO
Business & Marketing,sublime 2,0,3,-3,NO
Business & Marketing,ms office applications,0,3,-3,NO
Business & Marketing,client support,0,3,-3,NO
Business & Marketing,self-starter & self-motivated,0,3,-3,NO
Business & Marketing,white box testing,0,3,-3,NO
Business & Marketing,pillow,0,3,-3,NO
Business & Marketing,catalysis,0,3,-3,NO
Business & Marketing,retention,0,3,-3,NO
Business & Marketing,microsoft rdp,0,3,-3,NO
Business & Marketing,investment research,0,3,-3,NO
Business & Marketing,facilities management,0,3,-3,NO
Business & Marketing,salesforce / crm,0,3,-3,NO
Business & Marketing,3dsmax,0,3,-3,NO
Business & Marketing,mp4,0,3,-3,NO
Business & Marketing,sarbanes oxley,0,3,-3,NO
Business & Marketing,marketing collateral,0,3,-3,NO
Business & Marketing,business to customer,0,3,-3,NO
Business & Marketing,microsoft windows nt server,0,3,-3,NO
Business & Marketing,cics,0,3,-3,NO
Business & Marketing,exceptional telephone etiquette,0,3,-3,NO
Business & Marketing,industrial automation,0,3,-3,NO
Business & Marketing,regression testing,0,3,-3,NO
Business & Marketing,dukpt,0,3,-3,NO
Business & Marketing,windows 95 - xp,0,3,-3,NO
Business & Marketing,exploratory data analysis,0,3,-3,NO
Business & Marketing,layout design,0,3,-3,NO
Business & Marketing,plc 5,0,3,-3,NO
Business & Marketing,differential equations,0,3,-3,NO
Business & Marketing,accounts receivable professional,0,3,-3,NO
Business & Marketing,oss,0,3,-3,NO
Business & Marketing,engineer-in-training,0,3,-3,NO
Business & Marketing,of sales,0,3,-3,NO
Business & Marketing,suspension and alignment,0,3,-3,NO
Business & Marketing,interpersonal communication,0,3,-3,NO
Business & Marketing,profit and loss,0,3,-3,NO
Business & Marketing,jd edwards/as 400,0,3,-3,NO
Business & Marketing,college math,0,3,-3,NO
Business & Marketing,indesign,0,3,-3,NO
Business & Marketing,excellent written,0,3,-3,NO
Business & Marketing,very organized,0,3,-3,NO
Business & Marketing,data preparation,0,3,-3,NO
Business & Marketing,electrical component repair,0,3,-3,NO
Business & Marketing,osha regulations,0,3,-3,NO
Business & Marketing,ios9,0,3,-3,NO
Business & Marketing,laravel,0,3,-3,NO
Business & Marketing,manufacturing,0,3,-3,NO
Business & Marketing,speakers),0,3,-3,NO
Business & Marketing,financial controls,0,3,-3,NO
Business & Marketing,reduce waste,0,3,-3,NO
Business & Marketing,windows 9.x,0,3,-3,NO
Business & Marketing,solomon,0,3,-3,NO
Business & Marketing,help desk support,0,3,-3,NO
Business & Marketing,effective leader,0,3,-3,NO
Business & Marketing,analog and digital circuitry,0,3,-3,NO
Business & Marketing,method development,0,3,-3,NO
Business & Marketing,file maintenance,0,3,-3,NO
Business & Marketing,clarify,0,3,-3,NO
Business & Marketing,powershell,0,3,-3,NO
Business & Marketing,drilling- tapping,0,3,-3,NO
Business & Marketing,vpn/remote connectivity - openvpn,0,3,-3,NO
Business & Marketing,team building & leadership,0,3,-3,NO
Business & Marketing,excellent facilitator,0,3,-3,NO
Business & Marketing,forward-thinking mindset,0,3,-3,NO
Business & Marketing,prolith (modeling),0,3,-3,NO
Business & Marketing,iia,0,3,-3,NO
Business & Marketing,focus integrated erp software for retail garment stores,0,3,-3,NO
Business & Marketing,physics i,0,3,-3,NO
Business & Marketing,re-engineering,0,3,-3,NO
Business & Marketing,organizational and planning skills,0,3,-3,NO
Business & Marketing,solidworks 2005,0,3,-3,NO
Business & Marketing,emv systems : btt (ul),0,3,-3,NO
Business & Marketing,bluehill testing software,0,3,-3,NO
Business & Marketing,market analysis/competitive positioning,0,3,-3,NO
Business & Marketing,data analysis techniques,0,3,-3,NO
Business & Marketing,lotus sametime,0,3,-3,NO
Business & Marketing,voice over ip telephone,0,3,-3,NO
Business & Marketing,data handling,0,3,-3,NO
Business & Marketing,web design technology,0,3,-3,NO
Business & Marketing,lx,0,3,-3,NO
Business & Marketing,energy manager,0,3,-3,NO
Business & Marketing,saas,0,3,-3,NO
Business & Marketing,human resource management,0,3,-3,NO
Business & Marketing,office switchphone,0,3,-3,NO
Business & Marketing,including ordering and canceling cards,0,3,-3,NO
Business & Marketing,windows nt,0,3,-3,NO
Business & Marketing,msra,0,3,-3,NO
Business & Marketing,statistical solutions,0,3,-3,NO
Business & Marketing,featurization,0,3,-3,NO
Business & Marketing,phoenix (e1),0,3,-3,NO
Business & Marketing,verbal communication,0,3,-3,NO
Business & Marketing,ms office: outlook,0,3,-3,NO
Business & Marketing,advanced presentation,0,3,-3,NO
Business & Marketing,create circuits with multisim cad software,0,3,-3,NO
Business & Marketing,spc++,0,3,-3,NO
Business & Marketing,analysis of algorithms,0,3,-3,NO
Business & Marketing,adc,0,3,-3,NO
Business & Marketing,sc,0,3,-3,NO
Business & Marketing,dynamic ax,0,3,-3,NO
Business & Marketing,visual studio 2008-2010,0,3,-3,NO
Business & Marketing,image scanner asset manager -10-key,0,3,-3,NO
Business & Marketing,fasb & gaap standards,0,3,-3,NO
Business & Marketing,naval,0,3,-3,NO
Business & Marketing,business consulting,0,3,-3,NO
Business & Marketing,fetch,0,3,-3,NO
Business & Marketing,company platforms: eagle,0,3,-3,NO
Business & Marketing,microsoft accounting office,0,3,-3,NO
Business & Marketing,computer proficient,0,3,-3,NO
Business & Marketing,interpersonal and communication,0,3,-3,NO
Business & Marketing,quick on my feet & with my hands,0,3,-3,NO
Business & Marketing,professor,0,3,-3,NO
Business & Marketing,fas asset accounting,0,3,-3,NO
Business & Marketing,competency in procedure development,0,3,-3,NO
Business & Marketing,troubleshooting i,0,3,-3,NO
Business & Marketing,developed reconciliation format,0,3,-3,NO
Business & Marketing,power supply,0,3,-3,NO
Business & Marketing,performed debit,0,3,-3,NO
Business & Marketing,vast technical knowledge,0,3,-3,NO
Business & Marketing,diagnostic software utilities,0,3,-3,NO
Business & Marketing,client-focused,0,3,-3,NO
Business & Marketing,cli knowledge,0,3,-3,NO
Business & Marketing,received,0,3,-3,NO
Business & Marketing,tools of operations research,0,3,-3,NO
Business & Marketing,superb communication skills,0,3,-3,NO
Business & Marketing,operating systems: xp windows professional / windows 7/ windows 8,0,3,-3,NO
Business & Marketing,network systems,0,3,-3,NO
Business & Marketing,advanced anatomy knowledge,0,3,-3,NO
Business & Marketing,test scripts,0,3,-3,NO
Business & Marketing,pc repair,0,3,-3,NO
Business & Marketing,microsoft virtual pc/hyper-v,0,3,-3,NO
Business & Marketing,proficient in avg,0,3,-3,NO
Business & Marketing,revenue recognition,0,3,-3,NO
Business & Marketing,calculus,0,3,-3,NO
Business & Marketing,cash-flow,0,3,-3,NO
Business & Marketing,parameter tuning,0,3,-3,NO
Business & Marketing,needs analysis,0,3,-3,NO
Business & Marketing,vmware workstation,0,3,-3,NO
Business & Marketing,critical thinker,0,3,-3,NO
Business & Marketing,hboc,0,3,-3,NO
Business & Marketing,estimate,0,3,-3,NO
Business & Marketing,osx,0,3,-3,NO
Business & Marketing,complex problem solver,0,3,-3,NO
Business & Marketing,pc security systems,0,3,-3,NO
Business & Marketing,pluming,0,3,-3,NO
Business & Marketing,firefox,0,3,-3,NO
Business & Marketing,adobe indesign,0,3,-3,NO
Business & Marketing,supervision and training,0,3,-3,NO
Business & Marketing,facet,0,3,-3,NO
Business & Marketing,customer services,0,3,-3,NO
Business & Marketing,business systems analysis,0,3,-3,NO
Business & Marketing,generally accepted accounting principles,0,3,-3,NO
Business & Marketing,producer,0,3,-3,NO
Business & Marketing,budget planning,0,3,-3,NO
Business & Marketing,aramark service trained on ge 9600,0,3,-3,NO
Business & Marketing,embedded linux,0,3,-3,NO
Business & Marketing,excellent verbal and written communication skills,0,3,-3,NO
Business & Marketing,memtest86,0,3,-3,NO
Business & Marketing,project analysis,0,3,-3,NO
Business & Marketing,8d,0,3,-3,NO
Business & Marketing,full life cycle,0,3,-3,NO
Business & Marketing,marketing plans,0,3,-3,NO
Business & Marketing,erp (enterprise resource planning) software,0,3,-3,NO
Business & Marketing,management skills,0,3,-3,NO
Business & Marketing,shielded pair and coaxial,0,3,-3,NO
Business & Marketing,mathematical modelling,0,3,-3,NO
Business & Marketing,mckesson,0,3,-3,NO
Business & Marketing,skilled in the operation of networks,0,3,-3,NO
Business & Marketing,market basket analysis,0,3,-3,NO
Business & Marketing,python developer,0,3,-3,NO
Business & Marketing,data exploration,0,3,-3,NO
Business & Marketing,business plan,0,3,-3,NO
Business & Marketing,tensorflow keras,0,3,-3,NO
Business & Marketing,project management methodologies: agile,0,3,-3,NO
Business & Marketing,internet,0,3,-3,NO
Business & Marketing,well organized,0,3,-3,NO
Business & Marketing,hands on training: electrical,0,3,-3,NO
Business & Marketing,risk assessment & tracking,0,3,-3,NO
Business & Marketing,filling,0,3,-3,NO
Business & Marketing,logic analyzer,0,3,-3,NO
Business & Marketing,wiring/wire spicing: cat3,0,3,-3,NO
Business & Marketing,tax accounting,0,3,-3,NO
Business & Marketing,qa/qm,0,3,-3,NO
Business & Marketing,emv tags,0,3,-3,NO
Business & Marketing,sparkocr,0,3,-3,NO
Business & Marketing,graphic design,0,3,-3,NO
Business & Marketing,presales,0,3,-3,NO
Business & Marketing,systems integration,0,3,-3,NO
Business & Marketing,aderant/cms,0,3,-3,NO
Business & Marketing,compliance management,0,3,-3,NO
Business & Marketing,project management & execution,0,3,-3,NO
Business & Marketing,home office,0,3,-3,NO
Business & Marketing,order management,0,3,-3,NO
Business & Marketing,project coordinator,0,3,-3,NO
Business & Marketing,community outreach,0,3,-3,NO
Business & Marketing,comprehensive large array data stewardship system,0,3,-3,NO
Business & Marketing,xilinx ise,0,3,-3,NO
Business & Marketing,speak,0,3,-3,NO
Business & Marketing,capital markets,0,3,-3,NO
Business & Marketing,rtos - os9,0,3,-3,NO
Business & Marketing,business and requirements analysis,0,3,-3,NO
Business & Marketing,unsupervised learning,0,3,-3,NO
Business & Marketing,gse,0,3,-3,NO
Business & Marketing,sound,0,3,-3,NO
Business & Marketing,train employees,0,3,-3,NO
Business & Marketing,active-listening,0,3,-3,NO
Business & Marketing,graphics and design,0,3,-3,NO
Business & Marketing,xcode,0,3,-3,NO
Business & Marketing,experienced manager,0,3,-3,NO
Business & Marketing,trello,0,3,-3,NO
Business & Marketing,bounded rationality,0,3,-3,NO
Business & Marketing,patient and diligent,0,3,-3,NO
Business & Marketing,powerpoint presentations,0,3,-3,NO
Business & Marketing,infolease for lease and financial accounting & citconnect research,0,3,-3,NO
Business & Marketing,mas,0,3,-3,NO
Business & Marketing,know-your-consumer (kyc),0,3,-3,NO
Business & Marketing,strong written and verbal communication skills,0,3,-3,NO
Business & Marketing,fiber brains,0,3,-3,NO
Business & Marketing,collaborating with stakeholders - roadmap,0,3,-3,NO
Business & Marketing,office master system,0,3,-3,NO
Business & Marketing,asp),0,3,-3,NO
Business & Marketing,java programming,0,3,-3,NO
Business & Marketing,assisted living,0,3,-3,NO
Business & Marketing,general ledger accounting skills,0,3,-3,NO
Business & Marketing,web developer,0,3,-3,NO
Business & Marketing,sonet,0,3,-3,NO
Business & Marketing,company platforms: business objects,0,3,-3,NO
Business & Marketing,ifixit pro tech toolkit,0,3,-3,NO
Business & Marketing,through-hole,0,3,-3,NO
Business & Marketing,computer peripherals,0,3,-3,NO
Business & Marketing,broadpos,0,3,-3,NO
Business & Marketing,instruction list.),0,3,-3,NO
Business & Marketing,protocols execution,0,3,-3,NO
Business & Marketing,us gaap principles,0,3,-3,NO
Business & Marketing,construct,0,3,-3,NO
Business & Marketing,production and engineering management,0,3,-3,NO
Business & Marketing,chromeos,0,3,-3,NO
Business & Marketing,lasso regression,0,3,-3,NO
Business & Marketing,ms,0,3,-3,NO
Business & Marketing,tax slayer,0,3,-3,NO
Business & Marketing,microsoft technologies,0,3,-3,NO
Business & Marketing,mediation expertise,0,3,-3,NO
Business & Marketing,toshiba certified service trained on vantage 1.5 t 8 channel mri,0,3,-3,NO
Business & Marketing,fannie mae,0,3,-3,NO
Business & Marketing,gaap understanding,0,3,-3,NO
Business & Marketing,computer graphics,0,3,-3,NO
Business & Marketing,radiography,0,3,-3,NO
Business & Marketing,full finish,0,3,-3,NO
Business & Marketing,design optimization),0,3,-3,NO
Business & Marketing,e-business,0,3,-3,NO
Business & Marketing,requestnet,0,3,-3,NO
Business & Marketing,architectural drafting,0,3,-3,NO
Business & Marketing,e-learning,0,3,-3,NO
Business & Marketing,waterfall,0,3,-3,NO
Business & Marketing,basic knowledge of microsoft powerpoint and excel,0,3,-3,NO
Business & Marketing,electronic & mechanical technology,0,3,-3,NO
Business & Marketing,quickbooks software,0,3,-3,NO
Business & Marketing,cd-roms,0,3,-3,NO
Business & Marketing,various testing equipment,0,3,-3,NO
Business & Marketing,business process,0,3,-3,NO
Business & Marketing,microcontrollers,0,3,-3,NO
Business & Marketing,low voltage power consumption,0,3,-3,NO
Business & Marketing,strong collaborative skills,0,3,-3,NO
Business & Marketing,quality assurance/control,0,3,-3,NO
Business & Marketing,manages the corporate visa accounts for managers and volunteers,0,3,-3,NO
Business & Marketing,marketing research,0,3,-3,NO
Business & Marketing,product improvement,0,3,-3,NO
Business & Marketing,application analysis,0,3,-3,NO
Business & Marketing,linksys,0,3,-3,NO
Business & Marketing,software engineer/developer,0,3,-3,NO
Business & Marketing,engineering ethics,0,3,-3,NO
Business & Marketing,motivation and initiative,0,3,-3,NO
Business & Marketing,responsible for maintaining fixed assets and prepaid sub-ledger accounts,0,3,-3,NO
Business & Marketing,driving license,0,3,-3,NO
Business & Marketing,usb,0,3,-3,NO
Business & Marketing,developing other business analyst,0,3,-3,NO
Business & Marketing,erp/accounting systems proficiency,0,3,-3,NO
Business & Marketing,architecting best practice technical solutions,0,3,-3,NO
Business & Marketing,gdb,0,3,-3,NO
Business & Marketing,microsoft teams,0,3,-3,NO
Business & Marketing,active learning,0,3,-3,NO
Business & Marketing,sequential analysis,0,3,-3,NO
Business & Marketing,rcm,0,3,-3,NO
Business & Marketing,brake systems expertise,0,3,-3,NO
Business & Marketing,real estate p.m.a.s.,0,3,-3,NO
Business & Marketing,spc,0,3,-3,NO
Business & Marketing,proactive and energetic,0,3,-3,NO
Business & Marketing,inventory management and control,0,3,-3,NO
Business & Marketing,market evaluation,0,3,-3,NO
Business & Marketing,collection,0,3,-3,NO
Business & Marketing,patient safety,0,3,-3,NO
Business & Marketing,sage fas,0,3,-3,NO
Business & Marketing,dexterous with hand tools,0,3,-3,NO
Business & Marketing,ad copy,0,3,-3,NO
Business & Marketing,windows installation usb/dvd,0,3,-3,NO
Business & Marketing,xilinx vivado,0,3,-3,NO
Business & Marketing,call center,0,3,-3,NO
Business & Marketing,risk mitigation planning,0,3,-3,NO
Business & Marketing,oracle 8i,0,3,-3,NO
Business & Marketing,source evaluation and selection,0,3,-3,NO
Business & Marketing,interoperability,0,3,-3,NO
Business & Marketing,technical review,0,3,-3,NO
Business & Marketing,related skills,0,3,-3,NO
Business & Marketing,identify electronic components and schematic symbols,0,3,-3,NO
Business & Marketing,solution design,0,3,-3,NO
Business & Marketing,aaa security model,0,3,-3,NO
Business & Marketing,bind,0,3,-3,NO
Business & Marketing,fire protection,0,3,-3,NO
Business & Marketing,microsoft office software,0,3,-3,NO
Business & Marketing,ad hoc,0,3,-3,NO
Business & Marketing,3d modeling,0,3,-3,NO
Business & Marketing,dashboards,0,3,-3,NO
Business & Marketing,operating system knowledge,0,3,-3,NO
Business & Marketing,sales presentations,0,3,-3,NO
Business & Marketing,tapscan,0,3,-3,NO
Business & Marketing,configuration management,0,3,-3,NO
Business & Marketing,validation process specialist,0,3,-3,NO
Business & Marketing,ccna,0,3,-3,NO
Business & Marketing,public accounting,0,3,-3,NO
Business & Marketing,netsuite,0,3,-3,NO
Business & Marketing,acronis true image,0,3,-3,NO
Business & Marketing,initiative to work independent,0,3,-3,NO
Business & Marketing,excellent customer service skills.,0,3,-3,NO
Business & Marketing,sccm 2012 ios-mdm,0,3,-3,NO
Business & Marketing,gshell,0,3,-3,NO
Business & Marketing,art,0,3,-3,NO
Business & Marketing,and wearables. iphones and ipads. printers,0,3,-3,NO
Business & Marketing,dotnet,0,3,-3,NO
Business & Marketing,web-based,0,3,-3,NO
Business & Marketing,groupwise,0,3,-3,NO
Business & Marketing,macintosh,0,3,-3,NO
Business & Marketing,microsoft office including word,0,3,-3,NO
Business & Marketing,portuguese (fluent),0,3,-3,NO
Business & Marketing,principal component analysis,0,3,-3,NO
Business & Marketing,frame,0,3,-3,NO
Business & Marketing,microprocessors,0,3,-3,NO
Business & Marketing,along with other finance department staff,0,3,-3,NO
Business & Marketing,ms powerpoint,0,3,-3,NO
Business & Marketing,ibm spss,0,3,-3,NO
Business & Marketing,knn,0,3,-3,NO
Business & Marketing,issue resolution,0,3,-3,NO
Business & Marketing,easy power,0,3,-3,NO
Business & Marketing,bi360 (businessintelligence tool),0,3,-3,NO
Business & Marketing,engineering cost estimating,0,3,-3,NO
Business & Marketing,reliability sae standards,0,3,-3,NO
Business & Marketing,new hire orientation,0,3,-3,NO
Business & Marketing,classroom monitoring,0,3,-3,NO
Business & Marketing,visio),0,3,-3,NO
Business & Marketing,sharepoint & costpoint,0,3,-3,NO
Business & Marketing,c/python,0,3,-3,NO
Business & Marketing,tax software,0,3,-3,NO
Business & Marketing,executive management,0,3,-3,NO
Business & Marketing,process capability,0,3,-3,NO
Business & Marketing,doe (design of experiment),0,3,-3,NO
Business & Marketing,ingenico,0,3,-3,NO
Business & Marketing,energetic,0,3,-3,NO
Business & Marketing,webscrapping,0,3,-3,NO
Business & Marketing,fund accounting,0,3,-3,NO
Business & Marketing,solar pv systems design,0,3,-3,NO
Business & Marketing,works with that department manager in preparation of annual budget,0,3,-3,NO
Business & Marketing,negotiating skills,0,3,-3,NO
Business & Marketing,proposal,0,3,-3,NO
Business & Marketing,scanner,0,3,-3,NO
Business & Marketing,it skills (shopper,0,3,-3,NO
Business & Marketing,training and development,0,3,-3,NO
Business & Marketing,product design,0,3,-3,NO
Business & Marketing,product excellence,0,3,-3,NO
Business & Marketing,floor plans,0,3,-3,NO
Business & Marketing,abaqus,0,3,-3,NO
Business & Marketing,testing and commissioning planning and execution,0,3,-3,NO
Business & Marketing,tirks,0,3,-3,NO
Business & Marketing,process analysis,0,3,-3,NO
Business & Marketing,xa,0,3,-3,NO
Business & Marketing,skilled in the use of hand tools for repairing and installing electronics,0,3,-3,NO
Business & Marketing,quality management,0,3,-3,NO
Business & Marketing,mechanical technician,0,3,-3,NO
Business & Marketing,hardworking,0,3,-3,NO
Business & Marketing,electrical mechanical systems,0,3,-3,NO
Business & Marketing,embedded c,0,3,-3,NO
Business & Marketing,rehabilitation,0,3,-3,NO
Business & Marketing,10key by touch,0,3,-3,NO
Business & Marketing,microsoft word/excel,0,3,-3,NO
Business & Marketing,profit and loss account,0,3,-3,NO
Business & Marketing,defect detection,0,3,-3,NO
Business & Marketing,architect,0,3,-3,NO
Business & Marketing,pharmacy,0,3,-3,NO
Business & Marketing,pricing proposal development,0,3,-3,NO
Business & Marketing,hp alm quality center,0,3,-3,NO
Business & Marketing,document management testing,0,3,-3,NO
Business & Marketing,backend,0,3,-3,NO
Business & Marketing,mercurial,0,3,-3,NO
Business & Marketing,maintenance schedules,0,3,-3,NO
Business & Marketing,lean manufacturing and management,0,3,-3,NO
Business & Marketing,build teams,0,3,-3,NO
Business & Marketing,industrial machinery,0,3,-3,NO
Business & Marketing,contract negotiation,0,3,-3,NO
Business & Marketing,aci-prm,0,3,-3,NO
Business & Marketing,omb circular a-133,0,3,-3,NO
Business & Marketing,financial analyst,0,3,-3,NO
Business & Marketing,database servers,0,3,-3,NO
Business & Marketing,electrical engineer,0,3,-3,NO
Business & Marketing,ergonomic and safety conscious,0,3,-3,NO
Business & Marketing,accounting packages,0,3,-3,NO
Business & Marketing,enterprise software,0,3,-3,NO
Business & Marketing,electrical equipment operation,0,3,-3,NO
Business & Marketing,computer proficiency,0,3,-3,NO
Business & Marketing,highly responsible and reliable,0,3,-3,NO
Business & Marketing,gage r & r,0,3,-3,NO
Business & Marketing,siebel,0,3,-3,NO
Business & Marketing,trade shows,0,3,-3,NO
Business & Marketing,budgetary and policy development,0,3,-3,NO
Business & Marketing,emperical modelling,0,3,-3,NO
Business & Marketing,equities,0,3,-3,NO
Business & Marketing,policy/program development,0,3,-3,NO
Business & Marketing,proficiency in tcp/ip protocols,0,3,-3,NO
Business & Marketing,multi-tasking,0,3,-3,NO
Business & Marketing,puppet,0,3,-3,NO
Business & Marketing,quick test professional,0,3,-3,NO
Business & Marketing,lead development,0,3,-3,NO
Business & Marketing,projectors,0,3,-3,NO
Business & Marketing,hp quality center,0,3,-3,NO
Business & Marketing,market and development,0,3,-3,NO
Business & Marketing,cost accounting,0,3,-3,NO
Business & Marketing,technical: vantive,0,3,-3,NO
Business & Marketing,cloud infrastructure,0,3,-3,NO
Business & Marketing,document manager software,0,3,-3,NO
Business & Marketing,outpatient,0,3,-3,NO
Business & Marketing,speaker,0,3,-3,NO
Business & Marketing,performance testing,0,3,-3,NO
Business & Marketing,stratton warren mms,0,3,-3,NO
Business & Marketing,sas base,0,3,-3,NO
Business & Marketing,sculpting,0,3,-3,NO
Business & Marketing,computer literate,0,3,-3,NO
Business & Marketing,financial modeling,0,3,-3,NO
Business & Marketing,applications: ms office 2010-2016 (word,0,3,-3,NO
Business & Marketing,pneumatics,0,3,-3,NO
Business & Marketing,compliance testing knowledge,0,3,-3,NO
Business & Marketing,creative solutions bookkeeping software,0,3,-3,NO
Business & Marketing,manufacturing systems integration,0,3,-3,NO
Business & Marketing,business and commercial acumen,0,3,-3,NO
Business & Marketing,vm,0,3,-3,NO
Business & Marketing,self-directed,0,3,-3,NO
Business & Marketing,monthly sales,0,3,-3,NO
Business & Marketing,very organized & energetic,0,3,-3,NO
Business & Marketing,macro media director,0,3,-3,NO
Business & Marketing,keane care,0,3,-3,NO
Business & Marketing,direct mail,0,3,-3,NO
Business & Marketing,sheets,0,3,-3,NO
Business & Marketing,product manager,0,3,-3,NO
Business & Marketing,hp qtp,0,3,-3,NO
Business & Marketing,java 2,0,3,-3,NO
Business & Marketing,student assistance,0,3,-3,NO
Business & Marketing,stories,0,3,-3,NO
Business & Marketing,gru,0,3,-3,NO
Business & Marketing,cyber ethics,0,3,-3,NO
Business & Marketing,dynamic,0,3,-3,NO
Business & Marketing,surface mount,0,3,-3,NO
Business & Marketing,mortgage loan,0,3,-3,NO
Business & Marketing,intuit payroll,0,3,-3,NO
Business & Marketing,reconciled various general ledger fund accounts,0,3,-3,NO
Business & Marketing,strong oral and written communication skills,0,3,-3,NO
Business & Marketing,familiar in c+,0,3,-3,NO
Business & Marketing,business growth,0,3,-3,NO
Business & Marketing,swedish,0,3,-3,NO
Business & Marketing,great plains dynamics,0,3,-3,NO
Business & Marketing,adtran,0,3,-3,NO
Business & Marketing,highly dependable,0,3,-3,NO
Business & Marketing,test plans,0,3,-3,NO
Business & Marketing,interface with customers and vendors,0,3,-3,NO
Business & Marketing,skill 5,0,3,-3,NO
Business & Marketing,maintenance repair,0,3,-3,NO
Business & Marketing,annuities,0,3,-3,NO
Business & Marketing,technical interface,0,3,-3,NO
Business & Marketing,relationship building and management,0,3,-3,NO
Business & Marketing,talent management tools: hireright,0,3,-3,NO
Business & Marketing,kind,0,3,-3,NO
Business & Marketing,acrylic,0,3,-3,NO
Business & Marketing,ngs systems,0,3,-3,NO
Business & Marketing,munis,0,3,-3,NO
Business & Marketing,streak crm,0,3,-3,NO
Business & Marketing,consistently meet goals,0,3,-3,NO
Business & Marketing,spring,0,3,-3,NO
Business & Marketing,instructing,0,3,-3,NO
Business & Marketing,protel,0,3,-3,NO
Business & Marketing,technical grammar skills,0,3,-3,NO
Business & Marketing,epicor,0,3,-3,NO
Business & Marketing,excellent managerial techniques,0,3,-3,NO
Business & Marketing,algorithms and data structures,0,3,-3,NO
Business & Marketing,biology,0,3,-3,NO
Business & Marketing,hospice,0,3,-3,NO
Business & Marketing,c languages,0,3,-3,NO
Business & Marketing,validations,0,3,-3,NO
Business & Marketing,secretarial,0,3,-3,NO
Business & Marketing,client liaison,0,3,-3,NO
Business & Marketing,presenter,0,3,-3,NO
Business & Marketing,neural networks.,0,3,-3,NO
Business & Marketing,solenoid/valves,0,3,-3,NO
Business & Marketing,embedded hardware & software,0,3,-3,NO
Business & Marketing,relational database,0,3,-3,NO
Business & Marketing,valuation,0,3,-3,NO
Business & Marketing,siemens step 7,0,3,-3,NO
Business & Marketing,programming in java,0,3,-3,NO
Business & Marketing,front end,0,3,-3,NO
Business & Marketing,bank reconciliations and balancing,0,3,-3,NO
Business & Marketing,file,0,3,-3,NO
Business & Marketing,budget management,0,3,-3,NO
Business & Marketing,articulate,0,3,-3,NO
Business & Marketing,reception,0,3,-3,NO
Business & Marketing,glacier tax prep,0,3,-3,NO
Business & Marketing,sound cards,0,3,-3,NO
Business & Marketing,federal acquisition,0,3,-3,NO
Business & Marketing,communication/presentations,0,3,-3,NO
Business & Marketing,inspector,0,3,-3,NO
Business & Marketing,mechanically-inclined,0,3,-3,NO
Business & Marketing,corporate accounting,0,3,-3,NO
Business & Marketing,quality inspection professional,0,3,-3,NO
Business & Marketing,assurance analyst,0,3,-3,NO
Business & Marketing,bug tracking,0,3,-3,NO
Business & Marketing,systems support,0,3,-3,NO
Business & Marketing,wsam image,0,3,-3,NO
Business & Marketing,structured text,0,3,-3,NO
Business & Marketing,staff,0,3,-3,NO
Business & Marketing,api design,0,3,-3,NO
Business & Marketing,sensors,0,3,-3,NO
Business & Marketing,keep,0,3,-3,NO
Business & Marketing,netbeans,0,3,-3,NO
Business & Marketing,astrex,0,3,-3,NO
Business & Marketing,managerial,0,3,-3,NO
Business & Marketing,copier,0,3,-3,NO
Business & Marketing,it support services,0,3,-3,NO
Business & Marketing,microcontroller,0,3,-3,NO
Business & Marketing,monitoring and evaluation skills,0,3,-3,NO
Business & Marketing,business processes,0,3,-3,NO
Business & Marketing,kibana,0,3,-3,NO
Business & Marketing,microsoft test manager,0,3,-3,NO
Business & Marketing,works well under pressure,0,3,-3,NO
Business & Marketing,linux os,0,3,-3,NO
Business & Marketing,diagnosis and repair,0,3,-3,NO
Business & Marketing,retail mortgage,0,3,-3,NO
Business & Marketing,m&e,0,3,-3,NO
Business & Marketing,antivirus,0,3,-3,NO
Business & Marketing,xamarin studio,0,3,-3,NO
Business & Marketing,security: basic knowledge of ipsec / ssl-vpn / nat / gre,0,3,-3,NO
Business & Marketing,salesforce lead management,0,3,-3,NO
Business & Marketing,bilingual spanish (fluent,0,3,-3,NO
Business & Marketing,erp : microsoft ax dynamics,0,3,-3,NO
Business & Marketing,developer 2000,0,3,-3,NO
Business & Marketing,aws view,0,3,-3,NO
Business & Marketing,openvpn,0,3,-3,NO
Business & Marketing,letters and memos,0,3,-3,NO
Business & Marketing,process-engineering,0,3,-3,NO
Business & Marketing,installation of hardware,0,3,-3,NO
Business & Marketing,renovations,0,3,-3,NO
Business & Marketing,mechanical component troubleshooting,0,3,-3,NO
Business & Marketing,snmp,0,3,-3,NO
Business & Marketing,analog and digital filter design,0,3,-3,NO
Business & Marketing,programming language,0,3,-3,NO
Business & Marketing,sas-stat,0,3,-3,NO
Business & Marketing,mlops,0,3,-3,NO
Business & Marketing,mcafee endpoint security,0,3,-3,NO
Business & Marketing,p&l management,0,3,-3,NO
Business & Marketing,positouch,0,3,-3,NO
Business & Marketing,app development (android and ios),0,3,-3,NO
Business & Marketing,and banked cash,0,3,-3,NO
Business & Marketing,informatica,0,3,-3,NO
Business & Marketing,aci-interchange,0,3,-3,NO
Business & Marketing,integrated reporting information system (iris),0,3,-3,NO
Business & Marketing,postgresql),0,3,-3,NO
Business & Marketing,iccverify,0,3,-3,NO
Business & Marketing,auto-cad,0,3,-3,NO
Business & Marketing,aviation,0,3,-3,NO
Business & Marketing,ms office: v-look up,0,3,-3,NO
Business & Marketing,analyzing market trends,0,3,-3,NO
Business & Marketing,model development,0,3,-3,NO
Business & Marketing,mrp,0,3,-3,NO
Business & Marketing,opengl,0,3,-3,NO
Business & Marketing,code blocks,0,3,-3,NO
Business & Marketing,proficient in ms-office (word/excel/powerpoint),0,3,-3,NO
Business & Marketing,accounting operations,0,3,-3,NO
Business & Marketing,adt,0,3,-3,NO
Business & Marketing,tutoring,0,3,-3,NO
Business & Marketing,socs,0,3,-3,NO
Business & Marketing,corrective maintenance,0,3,-3,NO
Business & Marketing,employee relations,0,3,-3,NO
Business & Marketing,digital design,0,3,-3,NO
Business & Marketing,scrum & agile,0,3,-3,NO
Business & Marketing,simulations using witness13 and simio,0,3,-3,NO
Business & Marketing,dataset management,0,3,-3,NO
Business & Marketing,office equipment such as copiers,0,3,-3,NO
Business & Marketing,software/pc/lan troubleshooting,0,3,-3,NO
Business & Marketing,device drivers,0,3,-3,NO
Business & Marketing,system administrator,0,3,-3,NO
Business & Marketing,environmental science,0,3,-3,NO
Business & Marketing,computer networks,0,3,-3,NO
Business & Marketing,networking: tcp/ip,0,3,-3,NO
Business & Marketing,pdf: adobe reader / adobe acrobat x,0,3,-3,NO
Business & Marketing,technical reviews,0,3,-3,NO
Business & Marketing,vista),0,3,-3,NO
Business & Marketing,fabrication,0,3,-3,NO
Business & Marketing,technical communication skills - bug triage,0,3,-3,NO
Business & Marketing,junit,0,3,-3,NO
Business & Marketing,wireless,0,3,-3,NO
Business & Marketing,iis 6,0,3,-3,NO
Business & Marketing,rest apis (graphql),0,3,-3,NO
Business & Marketing,resolve customer complaints,0,3,-3,NO
Business & Marketing,recruiting,0,3,-3,NO
Business & Marketing,grinders,0,3,-3,NO
Business & Marketing,chrome,0,3,-3,NO
Business & Marketing,real time embedded,0,3,-3,NO
Business & Marketing,powerworld,0,3,-3,NO
Business & Marketing,engineering standards expert,0,3,-3,NO
Business & Marketing,scada,0,3,-3,NO
Business & Marketing,peer review,0,3,-3,NO
Business & Marketing,pascal,0,3,-3,NO
Business & Marketing,automated testing,0,3,-3,NO
Business & Marketing,critical thinking with root cause analysis,0,3,-3,NO
Business & Marketing,google apps (drive,0,3,-3,NO
Business & Marketing,analytics,0,3,-3,NO
Business & Marketing,advanced problem solving abilities,0,3,-3,NO
Business & Marketing,professional demeanor,0,3,-3,NO
Business & Marketing,ms power point,0,3,-3,NO
Business & Marketing,procedure writing,0,3,-3,NO
Business & Marketing,technical proposal writing skills,0,3,-3,NO
Business & Marketing,32 and 64 slice cts,0,3,-3,NO
Business & Marketing,iso 9000,0,3,-3,NO
Business & Marketing,to check preparation and mailing,0,3,-3,NO
Business & Marketing,sublime text,0,3,-3,NO
Business & Marketing,configuration,0,3,-3,NO
Business & Marketing,computer applications,0,3,-3,NO
Business & Marketing,hyperion essbase,0,3,-3,NO
Business & Marketing,design and drafting of custom seal solutions,0,3,-3,NO
Business & Marketing,dependable,0,3,-3,NO
Business & Marketing,falcon dust-off compressed gas duster,0,3,-3,NO
Business & Marketing,erp-sap,0,3,-3,NO
Business & Marketing,gpu,0,3,-3,NO
Business & Marketing,clustering analysis,0,3,-3,NO
Business & Marketing,version control tools: git-bash,0,3,-3,NO
Business & Marketing,iso 8583,0,3,-3,NO
Business & Marketing,node.js,0,3,-3,NO
Business & Marketing,approval by appropriate party,0,3,-3,NO
Business & Marketing,geometric dimensioning,0,3,-3,NO
Business & Marketing,videoscribe software,0,3,-3,NO
Business & Marketing,orthopedics,0,3,-3,NO
Business & Marketing,ability to take initiative and exhibit flexibility.,0,3,-3,NO
Business & Marketing,aws(emr,0,3,-3,NO
Business & Marketing,staff training/development,0,3,-3,NO
Business & Marketing,using specialized accounting software.,0,3,-3,NO
Business & Marketing,financial planner,0,3,-3,NO
Business & Marketing,brake repair and replacement,0,3,-3,NO
Business & Marketing,fiscal management,0,3,-3,NO
Business & Marketing,pivot table,0,3,-3,NO
Business & Marketing,usability testing,0,3,-3,NO
Business & Marketing,problem-solver,0,3,-3,NO
Business & Marketing,machine learning engineering,0,3,-3,NO
Business & Marketing,skilled in the operation of workstations and servers,0,3,-3,NO
Business & Marketing,account management and development,0,3,-3,NO
Business & Marketing,interviewing techniques,0,3,-3,NO
Business & Marketing,fixed asset solutions software,0,3,-3,NO
Business & Marketing,iworks,0,3,-3,NO
Business & Marketing,interpersonal and communication skills,0,3,-3,NO
Business & Marketing,coded the general ledger and processed vendor invoice payments.,0,3,-3,NO
Business & Marketing,have interpersonal skills to deal effectively with all business contacts.,0,3,-3,NO
Business & Marketing,excel training,0,3,-3,NO
Business & Marketing,technical report writing,0,3,-3,NO
Business & Marketing,desktop support,0,3,-3,NO
Business & Marketing,clinical research,0,3,-3,NO
Business & Marketing,dmf and project work process,0,3,-3,NO
Business & Marketing,aspen,0,3,-3,NO
Business & Marketing,database administration,0,3,-3,NO
Business & Marketing,revit,0,3,-3,NO
Business & Marketing,some experience with authentication protocols (radius / tacacs),0,3,-3,NO
Business & Marketing,responsible for preparing and posting entries for the daily posting packet,0,3,-3,NO
Business & Marketing,itil v,0,3,-3,NO
Business & Marketing,strong management skills,0,3,-3,NO
Business & Marketing,mechanical repair,0,3,-3,NO
Business & Marketing,ibm/lenovo,0,3,-3,NO
Business & Marketing,content development,0,3,-3,NO
Business & Marketing,some basic cisco ios,0,3,-3,NO
Business & Marketing,p & l management,0,3,-3,NO
Business & Marketing,windows (95,0,3,-3,NO
Business & Marketing,strong leadership skills,0,3,-3,NO
Business & Marketing,team-oriented,0,3,-3,NO
Business & Marketing,tenacity,0,3,-3,NO
Business & Marketing,lstms,0,3,-3,NO
Business & Marketing,mas 90,0,3,-3,NO
Business & Marketing,ssms,0,3,-3,NO
Business & Marketing,toyota production systems,0,3,-3,NO
Business & Marketing,market analysis,0,3,-3,NO
Business & Marketing,law enforcement,0,3,-3,NO
Business & Marketing,retail sales,0,3,-3,NO
Business & Marketing,managerial accounting,0,3,-3,NO
Business & Marketing,voyager),0,3,-3,NO
Business & Marketing,paperless proposals,0,3,-3,NO
Business & Marketing,database software,0,3,-3,NO
Business & Marketing,financial audits,0,3,-3,NO
Business & Marketing,technical program management,0,3,-3,NO
Business & Marketing,project management lifecycle,0,3,-3,NO
Business & Marketing,prosystem,0,3,-3,NO
Business & Marketing,tesseract,0,3,-3,NO
Business & Marketing,unix shell scripting (bash),0,3,-3,NO
Business & Marketing,fiber optics,0,3,-3,NO
Business & Marketing,vi,0,3,-3,NO
Business & Marketing,power user of microsoft excel epicor netsuite quickbooks hyperion great plains sage intacct,0,3,-3,NO
Business & Marketing,series analysis,0,3,-3,NO
Business & Marketing,katalon studio,0,3,-3,NO
Business & Marketing,technology architecture analysis,0,3,-3,NO
Business & Marketing,concur,0,3,-3,NO
Business & Marketing,initiative to work independently,0,3,-3,NO
Business & Marketing,sarbanesoxley,0,3,-3,NO
Business & Marketing,ndt level ii,0,3,-3,NO
Business & Marketing,catsweb,0,3,-3,NO
Business & Marketing,media relations,0,3,-3,NO
Business & Marketing,google documents,0,3,-3,NO
Business & Marketing,superior analytical skills,0,3,-3,NO
Business & Marketing,a highly motivated and energetic personality.,0,3,-3,NO
Business & Marketing,employee training,0,3,-3,NO
Business & Marketing,microsoft access 2010,0,3,-3,NO
Business & Marketing,mechanical theory,0,3,-3,NO
Business & Marketing,telecommunication,0,3,-3,NO
Business & Marketing,analytical and logical,0,3,-3,NO
Business & Marketing,the sales,0,3,-3,NO
Business & Marketing,financial analysis/planning,0,3,-3,NO
Business & Marketing,cost-benefit analysis,0,3,-3,NO
Business & Marketing,telecom,0,3,-3,NO
Business & Marketing,ubuntu 14.04,0,3,-3,NO
Business & Marketing,database management system and administration,0,3,-3,NO
Business & Marketing,emacs,0,3,-3,NO
Business & Marketing,managing releases,0,3,-3,NO
Business & Marketing,nanovision,0,3,-3,NO
Business & Marketing,98,0,3,-3,NO
Business & Marketing,pcb,0,3,-3,NO
Business & Marketing,functional block diagram,0,3,-3,NO
Business & Marketing,g/l,0,3,-3,NO
Business & Marketing,cloud management,0,3,-3,NO
Business & Marketing,cmpro,0,3,-3,NO
Business & Marketing,research and development,0,3,-3,NO
Business & Marketing,facility and plant modifications,0,3,-3,NO
Business & Marketing,insights,0,3,-3,NO
Business & Marketing,xls data input,0,3,-3,NO
Business & Marketing,microsoft office (word,0,3,-3,NO
Business & Marketing,decisive leader,0,3,-3,NO
Business & Marketing,visual test,0,3,-3,NO
Business & Marketing,designer 2000,0,3,-3,NO
Business & Marketing,scientific,0,3,-3,NO
Business & Marketing,exchange,0,3,-3,NO
Business & Marketing,loss optimization,0,3,-3,NO
Business & Marketing,textpad,0,3,-3,NO
Business & Marketing,improving accounting and internal control systems,0,3,-3,NO
Business & Marketing,assisted the cfo with the production of the monthly financials,0,3,-3,NO
Business & Marketing,jmeter,0,3,-3,NO
Business & Marketing,traceability matrix,0,3,-3,NO
Business & Marketing,hpc,0,3,-3,NO
Business & Marketing,troubleshooting windows,0,3,-3,NO
Business & Marketing,cdi,0,3,-3,NO
Business & Marketing,leadership mentoring,0,3,-3,NO
Business & Marketing,k-means,0,3,-3,NO
Business & Marketing,ppap,0,3,-3,NO
Business & Marketing,lan/wan,0,3,-3,NO
Business & Marketing,excellent writing skills,0,3,-3,NO
Business & Marketing,microsoft office: word / advanced ms excel skills /ms access / powerpoint / outlook,0,3,-3,NO
Business & Marketing,ipsec,0,3,-3,NO
Business & Marketing,s3),0,3,-3,NO
Business & Marketing,marketing & sales,0,3,-3,NO
Business & Marketing,html 5,0,3,-3,NO
Business & Marketing,echimp,0,3,-3,NO
Business & Marketing,managing multiple priorities,0,3,-3,NO
Business & Marketing,retail analytics,0,3,-3,NO
Business & Marketing,pro series,0,3,-3,NO
Business & Marketing,accounts and group policy,0,3,-3,NO
Business & Marketing,employee training and development,0,3,-3,NO
Business & Marketing,act!,0,3,-3,NO
Business & Marketing,water quality,0,3,-3,NO
Business & Marketing,business systems,0,3,-3,NO
Business & Marketing,dropbox,0,3,-3,NO
Business & Marketing,switchgear,0,3,-3,NO
Business & Marketing,proxmox,0,3,-3,NO
Business & Marketing,icims,0,3,-3,NO
Business & Marketing,implementing,0,3,-3,NO
Business & Marketing,prepares analyses as requested by manager and other departments,0,3,-3,NO
Business & Marketing,global shop,0,3,-3,NO
Business & Marketing,basic financial and operational reporting,0,3,-3,NO
Business & Marketing,grading and evaluation,0,3,-3,NO
Business & Marketing,powersteering,0,3,-3,NO
Business & Marketing,experienced with microsoft office - word,0,3,-3,NO
Business & Marketing,dbase iv,0,3,-3,NO
Business & Marketing,vendor management,0,3,-3,NO
Business & Marketing,white papers,0,3,-3,NO
Business & Marketing,safety compliance,0,3,-3,NO
Business & Marketing,portfolio analysis,0,3,-3,NO
Business & Marketing,process improvement/simplification,0,3,-3,NO
Business & Marketing,ports,0,3,-3,NO
Business & Marketing,as 400,0,3,-3,NO
Business & Marketing,develop drug,0,3,-3,NO
Business & Marketing,quest,0,3,-3,NO
Business & Marketing,struts,0,3,-3,NO
Business & Marketing,financial planning and analysis,0,3,-3,NO
Business & Marketing,lxc,0,3,-3,NO
Business & Marketing,administration of windows 2000 server,0,3,-3,NO
Business & Marketing,sensor,0,3,-3,NO
Business & Marketing,investor relations,0,3,-3,NO
Business & Marketing,marketing strategy,0,3,-3,NO
Business & Marketing,atlas,0,3,-3,NO
Business & Marketing,processing corporate visa accounts for payment,0,3,-3,NO
Business & Marketing,integration testing,0,3,-3,NO
Business & Marketing,inspections,0,3,-3,NO
Business & Marketing,financial risk management,0,3,-3,NO
Business & Marketing,networking support,0,3,-3,NO
Business & Marketing,leadership development program,0,3,-3,NO
Business & Marketing,business development & sales leadership,0,3,-3,NO
Business & Marketing,data cleansing,0,3,-3,NO
Business & Marketing,success factors lms,0,3,-3,NO
Business & Marketing,strategy/planning,0,3,-3,NO
Business & Marketing,dmm,0,3,-3,NO
Business & Marketing,government contracts,0,3,-3,NO
Business & Marketing,yearend,0,3,-3,NO
Business & Marketing,ibm rationale doors,0,3,-3,NO
Business & Marketing,ultra tax,0,3,-3,NO
Business & Marketing,usda,0,3,-3,NO
Business & Marketing,maintains files,0,3,-3,NO
Business & Marketing,upgrading of hardware,0,3,-3,NO
Business & Marketing,instructional design,0,3,-3,NO
Business & Marketing,so ware development,0,3,-3,NO
Business & Marketing,curriculum development,0,3,-3,NO
Business & Marketing,customer engagement,0,3,-3,NO
Business & Marketing,adp payroll,0,3,-3,NO
Business & Marketing,accountable for,0,3,-3,NO
Business & Marketing,research support,0,3,-3,NO
Business & Marketing,lending,0,3,-3,NO
Business & Marketing,established track record of exceptional sales results,0,3,-3,NO
Business & Marketing,mathematical modeling,0,3,-3,NO
Business & Marketing,payment terminals: verifone,0,3,-3,NO
Business & Marketing,office manager,0,3,-3,NO
Business & Marketing,eit,0,3,-3,NO
Business & Marketing,drilling engineering,0,3,-3,NO
Business & Marketing,upgrading,0,3,-3,NO
Business & Marketing,six-sigma,0,3,-3,NO
Business & Marketing,sites),0,3,-3,NO
Business & Marketing,sql developer,0,3,-3,NO
Business & Marketing,client development,0,3,-3,NO
Business & Marketing,test and troubleshoot ac/dc circuits,0,3,-3,NO
Business & Marketing,access database queries & data mining,0,3,-3,NO
Business & Marketing,ms office: pivot tables,0,3,-3,NO
Business & Marketing,advanced data analytics,0,3,-3,NO
Business & Marketing,financing,0,3,-3,NO
Business & Marketing,engineering standards,0,3,-3,NO
Business & Marketing,stat graphics,0,3,-3,NO
Business & Marketing,credit risk modeling,0,3,-3,NO
Business & Marketing,ability to lead and motivate a team,0,3,-3,NO
Business & Marketing,database systems,0,3,-3,NO
Business & Marketing,discrete mathematics,0,3,-3,NO
Business & Marketing,systems administration,0,3,-3,NO
Business & Marketing,journal,0,3,-3,NO
Business & Marketing,advanced critical thinking,0,3,-3,NO
Business & Marketing,key account management,0,3,-3,NO
Business & Marketing,trend,0,3,-3,NO
Business & Marketing,key management,0,3,-3,NO
Business & Marketing,ability to translate technical specifications,0,3,-3,NO
Business & Marketing,virtual systems: vmware,0,3,-3,NO
Business & Marketing,printers & scanners,0,3,-3,NO
Business & Marketing,programming tools: python,0,3,-3,NO
Business & Marketing,repair and maintenance practice,0,3,-3,NO
Business & Marketing,technician v,0,3,-3,NO
Business & Marketing,knowledge of manufacturing test methodologies.,0,3,-3,NO
Business & Marketing,linux and os,0,3,-3,NO
Business & Marketing,de-bugging,0,3,-3,NO
Business & Marketing,clarity,0,3,-3,NO
Business & Marketing,structured software,0,3,-3,NO
Business & Marketing,scheduling appointments,0,3,-3,NO
Business & Marketing,pages,0,3,-3,NO
Business & Marketing,linux and os x,0,3,-3,NO
Business & Marketing,sps,0,3,-3,NO
Business & Marketing,tornado,0,3,-3,NO
Business & Marketing,networking i,0,3,-3,NO
Business & Marketing,vsphere,0,3,-3,NO
Business & Marketing,ms outlook,0,3,-3,NO
Business & Marketing,mdfs,0,3,-3,NO
Business & Marketing,devops,0,3,-3,NO
Business & Marketing,nics,0,3,-3,NO
Business & Marketing,helioscope,0,3,-3,NO
Business & Marketing,telephones,0,3,-3,NO
Business & Marketing,architecture,0,3,-3,NO
Business & Marketing,microsoft office - word,0,3,-3,NO
Business & Marketing,ptc creo),0,3,-3,NO
Business & Marketing,proe,0,3,-3,NO
Business & Marketing,preparing financial reports,0,3,-3,NO
Business & Marketing,fraud detection,0,3,-3,NO
Business & Marketing,qcc,0,3,-3,NO
Business & Marketing,production process,0,3,-3,NO
Business & Marketing,live electrical,0,3,-3,NO
Business & Marketing,sheet metal,0,3,-3,NO
Business & Marketing,troubles,0,3,-3,NO
Business & Marketing,mortgage lending,0,3,-3,NO
Business & Marketing,astm material testing and chemical evaluations of materials,0,3,-3,NO
Business & Marketing,network security,0,3,-3,NO
Business & Marketing,excellent communication,0,3,-3,NO
Business & Marketing,venture capital,0,3,-3,NO
Business & Marketing,traffic control and state highway database,0,3,-3,NO
Business & Marketing,experience with autocad,0,3,-3,NO
Business & Marketing,supervisory control and data acquisition,0,3,-3,NO
Business & Marketing,5s,0,3,-3,NO
Business & Marketing,iterative,0,3,-3,NO
Business & Marketing,active noise cancelling (anc),0,3,-3,NO
Business & Marketing,microsoft excel expert - pivot tables,0,3,-3,NO
Business & Marketing,hive(hql),0,3,-3,NO
Business & Marketing,siemens plc,0,3,-3,NO
Business & Marketing,agile coach,0,3,-3,NO
Business & Marketing,mac ios,0,3,-3,NO
Business & Marketing,troubleshooting soho networks,0,3,-3,NO
Business & Marketing,wall paper,0,3,-3,NO
Business & Marketing,and irregularities to provide accurate records for tfcu and its service organizations,0,3,-3,NO
Business & Marketing,advanced knowledge of embedded systems,0,3,-3,NO
Business & Marketing,excellent negotiating tactics,0,3,-3,NO
Business & Marketing,sales force,0,3,-3,NO
Business & Marketing,proficient with microsoft word,0,3,-3,NO
Business & Marketing,ms visual basic,0,3,-3,NO
Business & Marketing,9900 portable c-arm,0,3,-3,NO
Business & Marketing,maintain documentation,0,3,-3,NO
Business & Marketing,research scientist,0,3,-3,NO
Business & Marketing,system configuration,0,3,-3,NO
Business & Marketing,mortgage banking,0,3,-3,NO
Business & Marketing,the sale,0,3,-3,NO
Business & Marketing,relational databases,0,3,-3,NO
Business & Marketing,qa testing,0,3,-3,NO
Business & Marketing,market share,0,3,-3,NO
Business & Marketing,gantt chart scheduler,0,3,-3,NO
Business & Marketing,prediction modelling,0,3,-3,NO
Business & Marketing,wsam-dc fiber,0,3,-3,NO
Business & Marketing,manages the accounts payable function - including employee/volunteer reimbursement - from processing incoming invoices,0,3,-3,NO
Business & Marketing,read blueprints,0,3,-3,NO
Business & Marketing,asset keeper pro software,0,3,-3,NO
Business & Marketing,social networks,0,3,-3,NO
Business & Marketing,openssh,0,3,-3,NO
Business & Marketing,qa engineering,0,3,-3,NO
Business & Marketing,remedy,0,3,-3,NO
Business & Marketing,iec 61131 (ladder logic,0,3,-3,NO
Business & Marketing,pc hardware and software installation,0,3,-3,NO
Business & Marketing,excellent at networking,0,3,-3,NO
Business & Marketing,fds,0,3,-3,NO
Business & Marketing,ms-dos,0,3,-3,NO
Business & Marketing,mapreduce,0,3,-3,NO
Business & Marketing,total quality management,0,3,-3,NO
Business & Marketing,2008-2010,0,3,-3,NO
Business & Marketing,ms exchange,0,3,-3,NO
Business & Marketing,development,0,3,-3,NO
Business & Marketing,ccp,0,3,-3,NO
Business & Marketing,microsoft dynamics,0,3,-3,NO
Business & Marketing,trackwise,0,3,-3,NO
Business & Marketing,receptionist,0,3,-3,NO
Business & Marketing,detail oriented,0,3,-3,NO
Business & Marketing,oracledb,0,3,-3,NO
Business & Marketing,office party and event planning,0,3,-3,NO
Business & Marketing,test equipment repair and operation,0,3,-3,NO
Business & Marketing,hls,0,3,-3,NO
Business & Marketing,web application development,0,3,-3,NO
Business & Marketing,e-commerce,0,3,-3,NO
Business & Marketing,organized and detail-oriented,0,3,-3,NO
Business & Marketing,seasoned leadership,0,3,-3,NO
Business & Marketing,sales analysis,0,3,-3,NO
Business & Marketing,windows 95,0,3,-3,NO
Business & Marketing,out of the box thinking,0,3,-3,NO
Business & Marketing,mozilla thunderbird,0,3,-3,NO
Business & Marketing,good team player,0,3,-3,NO
Business & Marketing,google docs,0,3,-3,NO
Business & Marketing,object-oriented programming,0,3,-3,NO
Business & Marketing,office equipment,0,3,-3,NO
Business & Marketing,server management,0,3,-3,NO
Business & Marketing,kpi,0,3,-3,NO
Business & Marketing,utp,0,3,-3,NO
Business & Marketing,requirement analysis (static testing),0,3,-3,NO
Business & Marketing,sql navigator,0,3,-3,NO
Business & Marketing,julia,0,3,-3,NO
Business & Marketing,detail-oriented understanding that any downtime must be minimized if not avoidable,0,3,-3,NO
Business & Marketing,project manager,0,3,-3,NO
Business & Marketing,educated,0,3,-3,NO
Business & Marketing,macess,0,3,-3,NO
Business & Marketing,pl/sql,0,3,-3,NO
Business & Marketing,comfortable working at heights and odd locations,0,3,-3,NO
Business & Marketing,sales and management,0,3,-3,NO
Business & Marketing,customer service skills,0,3,-3,NO
Business & Marketing,and account,0,3,-3,NO
Business & Marketing,systems design i,0,3,-3,NO
Business & Marketing,usability,0,3,-3,NO
Business & Marketing,creating & updating documentation,0,3,-3,NO
Business & Marketing,ability to work in a team structure,0,3,-3,NO
Business & Marketing,white box,0,3,-3,NO
Business & Marketing,coach,0,3,-3,NO
Business & Marketing,mobile device support,0,3,-3,NO
Business & Marketing,net,0,3,-3,NO
Business & Marketing,optistruct),0,3,-3,NO
Business & Marketing,production engineering,0,3,-3,NO
Business & Marketing,etl,0,3,-3,NO
Business & Marketing,ability of managing multi tasks,0,3,-3,NO
Business & Marketing,rigging,0,3,-3,NO
Business & Marketing,tally,0,3,-3,NO
Business & Marketing,contextual reasoning,0,3,-3,NO
Business & Marketing,middle school & high school math,0,3,-3,NO
Business & Marketing,program development,0,3,-3,NO
Business & Marketing,troubleshoot and identify faulty capacitors,0,3,-3,NO
Business & Marketing,performance management,0,3,-3,NO
Business & Marketing,pr soft,0,3,-3,NO
Business & Marketing,metrics,0,3,-3,NO
Business & Marketing,cluster analysis,0,3,-3,NO
Business & Marketing,software practice i/ii,0,3,-3,NO
Business & Marketing,etap,0,3,-3,NO
Business & Marketing,and write),0,3,-3,NO
Business & Marketing,market planning,0,3,-3,NO
Business & Marketing,digital tv,0,3,-3,NO
Business & Marketing,gd&t,0,3,-3,NO
Business & Marketing,lotus i,0,3,-3,NO
Business & Marketing,jvm,0,3,-3,NO
Business & Marketing,adobe creative suite,0,3,-3,NO
Business & Marketing,strong attention to detail,0,3,-3,NO
Business & Marketing,circuit boards,0,3,-3,NO
Business & Marketing,bugzilla,0,3,-3,NO
Business & Marketing,contract negotiations,0,3,-3,NO
Business & Marketing,therapy,0,3,-3,NO
Business & Marketing,presenting,0,3,-3,NO
Business & Marketing,horizontal,0,3,-3,NO
Business & Marketing,voice,0,3,-3,NO
Business & Marketing,sharepoint use experience,0,3,-3,NO
Business & Marketing,ocr,0,3,-3,NO
Business & Marketing,mainframe,0,3,-3,NO
Business & Marketing,slides,0,3,-3,NO
Business & Marketing,ethernet,0,3,-3,NO
Business & Marketing,marketing strategist,0,3,-3,NO
Business & Marketing,kek,0,3,-3,NO
Business & Marketing,flash,0,3,-3,NO
Business & Marketing,excel in areas of expertise,0,3,-3,NO
Business & Marketing,typing speed,0,3,-3,NO
Business & Marketing,autocad civil 3d,0,3,-3,NO
Business & Marketing,sales objectives,0,3,-3,NO
Business & Marketing,microsoft office suite (2013),0,3,-3,NO
Business & Marketing,skill 2,0,3,-3,NO
Business & Marketing,configuring network and end user security,0,3,-3,NO
Business & Marketing,budget 5,0,3,-3,NO
Business & Marketing,book keeping,0,3,-3,NO
Business & Marketing,reliable,0,3,-3,NO
Business & Marketing,advertisements,0,3,-3,NO
Business & Marketing,skills,0,3,-3,NO
Business & Marketing,and works with branch staff to ensure incoming wires are posted and resolve issues,0,3,-3,NO
Business & Marketing,neural,0,3,-3,NO
Business & Marketing,lotus,0,3,-3,NO
Business & Marketing,cd-rom,0,3,-3,NO
Business & Marketing,and identifies and resolves errors,0,3,-3,NO
Business & Marketing,profit pluss 2k8,0,3,-3,NO
Business & Marketing,apache pig,0,3,-3,NO
Business & Marketing,firstdata certpro and more,0,3,-3,NO
Business & Marketing,os x 10.8-10.11,0,3,-3,NO
Business & Marketing,desktops,0,3,-3,NO
Business & Marketing,blackboard,0,3,-3,NO
Business & Marketing,assemble/disassemble pcs and electronics to the component level,0,3,-3,NO
Business & Marketing,ms office suite (word,0,3,-3,NO
Business & Marketing,image segmentation,0,3,-3,NO
Business & Marketing,articles,0,3,-3,NO
Business & Marketing,ms frontpage,0,3,-3,NO
Business & Marketing,safety codes,0,3,-3,NO
Business & Marketing,flask api,0,3,-3,NO
Business & Marketing,maintenance management,0,3,-3,NO
Business & Marketing,k-means clustering,0,3,-3,NO
Business & Marketing,project planning and management,0,3,-3,NO
Business & Marketing,programming languages,0,3,-3,NO
Business & Marketing,failure modes and effective analysis (fmea),0,3,-3,NO
Business & Marketing,conflict management,0,3,-3,NO
Business & Marketing,pfd,0,3,-3,NO
Business & Marketing,pq,0,3,-3,NO
Business & Marketing,forklift,0,3,-3,NO
Business & Marketing,competitive analysis,0,3,-3,NO
Business & Marketing,information systems,0,3,-3,NO
Business & Marketing,loans,0,3,-3,NO
Business & Marketing,responds to inquiries from that manager regarding budgeted and actual expenses,0,3,-3,NO
Business & Marketing,functional requirements,0,3,-3,NO
Business & Marketing,production analytics,0,3,-3,NO
Business & Marketing,meeting facilitation,0,3,-3,NO
Business & Marketing,reactjs,0,3,-3,NO
Business & Marketing,public relations software: bacons mediasource,0,3,-3,NO
Business & Marketing,pro e,0,3,-3,NO
Business & Marketing,machining,0,3,-3,NO
Business & Marketing,attention to detail,0,3,-3,NO
Business & Marketing,msa,0,3,-3,NO
Business & Marketing,building commissioning experience,0,3,-3,NO
Business & Marketing,omissions,0,3,-3,NO
Business & Marketing,torquisesvn,0,3,-3,NO
Business & Marketing,influencing and negotiation,0,3,-3,NO
Business & Marketing,product development and design,0,3,-3,NO
Business & Marketing,verifies those wires have all required documentation,0,3,-3,NO
Business & Marketing,sap fi,0,3,-3,NO
Business & Marketing,scripting,0,3,-3,NO
Business & Marketing,engineering management,0,3,-3,NO
Business & Marketing,acquisitions,0,3,-3,NO
Business & Marketing,sap r/3,0,3,-3,NO
Business & Marketing,heat,0,3,-3,NO
Business & Marketing,underwriting,0,3,-3,NO
Business & Marketing,ceridian,0,3,-3,NO
Business & Marketing,business associate,0,3,-3,NO
Business & Marketing,staff development/leadership,0,3,-3,NO
Business & Marketing,microwave,0,3,-3,NO
Business & Marketing,software quality engineer,0,3,-3,NO
Business & Marketing,business operations,0,3,-3,NO
Business & Marketing,icgs / idds,0,3,-3,NO
Business & Marketing,integrating content protection systems,0,3,-3,NO
Business & Marketing,strategy consulting,0,3,-3,NO
Business & Marketing,researched and resolved billing and invoice problems.,0,3,-3,NO
Business & Marketing,laundry,0,3,-3,NO
Business & Marketing,lucidchart,0,3,-3,NO
Business & Marketing,file structures,0,3,-3,NO
Business & Marketing,osi,0,3,-3,NO
Business & Marketing,strong requirement tracing,0,3,-3,NO
Business & Marketing,applied machine learning,0,3,-3,NO
Business & Marketing,internal medicine,0,3,-3,NO
Business & Marketing,ats,0,3,-3,NO
Business & Marketing,ruby on rails,0,3,-3,NO
Business & Marketing,project coordination,0,3,-3,NO
Business & Marketing,payroll mate,0,3,-3,NO
Business & Marketing,941 withholding accounting,0,3,-3,NO
Business & Marketing,tsys certifynow,0,3,-3,NO
Business & Marketing,yarn,0,3,-3,NO
Business & Marketing,labor relations,0,3,-3,NO
Business & Marketing,maintain and document.,0,3,-3,NO
Business & Marketing,skill 3,0,3,-3,NO
Business & Marketing,data gathering,0,3,-3,NO
Business & Marketing,ms-excel,0,3,-3,NO
Business & Marketing,lesson planning,0,3,-3,NO
Business & Marketing,react native,0,3,-3,NO
Business & Marketing,management training,0,3,-3,NO
Business & Marketing,adobe dreamweaver,0,3,-3,NO
Business & Marketing,equipment inventory,0,3,-3,NO
Business & Marketing,data insights,0,3,-3,NO
Business & Marketing,ibm-aix,0,3,-3,NO
Business & Marketing,vcms,0,3,-3,NO
Business & Marketing,excellent time management skills,0,3,-3,NO
Business & Marketing,payroll experts,0,3,-3,NO
Business & Marketing,automated test scripts,0,3,-3,NO
Business & Marketing,lighting designs using visual professional,0,3,-3,NO
Business & Marketing,core java,0,3,-3,NO
Business & Marketing,processes outgoing and incoming wires,0,3,-3,NO
Business & Marketing,weka,0,3,-3,NO
Business & Marketing,pax and innowi,0,3,-3,NO
Business & Marketing,basis,0,3,-3,NO
Business & Marketing,maple,0,3,-3,NO
Business & Marketing,training material,0,3,-3,NO
Business & Marketing,key decision making,0,3,-3,NO
Business & Marketing,new products,0,3,-3,NO
Business & Marketing,user centered design,0,3,-3,NO
Business & Marketing,full accounting cycle,0,3,-3,NO
Business & Marketing,chasepaymentech,0,3,-3,NO
Business & Marketing,data transition,0,3,-3,NO
Business & Marketing,contract management,0,3,-3,NO
Business & Marketing,azure data factory,0,3,-3,NO
Business & Marketing,wago codesys,0,3,-3,NO
Business & Marketing,managed sales,0,3,-3,NO
Business & Marketing,.ney(vb,0,3,-3,NO
Business & Marketing,input into the system,0,3,-3,NO
Business & Marketing,scrum master,0,3,-3,NO
Business & Marketing,jquery,0,3,-3,NO
Business & Marketing,interpersonal communications,0,3,-3,NO
Business & Marketing,algorithm design,0,3,-3,NO
Business & Marketing,executive presentations,0,3,-3,NO
Business & Marketing,performance tracking and evaluation,0,3,-3,NO
Business & Marketing,automotive,0,3,-3,NO
Business & Marketing,sql server 2008,0,3,-3,NO
Business & Marketing,advanced engineering knowledge,0,3,-3,NO
Business & Marketing,decorating,0,3,-3,NO
Business & Marketing,self-motivation,0,3,-3,NO
Business & Marketing,training program implementation,0,3,-3,NO
Business & Marketing,multi-line telephone,0,3,-3,NO
Business & Marketing,primary care,0,3,-3,NO
Business & Marketing,control system design,0,3,-3,NO
Business & Marketing,5 why,0,3,-3,NO
Business & Marketing,aramark service trained on ge amx 4 and amx4+ portable xr unit,0,3,-3,NO
Business & Marketing,oracle financials,0,3,-3,NO
Business & Marketing,creativity,0,3,-3,NO
Business & Marketing,analytical thinking,0,3,-3,NO
Business & Marketing,tear,0,3,-3,NO
Business & Marketing,preventive maintenance,0,3,-3,NO
Business & Marketing,test scenario engineering,0,3,-3,NO
Business & Marketing,toad,0,3,-3,NO
Business & Marketing,digital communications with fiber optics,0,3,-3,NO
Business & Marketing,sales strategies,0,3,-3,NO
Business & Marketing,oracle experience,0,3,-3,NO
Business & Marketing,pico or suri,0,3,-3,NO
Business & Marketing,webex,0,3,-3,NO
Business & Marketing,chemical engineering technician,0,3,-3,NO
Business & Marketing,netgear,0,3,-3,NO
Business & Marketing,vbs,0,3,-3,NO
Business & Marketing,mis reporting,0,3,-3,NO
Business & Marketing,google drive sync client,0,3,-3,NO
Business & Marketing,operating systems: unix-aix,0,3,-3,NO
Business & Marketing,effective multitasking,0,3,-3,NO
Business & Marketing,aci- adm,0,3,-3,NO
Business & Marketing,database and tools: oracle 11g,0,3,-3,NO
Business & Marketing,quality management system implementation,0,3,-3,NO
Business & Marketing,product project management,0,3,-3,NO
Business & Marketing,profit and loss statement,0,3,-3,NO
Business & Marketing,cases,0,3,-3,NO
Business & Marketing,financials budgeting & forecasting,0,3,-3,NO
Business & Marketing,service orientation,0,3,-3,NO
Business & Marketing,sanity testing,0,3,-3,NO
Business & Marketing,redmine,0,3,-3,NO
Business & Marketing,equipment calibration,0,3,-3,NO
Business & Marketing,timberline software,0,3,-3,NO
Business & Marketing,fluent in english,0,3,-3,NO
Business & Marketing,logo,0,3,-3,NO
Business & Marketing,ti),0,3,-3,NO
Business & Marketing,vmware,0,3,-3,NO
Business & Marketing,script,0,3,-3,NO
Business & Marketing,access control,0,3,-3,NO
Business & Marketing,demand creation pursuits,0,3,-3,NO
Business & Marketing,database management system,0,3,-3,NO
Business & Marketing,test and measurement equipment,0,3,-3,NO
Business & Marketing,dts,0,3,-3,NO
Business & Marketing,ss7,0,3,-3,NO
Business & Marketing,kubeflow,0,3,-3,NO
Business & Marketing,cch & ria tax research,0,3,-3,NO
Business & Marketing,search algorithms,0,3,-3,NO
Business & Marketing,execute,0,3,-3,NO
Business & Marketing,myob,0,3,-3,NO
Business & Marketing,video conferencing,0,3,-3,NO
Business & Marketing,system originated interfaces refers to the credit union owned system as well as external systems,0,3,-3,NO
Business & Marketing,experience in routing & switching (ospf / bgp / vlan / stp),0,3,-3,NO
Business & Marketing,process development,0,3,-3,NO
Business & Marketing,accounting software: peoplesoft / quickbooks,0,3,-3,NO
Business & Marketing,various erp systems,0,3,-3,NO
Business & Marketing,verifies and balances system originated interfaces and posts non-system generated transactions prepared from other sources,0,3,-3,NO
Business & Marketing,engineering design,0,3,-3,NO
Business & Marketing,iso9001 and as9100 auditing,0,3,-3,NO
Business & Marketing,numerical analysis,0,3,-3,NO
Business & Marketing,browser support,0,3,-3,NO
Business & Marketing,circuit design and analysis,0,3,-3,NO
Business & Marketing,virtual machine,0,3,-3,NO
Business & Marketing,npi/jdm/odm,0,3,-3,NO
Business & Marketing,class,0,3,-3,NO
Business & Marketing,microphones,0,3,-3,NO
Business & Marketing,adobe analytics,0,3,-3,NO
Business & Marketing,gd & t,0,3,-3,NO
Business & Marketing,chemistry,0,3,-3,NO
Business & Marketing,data computation libraries in python,0,3,-3,NO
Business & Marketing,investment banking,0,3,-3,NO
Business & Marketing,oracle 12c,0,3,-3,NO
Business & Marketing,learning management: saba lms,0,3,-3,NO
Business & Marketing,3d,0,3,-3,NO
Business & Marketing,executive management support,0,3,-3,NO
Business & Marketing,autodesk inventor,0,3,-3,NO
Business & Marketing,federal government experience,0,3,-3,NO
Business & Marketing,medical devices,0,3,-3,NO
Business & Marketing,maintaining inventory,0,3,-3,NO
Business & Marketing,apache,0,3,-3,NO
Business & Marketing,verilog hardware language,0,3,-3,NO
Business & Marketing,business case,0,3,-3,NO
Business & Marketing,data visualisation,0,3,-3,NO
Business & Marketing,data view,0,3,-3,NO
Business & Marketing,six sigma green belt,0,3,-3,NO
Business & Marketing,and humidity,0,3,-3,NO
Business & Marketing,quality engineer,0,3,-3,NO
Business & Marketing,toshiba certified service trained on siemens e-cam nuclear medicine camera,0,3,-3,NO
Business & Marketing,predict,0,3,-3,NO
Business & Marketing,sales and,0,3,-3,NO
Business & Marketing,abila mip fund accounting software,0,3,-3,NO
Business & Marketing,establishing goals and setting priorities,0,3,-3,NO
Business & Marketing,drawings,0,3,-3,NO
Business & Marketing,proficient in polish language,0,3,-3,NO
Business & Marketing,conflict resolution,0,3,-3,NO
Business & Marketing,desktop publishing software: photoshop,0,3,-3,NO
Business & Marketing,anaconda,0,3,-3,NO
Business & Marketing,compensation administration,0,3,-3,NO
Business & Marketing,writing skills,0,3,-3,NO
Business & Marketing,numbers,0,3,-3,NO
Business & Marketing,ascertain accuracy of financial reporting,0,3,-3,NO
Business & Marketing,jupyter notebook,0,3,-3,NO
Business & Marketing,proposal writing,0,3,-3,NO
Business & Marketing,fedex,0,3,-3,NO
Business & Marketing,fluke 115 compact true-rms digital multimeter,0,3,-3,NO
Business & Marketing,lean/5s,0,3,-3,NO
Business & Marketing,computer programming,0,3,-3,NO
Business & Marketing,inside sales,0,3,-3,NO
Business & Marketing,drive,0,3,-3,NO
Business & Marketing,administrative manager,0,3,-3,NO
Business & Marketing,google bigquery,0,3,-3,NO
Business & Marketing,lacerte tax preparation software,0,3,-3,NO
Business & Marketing,reading circuit schematics,0,3,-3,NO
Business & Marketing,printed circuit board cad (protel),0,3,-3,NO
Business & Marketing,mini-tab,0,3,-3,NO
Business & Marketing,pro-e,0,3,-3,NO
Business & Marketing,quickbooks pro 2015/2016/2017,0,3,-3,NO
Business & Marketing,troubleshooting of hardware failure,0,3,-3,NO
Business & Marketing,sql server 2005,0,3,-3,NO
Business & Marketing,process development and engineering,0,3,-3,NO
Business & Marketing,critical thinking skills,0,3,-3,NO
Business & Marketing,defect management,0,3,-3,NO
Business & Marketing,credit and total accounts on computer spreadsheets/databases,0,3,-3,NO
Business & Marketing,supervising 4,0,3,-3,NO
Business & Marketing,microsoft team foundation,0,3,-3,NO
Business & Marketing,dvp&r,0,3,-3,NO
Business & Marketing,philosophy,0,3,-3,NO
Business & Marketing,anytime scheduler,0,3,-3,NO
Business & Marketing,h.264,0,3,-3,NO
Business & Marketing,ms excel/ ms office,0,3,-3,NO
Business & Marketing,video chat support,0,3,-3,NO
Business & Marketing,cold calling,0,3,-3,NO
Business & Marketing,test stand fabrication,0,3,-3,NO
Business & Marketing,cash register,0,3,-3,NO
Business & Marketing,hdfs,0,3,-3,NO
Business & Marketing,software support,0,3,-3,NO
Business & Marketing,xlnet,0,3,-3,NO
Business & Marketing,understand different types of transmission lines: twisted pair,0,3,-3,NO
Business & Marketing,written and verbal communication skills,0,3,-3,NO
Business & Marketing,federal government,0,3,-3,NO
Business & Marketing,demos,0,3,-3,NO
Business & Marketing,alteryx,0,3,-3,NO
Business & Marketing,energy saving,0,3,-3,NO
Business & Marketing,multi-meters,0,3,-3,NO
Business & Marketing,administrative functions,0,3,-3,NO
Business & Marketing,safety member,0,3,-3,NO
Business & Marketing,algore fea,0,3,-3,NO
Business & Marketing,daily cash receipts,0,3,-3,NO
Business & Marketing,programmable logic controls (plc),0,3,-3,NO
Business & Marketing,snowflake,0,3,-3,NO
Business & Marketing,documenting operational procedures,0,3,-3,NO
Business & Marketing,computer hardware,0,3,-3,NO
Business & Marketing,secretary,0,3,-3,NO
Business & Marketing,iso 9001/as9100 standards,0,3,-3,NO
Business & Marketing,gcp,0,3,-3,NO
Business & Marketing,reading schematics,0,3,-3,NO
Business & Marketing,temperature,0,3,-3,NO
Business & Marketing,pneumatic and hydraulic theory,0,3,-3,NO
Business & Marketing,payroll & tax 940,0,3,-3,NO
Business & Marketing,good analytical skills,0,3,-3,NO
Business & Marketing,telephony,0,3,-3,NO
Business & Marketing,web design,0,3,-3,NO
Business & Marketing,telecom support,0,3,-3,NO
Business & Marketing,ios,0,3,-3,NO
Business & Marketing,and scanners,0,3,-3,NO
Business & Marketing,basic and advanced supervision training courses,0,3,-3,NO
Business & Marketing,ms office proficient,0,3,-3,NO
Business & Marketing,3ds max,0,3,-3,NO
Business & Marketing,econometrics,0,3,-3,NO
Business & Marketing,system integration testing,0,3,-3,NO
Business & Marketing,cables,0,3,-3,NO
Business & Marketing,adjustments,0,3,-3,NO
Business & Marketing,unix-solaris,0,3,-3,NO
Business & Marketing,git-stash,0,3,-3,NO
Business & Marketing,friendly,0,3,-3,NO
Business & Marketing,predictive modelling,0,3,-3,NO
Business & Marketing,cpr & first aid certified,0,3,-3,NO
Business & Marketing,patran,0,3,-3,NO
Business & Marketing,complyright,0,3,-3,NO
Business & Marketing,aws deployment,0,3,-3,NO
Business & Marketing,outlook express,0,3,-3,NO
Business & Marketing,bgp,0,3,-3,NO
Business & Marketing,paint,0,3,-3,NO
Business & Marketing,deadlines focused,0,3,-3,NO
Business & Marketing,studied and understand programmable logic controllers,0,3,-3,NO
Business & Marketing,memory,0,3,-3,NO
Business & Marketing,community health,0,3,-3,NO
Business & Marketing,pgadmin 4,0,3,-3,NO
Business & Marketing,strong desire to learn more,0,3,-3,NO
Business & Marketing,client relations development,0,3,-3,NO
Business & Marketing,sun,0,3,-3,NO
Business & Marketing,cat5e,0,3,-3,NO
Business & Marketing,on-call tech support,0,3,-3,NO
Business & Marketing,ospf,0,3,-3,NO
Business & Marketing,data engineer,0,3,-3,NO
Business & Marketing,appfolio,0,3,-3,NO
Business & Marketing,product owner,0,3,-3,NO
Business & Marketing,through cost center coding,0,3,-3,NO
Business & Marketing,lean manufacturingâ€‹,0,3,-3,NO
Business & Marketing,lucene,0,3,-3,NO
Business & Marketing,cloud-testing,0,3,-3,NO
Business & Marketing,employee management,0,3,-3,NO
Business & Marketing,ridge regression,0,3,-3,NO
Business & Marketing,engineering projects,0,3,-3,NO
Business & Marketing,analysis of financial systems,0,3,-3,NO
Business & Marketing,gpt,0,3,-3,NO
Business & Marketing,computersavvy,0,3,-3,NO
Business & Marketing,written communications,0,3,-3,NO
Business & Marketing,safari,0,3,-3,NO
Business & Marketing,tax preparation,0,3,-3,NO
Business & Marketing,photoshop,0,3,-3,NO
Business & Marketing,tax software: drake / ultra tax / turbotax,0,3,-3,NO
Business & Marketing,engineering resource management and forecasting,0,3,-3,NO
Business & Marketing,visual foxpro,0,3,-3,NO
Business & Marketing,crystal reports,0,3,-3,NO
Business & Marketing,responsible for assisting with the preparation of financial statements,0,3,-3,NO
Business & Marketing,database management and processing,0,3,-3,NO
Business & Marketing,esl students,0,3,-3,NO
Business & Marketing,efficient multi-tasker,0,3,-3,NO
Business & Marketing,one note,0,3,-3,NO
Business & Marketing,compensation/payroll,0,3,-3,NO
Business & Marketing,inventory & purchases,0,3,-3,NO
Business & Marketing,sourcetree,0,3,-3,NO
Business & Marketing,pagemaker,0,3,-3,NO
Business & Marketing,proficient in microsoft office,0,3,-3,NO
Business & Marketing,qa test,0,3,-3,NO
Business & Marketing,cisco ios,0,3,-3,NO
Business & Marketing,process invoices,0,3,-3,NO
Business & Marketing,general office tools,0,3,-3,NO
Business & Marketing,anatomy,0,3,-3,NO
Business & Marketing,programmable logic controllers,0,3,-3,NO
Business & Marketing,relational database design,0,3,-3,NO
Business & Marketing,adp ezlabor,0,3,-3,NO
Business & Marketing,dax,0,3,-3,NO
Business & Marketing,simulink,0,3,-3,NO
Business & Marketing,manufacturing yield improvement,0,3,-3,NO
Business & Marketing,electronic circuit analysis,0,3,-3,NO
Business & Marketing,inspects,0,3,-3,NO
Business & Marketing,boundary analysis,0,3,-3,NO
Business & Marketing,training manuals,0,3,-3,NO
Business & Marketing,special events,0,3,-3,NO
Business & Marketing,v-lookups,0,3,-3,NO
Business & Marketing,advanced manufacturing,0,3,-3,NO
Business & Marketing,9800,0,3,-3,NO
Business & Marketing,creative thinker,0,3,-3,NO
Business & Marketing,ringbuilder,0,3,-3,NO
Business & Marketing,paychex,0,3,-3,NO
Business & Marketing,sail point,0,3,-3,NO
Business & Marketing,injection molding,0,3,-3,NO
Business & Marketing,mechanical test equipment,0,3,-3,NO
Business & Marketing,preventative maintenance,0,3,-3,NO
Business & Marketing,accounting manager,0,3,-3,NO
Business & Marketing,copying,0,3,-3,NO
Business & Marketing,dnn,0,3,-3,NO
Business & Marketing,sox compliance,0,3,-3,NO
Business & Marketing,determined,0,3,-3,NO
Business & Marketing,sklearn,0,3,-3,NO
Business & Marketing,web based,0,3,-3,NO
Business & Marketing,microsoft sql,0,3,-3,NO
Business & Marketing,objective analysis,0,3,-3,NO
Business & Marketing,equinox,0,3,-3,NO
Business & Marketing,test artifacts: test estimation,0,3,-3,NO
Business & Marketing,iso-9001 standards,0,3,-3,NO
Business & Marketing,excellent written and verbal communication skills,0,3,-3,NO
Business & Marketing,client server,0,3,-3,NO
Business & Marketing,peoplesoft use & knowledge - queries & data mining,0,3,-3,NO
Business & Marketing,docs,0,3,-3,NO
Business & Marketing,jdbc,0,3,-3,NO
Business & Marketing,market expansion,0,3,-3,NO
Business & Marketing,aramark service trained on ge precision 500 radiology and fluoroscopic image system,0,3,-3,NO
Business & Marketing,account reconciliation processes,0,3,-3,NO
Business & Marketing,company platforms: workbench,0,3,-3,NO
Business & Marketing,equipment operation,0,3,-3,NO
Business & Marketing,executive assistant,0,3,-3,NO
Business & Marketing,mechanical design,0,3,-3,NO
Business & Marketing,six sigma tools and methodologies,0,3,-3,NO
Business & Marketing,weighing,0,3,-3,NO
Business & Marketing,dfmea,0,3,-3,NO
Business & Marketing,microsoft nt server,0,3,-3,NO
Business & Marketing,cloud architecture,0,3,-3,NO
Business & Marketing,owasp zap,0,3,-3,NO
Business & Marketing,issues management,0,3,-3,NO
Business & Marketing,oral communication,0,3,-3,NO
Business & Marketing,ms office proficiency,0,3,-3,NO
Business & Marketing,jax,0,3,-3,NO
Business & Marketing,selling and,0,3,-3,NO
Business & Marketing,wireless routers,0,3,-3,NO
Business & Marketing,counseling,0,3,-3,NO
Business & Marketing,cnc engineering,0,3,-3,NO
Business & Marketing,tax return filing,0,3,-3,NO
Business & Marketing,google colab,0,3,-3,NO
Business & Marketing,client/server,0,3,-3,NO
Business & Marketing,troubleshooting hardware,0,3,-3,NO
Business & Marketing,sorting,0,3,-3,NO
Business & Marketing,sharepoint foundation 2007/2010,0,3,-3,NO
Business & Marketing,compound synthesis,0,3,-3,NO
Business & Marketing,calculates and posts month end and year-end accruals as needed,0,3,-3,NO
Business & Marketing,sound judgment,0,3,-3,NO
Business & Marketing,correspondence,0,3,-3,NO
Business & Marketing,proficient in solidworks,0,3,-3,NO
Business & Marketing,catboost,0,3,-3,NO
Business & Marketing,data arbitration,0,3,-3,NO
Business & Marketing,electrical drafting,0,3,-3,NO
Business & Marketing,microsoft office 2003-2011,0,3,-3,NO
Business & Marketing,groovy,0,3,-3,NO
Business & Marketing,cadence,0,3,-3,NO
Business & Marketing,allen bradley rslogix,0,3,-3,NO
Business & Marketing,simultaneous,0,3,-3,NO
Business & Marketing,relationship building,0,3,-3,NO
Business & Marketing,honest,0,3,-3,NO
Business & Marketing,hp netservers,0,3,-3,NO
Business & Marketing,faxing,0,3,-3,NO
Business & Marketing,blueprint understanding,0,3,-3,NO
Business & Marketing,2k,0,3,-3,NO
Business & Marketing,proficient in microsoft word,0,3,-3,NO
Business & Marketing,marketing department,0,3,-3,NO
Business & Marketing,state tax,0,3,-3,NO
Business & Marketing,verbal and written communication,0,3,-3,NO
Business & Marketing,sql management studio,0,3,-3,NO
Business & Marketing,nastran,0,3,-3,NO
Business & Marketing,hypothesis analysis,0,3,-3,NO
Business & Marketing,desktop,0,3,-3,NO
Business & Marketing,correlation analysis,0,3,-3,NO
Business & Marketing,strong verbal communication,0,3,-3,NO
Business & Marketing,thoroughness,0,3,-3,NO
Business & Marketing,venue,0,3,-3,NO
Business & Marketing,secret clearance,0,3,-3,NO
Business & Marketing,value stream mapping,0,3,-3,NO
Business & Marketing,pfmea,0,3,-3,NO
Business & Marketing,physical therapy,0,3,-3,NO
Business & Marketing,equipment/wiring installation,0,3,-3,NO
Business & Marketing,network installation,0,3,-3,NO
Business & Marketing,monthly bank reconciliations,0,3,-3,NO
Business & Marketing,deadline compliance,0,3,-3,NO
Business & Marketing,basic processor design,0,3,-3,NO
Business & Marketing,weld,0,3,-3,NO
Business & Marketing,audit report,0,3,-3,NO
Business & Marketing,clerk,0,3,-3,NO
Business & Marketing,hwinfo,0,3,-3,NO
Business & Marketing,printing,0,3,-3,NO
Business & Marketing,hsrp and lan/wan architecture,0,3,-3,NO
Business & Marketing,project management: confluence,0,3,-3,NO
Business & Marketing,data integrity,0,3,-3,NO
Business & Marketing,ultimate boot cd (ubcd),0,3,-3,NO
Business & Marketing,hindi,0,3,-3,NO
Business & Marketing,accounts payable/accounts receivable,0,3,-3,NO
Business & Marketing,text extraction,0,3,-3,NO
Business & Marketing,excellent multitasker,0,3,-3,NO
Business & Marketing,audience,0,3,-3,NO
Business & Marketing,essbase,0,3,-3,NO
Business & Marketing,administrative: microsoft office suite,0,3,-3,NO
Business & Marketing,talend,0,3,-3,NO
Business & Marketing,proengineer/creo,0,3,-3,NO
Business & Marketing,assembly (intel,0,3,-3,NO
Business & Marketing,stat- fsi track,0,3,-3,NO
Business & Marketing,settlements,0,3,-3,NO
Business & Marketing,electronics i,0,3,-3,NO
Business & Marketing,tr069,0,3,-3,NO
Business & Marketing,bounding algorithms,0,3,-3,NO
Business & Marketing,forklift and crane certification,0,3,-3,NO
Business & Marketing,asp.net 4.5,0,3,-3,NO
Business & Marketing,oil servicing,0,3,-3,NO
Business & Marketing,real-time,0,3,-3,NO
Business & Marketing,welder,0,3,-3,NO
Business & Marketing,engineering economy,0,3,-3,NO
Business & Marketing,chain management,0,3,-3,NO
Business & Marketing,forecasting and planning,0,3,-3,NO
Business & Marketing,microsoft office proficiency,0,3,-3,NO
Business & Marketing,systems engineering management,0,3,-3,NO
Business & Marketing,dba,0,3,-3,NO
Business & Marketing,international business,0,3,-3,NO
Business & Marketing,raid,0,3,-3,NO
Business & Marketing,test coverage,0,3,-3,NO
Business & Marketing,strategic planning & development,0,3,-3,NO
Business & Marketing,skill 1,0,3,-3,NO
Business & Marketing,financial statement preparation,0,3,-3,NO
Business & Marketing,mpeg,0,3,-3,NO
Business & Marketing,electrical,0,3,-3,NO
Business & Marketing,data warehouse,0,3,-3,NO
Business & Marketing,government sell-offs,0,3,-3,NO
Business & Marketing,skilled multi-tasker,0,3,-3,NO
Business & Marketing,instrumentation and controls,0,3,-3,NO
Business & Marketing,combinatorial optimizations,0,3,-3,NO
Business & Marketing,willingness to go to whatever length it takes to solve a problem or improve a process,0,3,-3,NO
Business & Marketing,msi,0,3,-3,NO
Business & Marketing,vision systems,0,3,-3,NO
Business & Marketing,digital signal processing,0,3,-3,NO
Business & Marketing,harvard graphics,0,3,-3,NO
Business & Marketing,tube furnaces,0,3,-3,NO
Business & Marketing,database programming,0,3,-3,NO
Business & Marketing,prioritization,0,3,-3,NO
Business & Marketing,leetcode,0,3,-3,NO
Business & Marketing,quickbooks payroll systems,0,3,-3,NO
Business & Marketing,2-tier,0,3,-3,NO
Business & Marketing,maintains inventory,0,3,-3,NO
Business & Marketing,such as shared branching and atm transaction networks,0,3,-3,NO
Business & Marketing,internet accounting,0,3,-3,NO
Business & Marketing,ml engineer,0,3,-3,NO
Business & Marketing,panda,0,3,-3,NO
Business & Marketing,os/2,0,3,-3,NO
Business & Marketing,discover rct,0,3,-3,NO
Business & Marketing,seminars,0,3,-3,NO
Business & Marketing,expert in ms office suite,0,3,-3,NO
Business & Marketing,hardware and software installation,0,3,-3,NO
Business & Marketing,geometry,0,3,-3,NO
Business & Marketing,closings,0,3,-3,NO
Business & Marketing,low and high voltage devices,0,3,-3,NO
Business & Marketing,fluent in spanish,0,3,-3,NO
Business & Marketing,peak,0,3,-3,NO
Business & Marketing,valgrind,0,3,-3,NO
Business & Marketing,oral and written communication,0,3,-3,NO
Business & Marketing,power systems analysis,0,3,-3,NO
Business & Marketing,stk,0,3,-3,NO
Business & Marketing,outlook training,0,3,-3,NO
Business & Marketing,printer support,0,3,-3,NO
Business & Marketing,sql (mysql,0,3,-3,NO
Business & Marketing,vendor sourcing/relations,0,3,-3,NO
Business & Marketing,ssrs,0,3,-3,NO
Business & Marketing,turbo c++,0,3,-3,NO
Business & Marketing,remote access,0,3,-3,NO
Business & Marketing,meticulous attention to detail,0,3,-3,NO
Business & Marketing,psim,0,3,-3,NO
Business & Marketing,cost reduction and avoidance,0,3,-3,NO
Business & Marketing,government contracting,0,3,-3,NO
Business & Marketing,open source,0,3,-3,NO
Business & Marketing,calculators,0,3,-3,NO
Business & Marketing,catalog,0,3,-3,NO
Business & Marketing,coaxial,0,3,-3,NO
Business & Marketing,team builder,0,3,-3,NO
Business & Marketing,environmental health and safety,0,3,-3,NO
Business & Marketing,technical sales,0,3,-3,NO
Business & Marketing,executive decision maker,0,3,-3,NO
Business & Marketing,audio editing,0,3,-3,NO
Business & Marketing,business requirements,0,3,-3,NO
Business & Marketing,periodic financial reporting expert,0,3,-3,NO
Business & Marketing,vpn,0,3,-3,NO
Business & Marketing,real time embedded systems,0,3,-3,NO
Business & Marketing,process development and documentation,0,3,-3,NO
Business & Marketing,ssl,0,3,-3,NO
Business & Marketing,assured internal controls,0,3,-3,NO
Business & Marketing,affirmative action compliance,0,3,-3,NO
Business & Marketing,management,0,3,-3,NO
Business & Marketing,cryptography,0,3,-3,NO
Business & Marketing,aws lambda,0,3,-3,NO
Business & Marketing,recorded,0,3,-3,NO
Business & Marketing,entry level,0,3,-3,NO
Business & Marketing,ibm watson,0,3,-3,NO
Business & Marketing,heroku,0,3,-3,NO
Business & Marketing,calbench,0,3,-3,NO
Business & Marketing,develop business,0,3,-3,NO
Business & Marketing,from sales,0,3,-3,NO
Business & Marketing,discrete control system (dcs),0,3,-3,NO
Business & Marketing,network design,0,3,-3,NO
Business & Marketing,presentation,0,3,-3,NO
Business & Marketing,hospital pharmacy,0,3,-3,NO
Business & Marketing,environmental protection,0,3,-3,NO
Business & Marketing,ms office: database,0,3,-3,NO
Business & Marketing,mips assembler,0,3,-3,NO
Business & Marketing,database design,0,3,-3,NO
Business & Marketing,sales tax,0,3,-3,NO
Business & Marketing,personnel records maintenance,0,3,-3,NO
Business & Marketing,benchmarking,0,3,-3,NO
Business & Marketing,manual testing.,0,3,-3,NO
Business & Marketing,utilize oscilloscopes to measure ac frequency,0,3,-3,NO
Business & Marketing,clinical trials,0,3,-3,NO
Business & Marketing,java 1,0,3,-3,NO
Business & Marketing,adapt to new technology at an accelerated rate,0,3,-3,NO
Business & Marketing,apple lion,0,3,-3,NO
Business & Marketing,outgoing,0,3,-3,NO
Business & Marketing,profit improvement,0,3,-3,NO
Business & Marketing,l1 l2 regression,0,3,-3,NO
Business & Marketing,hungry for growth and continuous learning,0,3,-3,NO
Business & Marketing,budget analysis,0,3,-3,NO
Business & Marketing,wireless data,0,3,-3,NO
Business & Marketing,mcse,0,3,-3,NO
Business & Marketing,hiring and retention,0,3,-3,NO
Business & Marketing,crystal ball,0,3,-3,NO
Business & Marketing,management reports and board packages.,0,3,-3,NO
Business & Marketing,research associate,0,3,-3,NO
Business & Marketing,iam,0,3,-3,NO
Business & Marketing,pega,0,3,-3,NO
Business & Marketing,terminal services,0,3,-3,NO
Business & Marketing,data programming,0,3,-3,NO
Business & Marketing,compliance audits,0,3,-3,NO
Business & Marketing,data migration,0,3,-3,NO
Business & Marketing,agile methodologies,0,3,-3,NO
Business & Marketing,adobe illustrator,0,3,-3,NO
Business & Marketing,medlin,0,3,-3,NO
Business & Marketing,sqlite,0,3,-3,NO
Business & Marketing,event management,0,3,-3,NO
Business & Marketing,training design and development,0,3,-3,NO
Business & Marketing,first article inspection,0,3,-3,NO
Business & Marketing,electrical test,0,3,-3,NO
Business & Marketing,hydraulic testing,0,3,-3,NO
Business & Marketing,safety awareness,0,3,-3,NO
Business & Marketing,dell,0,3,-3,NO
Business & Marketing,test cases,0,3,-3,NO
Business & Marketing,factiva,0,3,-3,NO
Business & Marketing,requirement tracing,0,3,-3,NO
Business & Marketing,determine voltage,0,3,-3,NO
Business & Marketing,vss,0,3,-3,NO
Business & Marketing,erp implementation,0,3,-3,NO
Business & Marketing,data base,0,3,-3,NO
Business & Marketing,laptops. android smartphones tables,0,3,-3,NO
Business & Marketing,territory management,0,3,-3,NO
Business & Marketing,local remoter systems support,0,3,-3,NO
Business & Marketing,pcanywhere,0,3,-3,NO
Business & Marketing,industrial electricity,0,3,-3,NO
Business & Marketing,remote desktop and help desk management,0,3,-3,NO
Business & Marketing,scope and project definition,0,3,-3,NO
Business & Marketing,cloud computing,0,3,-3,NO
Business & Marketing,eagle accounting system,0,3,-3,NO
Business & Marketing,very proficient in soldering,0,3,-3,NO
Business & Marketing,computer management,0,3,-3,NO
Business & Marketing,civil engineer,0,3,-3,NO
Business & Marketing,ability to make decisions and solve problems,0,3,-3,NO
Business & Marketing,kpis,0,3,-3,NO
Business & Marketing,guided mechanisms,0,3,-3,NO
Business & Marketing,sales manager,0,3,-3,NO
Business & Marketing,understand overtime and on-call basis may be required,0,3,-3,NO
Business & Marketing,intuit proseries,0,3,-3,NO
Business & Marketing,office administration,0,3,-3,NO
Business & Marketing,toshiba certified service trained on aquilion 16,0,3,-3,NO
Business & Marketing,electrical mechanical,0,3,-3,NO
Business & Marketing,high attention to details,0,3,-3,NO
Business & Marketing,netscape messenger,0,3,-3,NO
Business & Marketing,mechanical/electrical engineer,0,3,-3,NO
Business & Marketing,data & network management,0,3,-3,NO
Business & Marketing,ability to stand and walk for hours at time.,0,3,-3,NO
Business & Marketing,unix terminal,0,3,-3,NO
Business & Marketing,dvb,0,3,-3,NO
Business & Marketing,google drive,0,3,-3,NO
Business & Marketing,lfacs,0,3,-3,NO
Business & Marketing,marketing/sales,0,3,-3,NO
Business & Marketing,excellent communication techniques,0,3,-3,NO
Business & Marketing,sale and,0,3,-3,NO
Business & Marketing,prepares budget variance reports for various departments as assigned,0,3,-3,NO
Business & Marketing,economic analysis,0,3,-3,NO
Business & Marketing,credit risk,0,3,-3,NO
Business & Marketing,ability to prioritize,0,3,-3,NO
Business & Marketing,cross-functional team leadership,0,3,-3,NO
Business & Marketing,ma,0,3,-3,NO
Business & Marketing,apache hive,0,3,-3,NO
Business & Marketing,sla,0,3,-3,NO
Business & Marketing,machine tools,0,3,-3,NO
Business & Marketing,15+ years of experience in accounting & bookkeeping services,0,3,-3,NO
Business & Marketing,installation of network components,0,3,-3,NO
Business & Marketing,ultratax,0,3,-3,NO
Business & Marketing,multi-task management,0,3,-3,NO
Business & Marketing,troubleshooting a network failure,0,3,-3,NO
Business & Marketing,skill 6,0,3,-3,NO
Business & Marketing,image freeway,0,3,-3,NO
Business & Marketing,phones,0,3,-3,NO
Business & Marketing,b2c,0,3,-3,NO
Business & Marketing,statistical analysis: jmp,0,3,-3,NO
Business & Marketing,glove,0,3,-3,NO
Business & Marketing,film,0,3,-3,NO
Business & Marketing,streamlit,0,3,-3,NO
Business & Marketing,analysis (linear & non-linear static,0,3,-3,NO
Business & Marketing,high efficiency,0,3,-3,NO
Business & Marketing,lean/six sigma principles,0,3,-3,NO
Business & Marketing,routing,0,3,-3,NO
Business & Marketing,t1,0,3,-3,NO
Business & Marketing,capital expenditures,0,3,-3,NO
Business & Marketing,public and private accounting,0,3,-3,NO
Business & Marketing,exceptional interpersonal communication,0,3,-3,NO
Business & Marketing,prepared various specialty reports,0,3,-3,NO
Business & Marketing,advanced material selection for rapid prototyping,0,3,-3,NO
Business & Marketing,purchase orders,0,3,-3,NO
Business & Marketing,csi,0,3,-3,NO
Business & Marketing,eclipsys,0,3,-3,NO
Business & Marketing,selenium (automated testing),0,3,-3,NO
Business & Marketing,staff management,0,3,-3,NO
Business & Marketing,lean & six sigma practitioner,0,3,-3,NO
Business & Marketing,measurement and layout,0,3,-3,NO
Business & Marketing,checks,0,3,-3,NO
Business & Marketing,exceptional interpersonal skills,0,3,-3,NO
Business & Marketing,work under pressure and deadlines,0,3,-3,NO
Business & Marketing,hardware & software design,0,3,-3,NO
Business & Marketing,administrative assistant,0,3,-3,NO
Business & Marketing,chemical engineering,0,3,-3,NO
Business & Marketing,skill 4,0,3,-3,NO
Business & Marketing,maintain files,0,3,-3,NO
Business & Marketing,derivatives,0,3,-3,NO
Business & Marketing,architect end to end,0,3,-3,NO
Business & Marketing,sales plan,0,3,-3,NO
Business & Marketing,troubleshooting specialist,0,3,-3,NO
Business & Marketing,product marketing,0,3,-3,NO
Business & Marketing,forklifts,0,3,-3,NO
Business & Marketing,idx,0,3,-3,NO
Business & Marketing,key aspect analysis,0,3,-3,NO
Business & Marketing,ec2,0,3,-3,NO
Business & Marketing,finance and tax research - lexis-nexis,0,3,-3,NO
Business & Marketing,video conferencing equipment (tv,0,3,-3,NO
Business & Marketing,research & data gathering,0,3,-3,NO
Business & Marketing,resistance and power by calculations and measurements,0,3,-3,NO
Business & Marketing,.net,0,3,-3,NO
Business & Marketing,vxworks,0,3,-3,NO
Business & Marketing,plotly,0,3,-3,NO
Business & Marketing,careful and active listener,0,3,-3,NO
Business & Marketing,invoice processing,0,3,-3,NO
Business & Marketing,lombardi,0,3,-3,NO
Business & Marketing,cms,0,3,-3,NO
Business & Marketing,qa engineering software expertise - design,0,3,-3,NO
Business & Marketing,back end,0,3,-3,NO
Business & Marketing,printer,0,3,-3,NO
Business & Marketing,adobe captivate,0,3,-3,NO
Business & Marketing,home care,0,3,-3,NO
Business & Marketing,analytical process improvement,0,3,-3,NO
Business & Marketing,nationalelectric code (nec),0,3,-3,NO
Business & Marketing,creative problem solving,0,3,-3,NO
Business & Marketing,vb script,0,3,-3,NO
Business & Marketing,microsoft sharepoint,0,3,-3,NO
Business & Marketing,pc law,0,3,-3,NO
Business & Marketing,implementing effective internal controls,0,3,-3,NO
Business & Marketing,expert in customer relations,0,3,-3,NO
Business & Marketing,algorithm optimization,0,3,-3,NO
Business & Marketing,game theory,0,3,-3,NO
Business & Marketing,company platforms: dras,0,3,-3,NO
Business & Marketing,cae softwares (hypermesh,0,3,-3,NO
Business & Marketing,process design & improvement,0,3,-3,NO
Business & Marketing,amazon redshift,0,3,-3,NO
Business & Marketing,problem-solving skills,0,3,-3,NO
Business & Marketing,epic,0,3,-3,NO
Business & Marketing,creativity and imagination,0,3,-3,NO
Business & Marketing,audits,0,3,-3,NO
Business & Marketing,company platforms: lombardi,0,3,-3,NO
Business & Marketing,passmark memtest86,0,3,-3,NO
Business & Marketing,firewall setup,0,3,-3,NO
Business & Marketing,new product design and development,0,3,-3,NO
Business & Marketing,peoplesoft finance applications,0,3,-3,NO
Business & Marketing,goals and performance,0,3,-3,NO
Business & Marketing,accounts for,0,3,-3,NO
Business & Marketing,and vouchers as well as reconciled records of bank transactions.,0,3,-3,NO
Business & Marketing,bert modelling,0,3,-3,NO
Business & Marketing,recruitment,0,3,-3,NO
Business & Marketing,risk analyst,0,3,-3,NO
Business & Marketing,arcview,0,3,-3,NO
Business & Marketing,waste reduction,0,3,-3,NO
Business & Marketing,manufacturing engineer,0,3,-3,NO
Business & Marketing,responsible and reliable,0,3,-3,NO
Business & Marketing,proficiency in area,0,3,-3,NO
Business & Marketing,cost control,0,3,-3,NO
Business & Marketing,sales reports,0,3,-3,NO
Business & Marketing,cpr certified,0,3,-3,NO
Business & Marketing,compounding,0,3,-3,NO
Business & Marketing,document reports,0,3,-3,NO
Business & Marketing,cabling and laying of cables,0,3,-3,NO
Business & Marketing,switch,0,3,-3,NO
Business & Marketing,advanced utilization microsoft office suite,0,3,-3,NO
Business & Marketing,symphony,0,3,-3,NO
Business & Marketing,technology integration,0,3,-3,NO
Business & Marketing,data storage,0,3,-3,NO
Business & Marketing,and critical thinking skills,0,3,-3,NO
Business & Marketing,plat indexes,0,3,-3,NO
Business & Marketing,pr,0,3,-3,NO
Business & Marketing,a monitor flow of credit union transactions from the various supporting systems into and out of the general ledger daily,0,3,-3,NO
Business & Marketing,malwarebytes,0,3,-3,NO
Business & Marketing,arduino ide,0,3,-3,NO
Business & Marketing,team leadership / cross-team collaboration,0,3,-3,NO
Business & Marketing,process flow,0,3,-3,NO
Business & Marketing,cpus,0,3,-3,NO
Business & Marketing,frx,0,3,-3,NO
Business & Marketing,accounts payable & receivable,0,3,-3,NO
Business & Marketing,iii,0,3,-3,NO
Business & Marketing,textwrangler,0,3,-3,NO
Business & Marketing,skilled in the operation of ms 2000,0,3,-3,NO
Business & Marketing,inductors and transformers,0,3,-3,NO
Business & Marketing,key accounts,0,3,-3,NO
Business & Marketing,formulas,0,3,-3,NO
Business & Marketing,mac osx,0,3,-3,NO
Business & Marketing,coaching/mentoring,0,3,-3,NO
Business & Marketing,document management,0,3,-3,NO
Business & Marketing,elastic search,0,3,-3,NO
Business & Marketing,er/studio,0,3,-3,NO
Business & Marketing,windows & mac os,0,3,-3,NO
Business & Marketing,cat5,0,3,-3,NO
Business & Marketing,test methodologies: regression testing,0,3,-3,NO
Business & Marketing,hammer,0,3,-3,NO
Business & Marketing,foresight imaging systems trained on dicom protocols,0,3,-3,NO
Business & Marketing,vts,0,3,-3,NO
Business & Marketing,implemented sales,0,3,-3,NO
Business & Marketing,ip addressing,0,3,-3,NO
Business & Marketing,process optimization,0,3,-3,NO
Business & Marketing,solution engineering,0,3,-3,NO
Business & Marketing,internet applications,0,3,-3,NO
Business & Marketing,ml algorithms,0,3,-3,NO
Business & Marketing,probability and stats,0,3,-3,NO
Business & Marketing,minute taking,0,3,-3,NO
Business & Marketing,company platforms: pega,0,3,-3,NO
Business & Marketing,key injection,0,3,-3,NO
Business & Marketing,mssql,0,3,-3,NO
Business & Marketing,water treatment,0,3,-3,NO
Business & Marketing,lathe,0,3,-3,NO
Business & Marketing,driver booster,0,3,-3,NO
Business & Marketing,civil engineering,0,3,-3,NO
Business & Marketing,project planning,0,3,-3,NO
Business & Marketing,tender,0,3,-3,NO
Business & Marketing,handling cash,0,3,-3,NO
Business & Marketing,accounts receivable accounts payable,0,3,-3,NO
Business & Marketing,project support,0,3,-3,NO
Business & Marketing,octave,0,3,-3,NO
Business & Marketing,curl-siege,0,3,-3,NO
Business & Marketing,highly organized,0,3,-3,NO
Business & Marketing,classification,0,3,-3,NO
Business & Marketing,nds,0,3,-3,NO
Business & Marketing,pocket pc,0,3,-3,NO
Business & Marketing,dbase,0,3,-3,NO
Business & Marketing,paper converting equipment,0,3,-3,NO
Business & Marketing,multi-state sales tax filing,0,3,-3,NO
Business & Marketing,plastics manufacturing processes,0,3,-3,NO
Business & Marketing,motivational,0,3,-3,NO
Business & Marketing,auto cad,0,3,-3,NO
Business & Marketing,html programming,0,3,-3,NO
Business & Marketing,security,0,3,-3,NO
Business & Marketing,recorded monthly transactions,0,3,-3,NO
Business & Marketing,lan aptitude,0,3,-3,NO
Business & Marketing,router,0,3,-3,NO
Business & Marketing,microsoft power pivot,0,3,-3,NO
Business & Marketing,ehrs,0,3,-3,NO
Business & Marketing,author,0,3,-3,NO
Business & Marketing,cerner,0,3,-3,NO
Business & Marketing,microprocessor,0,3,-3,NO
Business & Marketing,proposal development,0,3,-3,NO
Business & Marketing,mechanical processes,0,3,-3,NO
Business & Marketing,dasylab,0,3,-3,NO
Business & Marketing,pedague testing system,0,3,-3,NO
Business & Marketing,computer system building and repair,0,3,-3,NO
Business & Marketing,design review,0,3,-3,NO
Business & Marketing,structured,0,3,-3,NO
Business & Marketing,user support,0,3,-3,NO
Business & Marketing,project development,0,3,-3,NO
Business & Marketing,numerical and analytical ability,0,3,-3,NO
Business & Marketing,analytical and business acumen,0,3,-3,NO
Business & Marketing,netbeui,0,3,-3,NO
Business & Marketing,leadership training,0,3,-3,NO
Business & Marketing,schematic,0,3,-3,NO
Business & Marketing,staff training,0,3,-3,NO
Business & Marketing,business to business,0,3,-3,NO
Business & Marketing,hotsos training,0,3,-3,NO
Business & Marketing,automation tools,0,3,-3,NO
Business & Marketing,proofing,0,3,-3,NO
Business & Marketing,process engineering & qa management,0,3,-3,NO
Business & Marketing,cip,0,3,-3,NO
Business & Marketing,financial and accounting,0,3,-3,NO
Business & Marketing,time management ability,0,3,-3,NO
Business & Marketing,selenium,0,3,-3,NO
Business & Marketing,data interpretation,0,3,-3,NO
Business & Marketing,research and design,0,3,-3,NO
Business & Marketing,aws texualizer,0,3,-3,NO
Business & Marketing,planning modules,0,3,-3,NO
Business & Marketing,current,0,3,-3,NO
Business & Marketing,software quality assurance,0,3,-3,NO
Business & Marketing,cad packages (solidworks,0,3,-3,NO
Business & Marketing,facility management,0,3,-3,NO
Business & Marketing,bank reconciliations and general ledger expertise,0,3,-3,NO
Business & Marketing,black box,0,3,-3,NO
Business & Marketing,jvs,0,3,-3,NO
Business & Marketing,multimedia,0,3,-3,NO
Business & Marketing,life insurance,0,3,-3,NO
Business & Marketing,tv,0,3,-3,NO
Business & Marketing,unix shell/perl scripting,0,3,-3,NO
Business & Marketing,cnns,0,3,-3,NO
Business & Marketing,webgl,0,3,-3,NO
Business & Marketing,network management,0,3,-3,NO
Business & Marketing,unix shell scripts,0,3,-3,NO
Business & Marketing,operating systems: windows 7-10,0,3,-3,NO
Business & Marketing,prepare contract,0,3,-3,NO
Business & Marketing,marconi,0,3,-3,NO
Business & Marketing,tolerance analysis,0,3,-3,NO
Business & Marketing,dras,0,3,-3,NO
Business & Marketing,keynote,0,3,-3,NO
Business & Marketing,computer sales,0,3,-3,NO
Business & Marketing,roofing,0,3,-3,NO
Business & Marketing,arc flash,0,3,-3,NO
Business & Marketing,people development,0,3,-3,NO
Business & Marketing,marketing material,0,3,-3,NO
Business & Marketing,skilled concrete finisher,0,3,-3,NO
Business & Marketing,wonderware,0,3,-3,NO
Business & Marketing,generating bill of materials,0,3,-3,NO
Business & Marketing,excellent communication and presentation skills,0,3,-3,NO
Business & Marketing,photo,0,3,-3,NO
Business & Marketing,network printers,0,3,-3,NO
Business & Marketing,analyze financial statements,0,3,-3,NO
Business & Marketing,and resolving discrepancies,0,3,-3,NO
Business & Marketing,oscilloscope,0,6,-6,NO
Business & Marketing,robotics,0,6,-6,NO
Business & Marketing,angularjs,0,6,-6,NO
Business & Marketing,and marketing,0,6,-6,NO
Business & Marketing,pcs,0,6,-6,NO
Business & Marketing,restaurant manager,0,6,-6,NO
Business & Marketing,process design,0,6,-6,NO
Business & Marketing,graphs,0,6,-6,NO
Business & Marketing,unity,0,6,-6,NO
Business & Marketing,negotiation,0,6,-6,NO
Business & Marketing,marketing materials,0,6,-6,NO
Business & Marketing,office management,0,6,-6,NO
Business & Marketing,analysis,0,6,-6,NO
Business & Marketing,quickbooks expert,0,6,-6,NO
Business & Marketing,iso 9001,0,6,-6,NO
Business & Marketing,predictive analysis,0,6,-6,NO
Business & Marketing,people soft,0,6,-6,NO
Business & Marketing,generally accepted auditing standards,0,6,-6,NO
Business & Marketing,and troubleshooting,0,6,-6,NO
Business & Marketing,mac os,0,6,-6,NO
Business & Marketing,vision,0,6,-6,NO
Business & Marketing,mba,0,6,-6,NO
Business & Marketing,spacy,0,6,-6,NO
Business & Marketing,calm under pressure,0,6,-6,NO
Business & Marketing,arabic,0,6,-6,NO
Business & Marketing,balanced,0,6,-6,NO
Business & Marketing,windows xp/vista,0,6,-6,NO
Business & Marketing,data reporting,0,6,-6,NO
Business & Marketing,exceptional time management,0,6,-6,NO
Business & Marketing,lecturer,0,6,-6,NO
Business & Marketing,cognos,0,6,-6,NO
Business & Marketing,novell,0,6,-6,NO
Business & Marketing,television,0,6,-6,NO
Business & Marketing,self-motivated professional,0,6,-6,NO
Business & Marketing,illustrator,0,6,-6,NO
Business & Marketing,model building,0,6,-6,NO
Business & Marketing,dec,0,6,-6,NO
Business & Marketing,profit,0,6,-6,NO
Business & Marketing,quick books,0,6,-6,NO
Business & Marketing,ergonomics,0,6,-6,NO
Business & Marketing,month end close,0,6,-6,NO
Business & Marketing,retail marketing,0,6,-6,NO
Business & Marketing,verilog,0,6,-6,NO
Business & Marketing,power generation,0,6,-6,NO
Business & Marketing,reconciliations,0,6,-6,NO
Business & Marketing,ipx,0,6,-6,NO
Business & Marketing,jupyter,0,6,-6,NO
Business & Marketing,treasury,0,6,-6,NO
Business & Marketing,written communication skills,0,6,-6,NO
Business & Marketing,swift,0,6,-6,NO
Business & Marketing,arduino,0,6,-6,NO
Business & Marketing,positioning,0,6,-6,NO
Business & Marketing,engineering operational functions,0,6,-6,NO
Business & Marketing,rest apis,0,6,-6,NO
Business & Marketing,html/ css,0,6,-6,NO
Business & Marketing,police,0,6,-6,NO
Business & Marketing,renovation,0,6,-6,NO
Business & Marketing,motorola,0,6,-6,NO
Business & Marketing,software installation,0,6,-6,NO
Business & Marketing,debit,0,6,-6,NO
Business & Marketing,team leader,0,6,-6,NO
Business & Marketing,orcad,0,6,-6,NO
Business & Marketing,inspecting,0,6,-6,NO
Business & Marketing,payroll processing,0,6,-6,NO
Business & Marketing,dmaic,0,6,-6,NO
Business & Marketing,aia,0,6,-6,NO
Business & Marketing,product management,0,6,-6,NO
Business & Marketing,letters,0,6,-6,NO
Business & Marketing,embedded software development,0,6,-6,NO
Business & Marketing,accounts and,0,6,-6,NO
Business & Marketing,air force,0,6,-6,NO
Business & Marketing,competitive,0,6,-6,NO
Business & Marketing,bonds,0,6,-6,NO
Business & Marketing,system administration,0,6,-6,NO
Business & Marketing,cash handling,0,6,-6,NO
Business & Marketing,dos,0,6,-6,NO
Business & Marketing,army,0,6,-6,NO
Business & Marketing,process management,0,6,-6,NO
Business & Marketing,sales forecasting,0,6,-6,NO
Business & Marketing,contract administration,0,6,-6,NO
Business & Marketing,business strategy,0,6,-6,NO
Business & Marketing,property management,0,6,-6,NO
Business & Marketing,oracle),0,6,-6,NO
Business & Marketing,data trending knowledge,0,6,-6,NO
Business & Marketing,inventory levels,0,6,-6,NO
Business & Marketing,web development,0,6,-6,NO
Business & Marketing,active directory,0,6,-6,NO
Business & Marketing,fax,0,6,-6,NO
Business & Marketing,automated payroll,0,6,-6,NO
Business & Marketing,sdlc,0,6,-6,NO
Business & Marketing,prime,0,6,-6,NO
Business & Marketing,marketing and sales,0,6,-6,NO
Business & Marketing,hydraulics,0,6,-6,NO
Business & Marketing,cable,0,6,-6,NO
Business & Marketing,decisive,0,6,-6,NO
Business & Marketing,web design 2,0,6,-6,NO
Business & Marketing,natural gas,0,6,-6,NO
Business & Marketing,budget preparation,0,6,-6,NO
Business & Marketing,asp,0,6,-6,NO
Business & Marketing,process payroll,0,6,-6,NO
Business & Marketing,business process improvement,0,6,-6,NO
Business & Marketing,project and visio,0,6,-6,NO
Business & Marketing,jde,0,6,-6,NO
Business & Marketing,maintain records,0,6,-6,NO
Business & Marketing,financial statement analysis,0,6,-6,NO
Business & Marketing,advanced computer proficiency (pc and mac),0,6,-6,NO
Business & Marketing,material management,0,6,-6,NO
Business & Marketing,cnn,0,6,-6,NO
Business & Marketing,algorithm development,0,6,-6,NO
Business & Marketing,accrual,0,6,-6,NO
Business & Marketing,money,0,6,-6,NO
Business & Marketing,promotional,0,6,-6,NO
Business & Marketing,trouble shooting,0,6,-6,NO
Business & Marketing,newsletter,0,6,-6,NO
Business & Marketing,functional testing,0,6,-6,NO
Business & Marketing,huggingface,0,6,-6,NO
Business & Marketing,cash flow projections,0,6,-6,NO
Business & Marketing,content management,0,6,-6,NO
Business & Marketing,laptops,0,6,-6,NO
Business & Marketing,information security,0,6,-6,NO
Business & Marketing,recuva,0,6,-6,NO
Business & Marketing,first aid,0,6,-6,NO
Business & Marketing,soap,0,6,-6,NO
Business & Marketing,workbench,0,6,-6,NO
Business & Marketing,dialysis,0,6,-6,NO
Business & Marketing,direct marketing,0,6,-6,NO
Business & Marketing,black box testing,0,6,-6,NO
Business & Marketing,application programming,0,6,-6,NO
Business & Marketing,trainer,0,6,-6,NO
Business & Marketing,requirement analysis,0,6,-6,NO
Business & Marketing,camera,0,6,-6,NO
Business & Marketing,salesforce.com crm,0,6,-6,NO
Business & Marketing,cabling,0,6,-6,NO
Business & Marketing,azure databricks,0,6,-6,NO
Business & Marketing,restapi,0,6,-6,NO
Business & Marketing,chatbot,0,6,-6,NO
Business & Marketing,ibm,0,6,-6,NO
Business & Marketing,lacerte,0,6,-6,NO
Business & Marketing,direct sales,0,6,-6,NO
Business & Marketing,installing,0,6,-6,NO
Business & Marketing,control systems,0,6,-6,NO
Business & Marketing,strategic marketing,0,6,-6,NO
Business & Marketing,bootstrap,0,6,-6,NO
Business & Marketing,data structure,0,6,-6,NO
Business & Marketing,kotlin,0,6,-6,NO
Business & Marketing,robotic,0,6,-6,NO
Business & Marketing,objective c,0,6,-6,NO
Business & Marketing,jcl,0,6,-6,NO
Business & Marketing,apqp,0,6,-6,NO
Business & Marketing,construction management,0,6,-6,NO
Business & Marketing,client relations,0,6,-6,NO
Business & Marketing,negotiating,0,6,-6,NO
Business & Marketing,corporate finance,0,6,-6,NO
Business & Marketing,financial management,0,6,-6,NO
Business & Marketing,prepare financial statements,0,6,-6,NO
Business & Marketing,tcp,0,6,-6,NO
Business & Marketing,microsoft office applications,0,6,-6,NO
Business & Marketing,sales software: salesforce.com,0,6,-6,NO
Business & Marketing,perl,0,6,-6,NO
Business & Marketing,base sas,0,6,-6,NO
Business & Marketing,deadline-oriented,0,6,-6,NO
Business & Marketing,fmea,0,6,-6,NO
Business & Marketing,a+,0,6,-6,NO
Business & Marketing,regression,0,6,-6,NO
Business & Marketing,equipment installation,0,6,-6,NO
Business & Marketing,haskell,0,6,-6,NO
Business & Marketing,strong leader,0,6,-6,NO
Business & Marketing,vista,0,6,-6,NO
Business & Marketing,fortran,0,6,-6,NO
Business & Marketing,latex,0,6,-6,NO
Business & Marketing,adaptability,0,6,-6,NO
Business & Marketing,public speaking,0,6,-6,NO
Business & Marketing,dispatching,0,6,-6,NO
Business & Marketing,unit testing,0,6,-6,NO
Business & Marketing,strategic plans,0,6,-6,NO
Business & Marketing,internet research,0,6,-6,NO
Business & Marketing,organization,0,6,-6,NO
Business & Marketing,languages,0,6,-6,NO
Business & Marketing,graphical user interface,0,6,-6,NO
Business & Marketing,tensorflowjs,0,6,-6,NO
Business & Marketing,branding,0,6,-6,NO
Business & Marketing,technical writing,0,6,-6,NO
Business & Marketing,object oriented programming,0,6,-6,NO
Business & Marketing,reinforcement learning,0,6,-6,NO
Business & Marketing,conversion,0,6,-6,NO
Business & Marketing,outside sales,0,6,-6,NO
Business & Marketing,graphql,0,6,-6,NO
Business & Marketing,increase,0,6,-6,NO
Business & Marketing,promotion,0,6,-6,NO
Business & Marketing,solutions,0,6,-6,NO
Business & Marketing,system analysis,0,6,-6,NO
Business & Marketing,firewall,0,6,-6,NO
Business & Marketing,quick learner,0,6,-6,NO
Business & Marketing,rfp,0,6,-6,NO
Business & Marketing,next,0,6,-6,NO
Business & Marketing,design process,0,6,-6,NO
Business & Marketing,xgboost,0,6,-6,NO
Business & Marketing,nec,0,6,-6,NO
Business & Marketing,operational analysis,0,6,-6,NO
Business & Marketing,manufacturing process controls,0,6,-6,NO
Business & Marketing,strategic thinker,0,6,-6,NO
Business & Marketing,analytical,0,6,-6,NO
Business & Marketing,customer care,0,6,-6,NO
Business & Marketing,multivariate analysis,0,6,-6,NO
Business & Marketing,bash,0,6,-6,NO
Business & Marketing,experimentation,0,6,-6,NO
Business & Marketing,market research,0,6,-6,NO
Business & Marketing,travel arrangements,0,6,-6,NO
Business & Marketing,invoice,0,6,-6,NO
Business & Marketing,client engagement,0,6,-6,NO
Business & Marketing,statistical modelling,0,6,-6,NO
Business & Marketing,portfolio management,0,6,-6,NO
Business & Marketing,cash receipts,0,6,-6,NO
Business & Marketing,digital logic,0,6,-6,NO
Business & Marketing,data wrangling,0,6,-6,NO
Business & Marketing,mechanical engineering,0,6,-6,NO
Business & Marketing,cash,0,6,-6,NO
Business & Marketing,mathcad,0,6,-6,NO
Business & Marketing,robotic systems,0,6,-6,NO
Business & Marketing,pytesseract,0,6,-6,NO
Business & Marketing,requirements gathering,0,6,-6,NO
Business & Marketing,staff development,0,6,-6,NO
Business & Marketing,manufacturing processes,0,6,-6,NO
Business & Marketing,general accounting,0,6,-6,NO
Business & Marketing,equipment maintenance,0,6,-6,NO
Business & Marketing,big data analytics,0,6,-6,NO
Business & Marketing,research analysis,0,6,-6,NO
Business & Marketing,kronos,0,6,-6,NO
Business & Marketing,cashier,0,6,-6,NO
Business & Marketing,hardware design,0,6,-6,NO
Business & Marketing,variance analysis,0,6,-6,NO
Business & Marketing,automation design,0,6,-6,NO
Business & Marketing,systems engineering,0,6,-6,NO
Business & Marketing,ordering,0,6,-6,NO
Business & Marketing,real time,0,6,-6,NO
Business & Marketing,as400,0,6,-6,NO
Business & Marketing,manual testing,0,6,-6,NO
Business & Marketing,mac,0,6,-6,NO
Business & Marketing,budget development,0,6,-6,NO
Business & Marketing,council,0,6,-6,NO
Business & Marketing,sarbanes-oxley,0,6,-6,NO
Business & Marketing,interpersonal,0,6,-6,NO
Business & Marketing,drivers,0,6,-6,NO
Business & Marketing,scanners,0,6,-6,NO
Business & Marketing,personnel management,0,6,-6,NO
Business & Marketing,decision-making,0,6,-6,NO
Business & Marketing,random forest,0,6,-6,NO
Business & Marketing,ifrs,0,6,-6,NO
Business & Marketing,written communication,0,6,-6,NO
Business & Marketing,timberline,0,6,-6,NO
Business & Marketing,bookkeeper,0,6,-6,NO
Business & Marketing,customer analytics,0,6,-6,NO
Business & Marketing,website,0,6,-6,NO
Business & Marketing,decision tree,0,6,-6,NO
Business & Marketing,python programming,0,6,-6,NO
Business & Marketing,market trends,0,6,-6,NO
Business & Marketing,debugging,0,6,-6,NO
Business & Marketing,its,0,6,-6,NO
Business & Marketing,ui design,0,6,-6,NO
Business & Marketing,maintain inventory,0,6,-6,NO
Business & Marketing,human resource,0,6,-6,NO
Business & Marketing,consultant,0,6,-6,NO
Business & Marketing,analytical skills,0,6,-6,NO
Business & Marketing,ms visual studio,0,6,-6,NO
Business & Marketing,sql (postgresql,0,6,-6,NO
Business & Marketing,training programs,0,6,-6,NO
Business & Marketing,risk assessment,0,6,-6,NO
Business & Marketing,html5,0,6,-6,NO
Business & Marketing,design and construction,0,6,-6,NO
Business & Marketing,quickbooks pro,0,6,-6,NO
Business & Marketing,material science,0,6,-6,NO
Business & Marketing,business writing,0,6,-6,NO
Business & Marketing,test plan,0,6,-6,NO
Business & Marketing,windows 7,0,6,-6,NO
Business & Marketing,home health,0,6,-6,NO
Business & Marketing,ims,0,6,-6,NO
Business & Marketing,tango,0,6,-6,NO
Business & Marketing,anova,0,6,-6,NO
Business & Marketing,storage area network,0,6,-6,NO
Business & Marketing,transmission,0,6,-6,NO
Business & Marketing,advanced bookkeeping skills,0,6,-6,NO
Business & Marketing,ieee,0,6,-6,NO
Business & Marketing,lighting,0,6,-6,NO
Business & Marketing,esd,0,6,-6,NO
Business & Marketing,vba,0,6,-6,NO
Business & Marketing,communicator,0,6,-6,NO
Business & Marketing,superior attention to detail,0,6,-6,NO
Business & Marketing,quick,0,6,-6,NO
Business & Marketing,financial accounting,0,6,-6,NO
Business & Marketing,microsoft,0,6,-6,NO
Business & Marketing,hand tools,0,6,-6,NO
Business & Marketing,ruby,0,6,-6,NO
Business & Marketing,plc programming,0,6,-6,NO
Business & Marketing,scala,0,6,-6,NO
Business & Marketing,quantitative analysis,0,6,-6,NO
Business & Marketing,springboot,0,6,-6,NO
Business & Marketing,business solutions,0,6,-6,NO
Business & Marketing,front office,0,6,-6,NO
Business & Marketing,business administration,0,6,-6,NO
Business & Marketing,human resources,0,6,-6,NO
Business & Marketing,food safety,0,6,-6,NO
Business & Marketing,html/css,0,6,-6,NO
Business & Marketing,kanban,0,6,-6,NO
Business & Marketing,ip,0,6,-6,NO
Business & Marketing,integrator,0,6,-6,NO
Business & Marketing,data integration,0,6,-6,NO
Business & Marketing,eda,0,6,-6,NO
Business & Marketing,web design 1,0,6,-6,NO
Business & Marketing,oral,0,6,-6,NO
Business & Marketing,network protocols,0,6,-6,NO
Business & Marketing,mas90,0,6,-6,NO
Business & Marketing,ms project,0,6,-6,NO
Business & Marketing,mis,0,6,-6,NO
Business & Marketing,calculator,0,6,-6,NO
Business & Marketing,strong interpersonal skills,0,6,-6,NO
Business & Marketing,c/c++,0,6,-6,NO
Business & Marketing,workshops,0,6,-6,NO
Business & Marketing,marketing plan,0,6,-6,NO
Business & Marketing,svm,0,6,-6,NO
Business & Marketing,scripts,0,6,-6,NO
Business & Marketing,signal generators,0,6,-6,NO
Business & Marketing,github,0,6,-6,NO
Business & Marketing,application support,0,6,-6,NO
Business & Marketing,pycharm,0,6,-6,NO
Business & Marketing,software training,0,6,-6,NO
Business & Marketing,blueprints,0,6,-6,NO
Business & Marketing,integration,0,6,-6,NO
Business & Marketing,consultation,0,6,-6,NO
Business & Marketing,annual reports,0,6,-6,NO
Business & Marketing,fashion,0,6,-6,NO
Business & Marketing,cash management,0,6,-6,NO
Business & Marketing,equity,0,6,-6,NO
Business & Marketing,gps,0,6,-6,NO
Business & Marketing,hyperion,0,6,-6,NO
Business & Marketing,netscape,0,6,-6,NO
Business & Marketing,team work,0,6,-6,NO
Business & Marketing,kaizen,0,6,-6,NO
Business & Marketing,bluebeam,0,6,-6,NO
Business & Marketing,investments,0,6,-6,NO
Business & Marketing,outlook),0,6,-6,NO
Business & Marketing,data acquisition,0,6,-6,NO
Business & Marketing,financial operations,0,6,-6,NO
Business & Marketing,supply chain management,0,6,-6,NO
Business & Marketing,proactive,0,6,-6,NO
Business & Marketing,computer systems,0,6,-6,NO
Business & Marketing,windows 2000,0,6,-6,NO
Business & Marketing,visual basics,0,6,-6,NO
Business & Marketing,technical plan execution aptitude,0,6,-6,NO
Business & Marketing,a/p,0,6,-6,NO
Business & Marketing,cash flow analysis,0,6,-6,NO
Business & Marketing,verbal communication skills,0,6,-6,NO
Business & Marketing,sales management,0,6,-6,NO
Business & Marketing,budget forecasting expertise,0,6,-6,NO
Business & Marketing,asset management,0,6,-6,NO
Business & Marketing,driving,0,9,-9,NO
Business & Marketing,cost reduction,0,9,-9,NO
Business & Marketing,data processing,0,9,-9,NO
Business & Marketing,image,0,9,-9,NO
Business & Marketing,accounting operations professional,0,9,-9,NO
Business & Marketing,accounts payables,0,9,-9,NO
Business & Marketing,customer relations,0,9,-9,NO
Business & Marketing,type,0,9,-9,NO
Business & Marketing,month-end closing,0,9,-9,NO
Business & Marketing,scheme,0,9,-9,NO
Business & Marketing,vhf,0,9,-9,NO
Business & Marketing,relationship management,0,9,-9,NO
Business & Marketing,experiments,0,9,-9,NO
Business & Marketing,accounting software,0,9,-9,NO
Business & Marketing,gis,0,9,-9,NO
Business & Marketing,windows xp,0,9,-9,NO
Business & Marketing,microstation,0,9,-9,NO
Business & Marketing,interpersonal skills,0,9,-9,NO
Business & Marketing,manufacturing process,0,9,-9,NO
Business & Marketing,c programming,0,9,-9,NO
Business & Marketing,jenkins,0,9,-9,NO
Business & Marketing,asp.net,0,9,-9,NO
Business & Marketing,db2,0,9,-9,NO
Business & Marketing,training materials,0,9,-9,NO
Business & Marketing,grants,0,9,-9,NO
Business & Marketing,project,0,9,-9,NO
Business & Marketing,power supplies,0,9,-9,NO
Business & Marketing,testing,0,9,-9,NO
Business & Marketing,catia,0,9,-9,NO
Business & Marketing,ann,0,9,-9,NO
Business & Marketing,wireshark,0,9,-9,NO
Business & Marketing,inventor,0,9,-9,NO
Business & Marketing,charts,0,9,-9,NO
Business & Marketing,cisco,0,9,-9,NO
Business & Marketing,heuristics,0,9,-9,NO
Business & Marketing,flexible team player,0,9,-9,NO
Business & Marketing,solid works,0,9,-9,NO
Business & Marketing,teamviewer,0,9,-9,NO
Business & Marketing,graphic,0,9,-9,NO
Business & Marketing,multimeters,0,9,-9,NO
Business & Marketing,qa,0,9,-9,NO
Business & Marketing,r programming,0,9,-9,NO
Business & Marketing,carpentry,0,9,-9,NO
Business & Marketing,speaking,0,9,-9,NO
Business & Marketing,negotiations,0,9,-9,NO
Business & Marketing,pick,0,9,-9,NO
Business & Marketing,cobol,0,9,-9,NO
Business & Marketing,window,0,9,-9,NO
Business & Marketing,balance sheets,0,9,-9,NO
Business & Marketing,analyst,0,9,-9,NO
Business & Marketing,android,0,9,-9,NO
Business & Marketing,risk analysis,0,9,-9,NO
Business & Marketing,self-motivated,0,9,-9,NO
Business & Marketing,vb.net,0,9,-9,NO
Business & Marketing,organizing,0,9,-9,NO
Business & Marketing,sop,0,9,-9,NO
Business & Marketing,postman,0,9,-9,NO
Business & Marketing,mailing,0,9,-9,NO
Business & Marketing,process engineering,0,9,-9,NO
Business & Marketing,agile methodology,0,9,-9,NO
Business & Marketing,conferences,0,9,-9,NO
Business & Marketing,data scientist,0,9,-9,NO
Business & Marketing,pivot tables,0,9,-9,NO
Business & Marketing,expense reports,0,9,-9,NO
Business & Marketing,adobe acrobat,0,9,-9,NO
Business & Marketing,fundraising,0,9,-9,NO
Business & Marketing,edge,0,9,-9,NO
Business & Marketing,lotus notes,0,9,-9,NO
Business & Marketing,performance reviews,0,9,-9,NO
Business & Marketing,natural,0,9,-9,NO
Business & Marketing,lstm,0,9,-9,NO
Business & Marketing,visual studio code,0,9,-9,NO
Business & Marketing,conversational ai,0,9,-9,NO
Business & Marketing,business management,0,9,-9,NO
Business & Marketing,communication skills,0,9,-9,NO
Business & Marketing,decision trees,0,9,-9,NO
Business & Marketing,law,0,9,-9,NO
Business & Marketing,vhdl,0,9,-9,NO
Business & Marketing,python (django),0,9,-9,NO
Business & Marketing,upgrades,0,9,-9,NO
Business & Marketing,supply chain,0,9,-9,NO
Business & Marketing,learning algorithm,0,9,-9,NO
Business & Marketing,typing,0,9,-9,NO
Business & Marketing,nodejs,0,9,-9,NO
Business & Marketing,surveys,0,9,-9,NO
Business & Marketing,siemens,0,9,-9,NO
Business & Marketing,websites,0,9,-9,NO
Business & Marketing,team building,0,9,-9,NO
Business & Marketing,tcp/ip,0,9,-9,NO
Business & Marketing,self-starter,0,9,-9,NO
Business & Marketing,eclipse,0,9,-9,NO
Business & Marketing,modems,0,9,-9,NO
Business & Marketing,data management,0,9,-9,NO
Business & Marketing,cloud,0,9,-9,NO
Business & Marketing,monitors,0,9,-9,NO
Business & Marketing,technical documentation,0,9,-9,NO
Business & Marketing,azure,0,9,-9,NO
Business & Marketing,failure analysis,0,9,-9,NO
Business & Marketing,uhf,0,9,-9,NO
Business & Marketing,fast,0,9,-9,NO
Business & Marketing,system integration,0,9,-9,NO
Business & Marketing,technician,0,9,-9,NO
Business & Marketing,problem solving skills,0,9,-9,NO
Business & Marketing,leadership development,0,9,-9,NO
Business & Marketing,customer support,0,9,-9,NO
Business & Marketing,telecommunications,0,9,-9,NO
Business & Marketing,adp,0,9,-9,NO
Business & Marketing,preparation of financial statements,0,9,-9,NO
Business & Marketing,data extraction,0,9,-9,NO
Business & Marketing,streamline,0,9,-9,NO
Business & Marketing,java script,0,9,-9,NO
Business & Marketing,supervisory,0,9,-9,NO
Business & Marketing,configuring,0,9,-9,NO
Business & Marketing,requirement,0,9,-9,NO
Business & Marketing,atm,0,9,-9,NO
Business & Marketing,ms visio,0,9,-9,NO
Business & Marketing,job costing,0,9,-9,NO
Business & Marketing,microsoft applications,0,9,-9,NO
Business & Marketing,adobe photoshop,0,9,-9,NO
Business & Marketing,audit,0,9,-9,NO
Business & Marketing,technical architecture,0,9,-9,NO
Business & Marketing,intel,0,9,-9,NO
Business & Marketing,win,0,9,-9,NO
Business & Marketing,strong organizational skills,0,9,-9,NO
Business & Marketing,agile,0,9,-9,NO
Business & Marketing,iso,0,9,-9,NO
Business & Marketing,flutter,0,9,-9,NO
Business & Marketing,kafka,0,9,-9,NO
Business & Marketing,dynamic html5,0,9,-9,NO
Business & Marketing,invoice coding familiarity,0,9,-9,NO
Business & Marketing,painting,0,9,-9,NO
Business & Marketing,instruction,0,9,-9,NO
Business & Marketing,software testing,0,9,-9,NO
Business & Marketing,imaging,0,9,-9,NO
Business & Marketing,marketing strategies,0,9,-9,NO
Business & Marketing,radar,0,9,-9,NO
Business & Marketing,cnc,0,9,-9,NO
Business & Marketing,producing,0,9,-9,NO
Business & Marketing,rest,0,9,-9,NO
Business & Marketing,trial balance,0,9,-9,NO
Business & Marketing,doors,0,9,-9,NO
Business & Marketing,kubernetes,0,9,-9,NO
Business & Marketing,oil,0,9,-9,NO
Business & Marketing,macros,0,9,-9,NO
Business & Marketing,bridges,0,9,-9,NO
Business & Marketing,general ledger accounting,0,9,-9,NO
Business & Marketing,pspice,0,9,-9,NO
Business & Marketing,logic,0,9,-9,NO
Business & Marketing,bi,0,12,-12,NO
Business & Marketing,supervising,0,12,-12,NO
Business & Marketing,visual c++,0,12,-12,NO
Business & Marketing,features,0,12,-12,NO
Business & Marketing,plumbing,0,12,-12,NO
Business & Marketing,invoicing,0,12,-12,NO
Business & Marketing,analytical reasoning,0,12,-12,NO
Business & Marketing,adobe,0,12,-12,NO
Business & Marketing,electrical engineering,0,12,-12,NO
Business & Marketing,microsoft windows,0,12,-12,NO
Business & Marketing,tables,0,12,-12,NO
Business & Marketing,voip,0,12,-12,NO
Business & Marketing,javascript (angular),0,12,-12,NO
Business & Marketing,atl,0,12,-12,NO
Business & Marketing,data cleaning,0,12,-12,NO
Business & Marketing,reading,0,12,-12,NO
Business & Marketing,public relations,0,12,-12,NO
Business & Marketing,bert,0,12,-12,NO
Business & Marketing,organizational,0,12,-12,NO
Business & Marketing,results-oriented,0,12,-12,NO
Business & Marketing,erp,0,12,-12,NO
Business & Marketing,express,0,12,-12,NO
Business & Marketing,scanning,0,12,-12,NO
Business & Marketing,team leadership,0,12,-12,NO
Business & Marketing,power distribution,0,12,-12,NO
Business & Marketing,operating systems,0,12,-12,NO
Business & Marketing,wiring,0,12,-12,NO
Business & Marketing,cost analysis,0,12,-12,NO
Business & Marketing,mb,0,12,-12,NO
Business & Marketing,threads,0,12,-12,NO
Business & Marketing,communication,0,12,-12,NO
Business & Marketing,ad,0,12,-12,NO
Business & Marketing,explorer,0,12,-12,NO
Business & Marketing,repairing,0,12,-12,NO
Business & Marketing,protocols,0,12,-12,NO
Business & Marketing,operations,0,12,-12,NO
Business & Marketing,databases,0,12,-12,NO
Business & Marketing,machine learning engineer,0,12,-12,NO
Business & Marketing,advanced excel,0,12,-12,NO
Business & Marketing,dbms,0,12,-12,NO
Business & Marketing,os,0,12,-12,NO
Business & Marketing,publisher,0,12,-12,NO
Business & Marketing,leadership skills,0,12,-12,NO
Business & Marketing,dns,0,12,-12,NO
Business & Marketing,nas,0,12,-12,NO
Business & Marketing,rnn,0,12,-12,NO
Business & Marketing,apple,0,12,-12,NO
Business & Marketing,proxy,0,12,-12,NO
Business & Marketing,embedded systems,0,12,-12,NO
Business & Marketing,project plans,0,12,-12,NO
Business & Marketing,nltk,0,12,-12,NO
Business & Marketing,change management,0,12,-12,NO
Business & Marketing,upgrade,0,12,-12,NO
Business & Marketing,fast learner,0,12,-12,NO
Business & Marketing,new product development,0,12,-12,NO
Business & Marketing,supervisor,0,12,-12,NO
Business & Marketing,accounting systems,0,12,-12,NO
Business & Marketing,ms access,0,12,-12,NO
Business & Marketing,hiring,0,12,-12,NO
Business & Marketing,billings,0,12,-12,NO
Business & Marketing,e-mail,0,12,-12,NO
Business & Marketing,process control,0,12,-12,NO
Business & Marketing,writer,0,12,-12,NO
Business & Marketing,navy,0,12,-12,NO
Business & Marketing,spanish,0,12,-12,NO
Business & Marketing,researching,0,12,-12,NO
Business & Marketing,welding,0,12,-12,NO
Business & Marketing,data warehousing,0,12,-12,NO
Business & Marketing,ap,0,12,-12,NO
Business & Marketing,mathematics,0,12,-12,NO
Business & Marketing,selling,0,12,-12,NO
Business & Marketing,recording,0,12,-12,NO
Business & Marketing,effective time management,0,12,-12,NO
Business & Marketing,statistical process control,0,12,-12,NO
Business & Marketing,encryption,0,12,-12,NO
Business & Marketing,sql server,0,12,-12,NO
Business & Marketing,rdbms,0,12,-12,NO
Business & Marketing,client management,0,12,-12,NO
Business & Marketing,packaging,0,12,-12,NO
Business & Marketing,jd edwards,0,12,-12,NO
Business & Marketing,estimating,0,12,-12,NO
Business & Marketing,soldering,0,12,-12,NO
Business & Marketing,innovation,0,12,-12,NO
Business & Marketing,self motivated,0,12,-12,NO
Business & Marketing,switches,0,12,-12,NO
Business & Marketing,firebase,0,12,-12,NO
Business & Marketing,data validation,0,12,-12,NO
Business & Marketing,dhcp,0,12,-12,NO
Business & Marketing,view,0,12,-12,NO
Business & Marketing,great plains,0,12,-12,NO
Business & Marketing,academic,0,12,-12,NO
Business & Marketing,inventory management,0,12,-12,NO
Business & Marketing,printers,0,12,-12,NO
Business & Marketing,oscilloscopes,0,12,-12,NO
Business & Marketing,root cause analysis,0,12,-12,NO
Business & Marketing,microsoft azure,0,12,-12,NO
Business & Marketing,microsoft visio,0,12,-12,NO
Business & Marketing,application development,0,12,-12,NO
Business & Marketing,ms office suite,0,12,-12,NO
Business & Marketing,developer,0,12,-12,NO
Business & Marketing,rendering,0,12,-12,NO
Business & Marketing,mfc,0,12,-12,NO
Business & Marketing,quicken,0,12,-12,NO
Business & Marketing,directing,0,12,-12,NO
Business & Marketing,organizational skills,0,12,-12,NO
Business & Marketing,data manipulation,0,12,-12,NO
Business & Marketing,ids,0,12,-12,NO
Business & Marketing,transformers,0,12,-12,NO
Business & Marketing,radio,0,12,-12,NO
Business & Marketing,director,0,15,-15,NO
Business & Marketing,peoplesoft,0,15,-15,NO
Business & Marketing,hp,0,15,-15,NO
Business & Marketing,visual studio,0,15,-15,NO
Business & Marketing,video editing,0,15,-15,NO
Business & Marketing,visio,0,15,-15,NO
Business & Marketing,cpa,0,15,-15,NO
Business & Marketing,ansys,0,15,-15,NO
Business & Marketing,audio,0,15,-15,NO
Business & Marketing,ms word,0,15,-15,NO
Business & Marketing,microsoft outlook,0,15,-15,NO
Business & Marketing,mentor,0,15,-15,NO
Business & Marketing,general ledger accounts,0,15,-15,NO
Business & Marketing,teaching,0,15,-15,NO
Business & Marketing,seaborn,0,15,-15,NO
Business & Marketing,text analysis,0,15,-15,NO
Business & Marketing,strong communication skills,0,15,-15,NO
Business & Marketing,hadoop,0,15,-15,NO
Business & Marketing,nosql,0,15,-15,NO
Business & Marketing,spss,0,15,-15,NO
Business & Marketing,jira,0,15,-15,NO
Business & Marketing,enterprise,0,15,-15,NO
Business & Marketing,pattern recognition,0,15,-15,NO
Business & Marketing,tax returns,0,15,-15,NO
Business & Marketing,internet explorer,0,15,-15,NO
Business & Marketing,strategic,0,15,-15,NO
Business & Marketing,modeling,0,15,-15,NO
Business & Marketing,data collection,0,15,-15,NO
Business & Marketing,bank reconciliation,0,15,-15,NO
Business & Marketing,focus,0,15,-15,NO
Business & Marketing,risk management,0,15,-15,NO
Business & Marketing,works,0,15,-15,NO
Business & Marketing,data modelling,0,15,-15,NO
Business & Marketing,physics,0,15,-15,NO
Business & Marketing,layout,0,15,-15,NO
Business & Marketing,text analytics,0,15,-15,NO
Business & Marketing,product development,0,15,-15,NO
Business & Marketing,software engineer,0,15,-15,NO
Business & Marketing,laser,0,15,-15,NO
Business & Marketing,mentoring,0,15,-15,NO
Business & Marketing,transportation,0,15,-15,NO
Business & Marketing,hvac,0,15,-15,NO
Business & Marketing,spark,0,15,-15,NO
Business & Marketing,accounting system,0,15,-15,NO
Business & Marketing,complex problem solving,0,15,-15,NO
Business & Marketing,regression analysis,0,15,-15,NO
Business & Marketing,taxes,0,15,-15,NO
Business & Marketing,accounts receivables,0,15,-15,NO
Business & Marketing,approach,0,15,-15,NO
Business & Marketing,continuous improvement,0,15,-15,NO
Business & Marketing,new business development,0,15,-15,NO
Business & Marketing,messaging,0,15,-15,NO
Business & Marketing,oop,0,15,-15,NO
Business & Marketing,http,0,15,-15,NO
Business & Marketing,ms excel,0,15,-15,NO
Business & Marketing,customer relationship management,0,15,-15,NO
Business & Marketing,text mining,0,15,-15,NO
Business & Marketing,power point,0,15,-15,NO
Business & Marketing,instructor,0,15,-15,NO
Business & Marketing,ftp,0,15,-15,NO
Business & Marketing,maintenance,0,15,-15,NO
Business & Marketing,troubleshoot,0,15,-15,NO
Business & Marketing,coding,0,15,-15,NO
Business & Marketing,scikit-learn,0,15,-15,NO
Business & Marketing,cad,0,15,-15,NO
Business & Marketing,account reconciliation,0,15,-15,NO
Business & Marketing,customer satisfaction,0,15,-15,NO
Business & Marketing,financials,0,15,-15,NO
Business & Marketing,administrative,0,15,-15,NO
Business & Marketing,retail,0,15,-15,NO
Business & Marketing,direction,0,15,-15,NO
Business & Marketing,schematics,0,15,-15,NO
Business & Marketing,test equipment,0,15,-15,NO
Business & Marketing,ar,0,15,-15,NO
Business & Marketing,controller,0,15,-15,NO
Business & Marketing,business analyst,0,15,-15,NO
Business & Marketing,information technology,0,15,-15,NO
Business & Marketing,electrical systems,0,15,-15,NO
Business & Marketing,cli,0,15,-15,NO
Business & Marketing,plc,0,15,-15,NO
Business & Marketing,migration,0,15,-15,NO
Business & Marketing,routers,0,15,-15,NO
Business & Marketing,electronics,0,15,-15,NO
Business & Marketing,hr,0,15,-15,NO
Business & Marketing,payables,0,15,-15,NO
Business & Marketing,spreadsheet,0,15,-15,NO
Business & Marketing,specification,0,15,-15,NO
Business & Marketing,team lead,0,15,-15,NO
Business & Marketing,accruals,0,15,-15,NO
Business & Marketing,read,0,15,-15,NO
Business & Marketing,record keeping,0,15,-15,NO
Business & Marketing,balance,0,18,-18,NO
Business & Marketing,microsoft powerpoint,0,18,-18,NO
Business & Marketing,workflow,0,18,-18,NO
Business & Marketing,advertising,0,18,-18,NO
Business & Marketing,account reconciliation expert,0,18,-18,NO
Business & Marketing,assembly,0,18,-18,NO
Business & Marketing,servers,0,18,-18,NO
Business & Marketing,2000,0,18,-18,NO
Business & Marketing,cash flow,0,18,-18,NO
Business & Marketing,labview,0,18,-18,NO
Business & Marketing,team player,0,18,-18,NO
Business & Marketing,bookkeeping,0,18,-18,NO
Business & Marketing,spreadsheets,0,18,-18,NO
Business & Marketing,dc,0,18,-18,NO
Business & Marketing,gui,0,18,-18,NO
Business & Marketing,microsoft office suite,0,18,-18,NO
Business & Marketing,drawing,0,18,-18,NO
Business & Marketing,clerical,0,18,-18,NO
Business & Marketing,gl,0,18,-18,NO
Business & Marketing,problem solving,0,18,-18,NO
Business & Marketing,program management,0,18,-18,NO
Business & Marketing,solidworks,0,18,-18,NO
Business & Marketing,calibration,0,18,-18,NO
Business & Marketing,crm,0,18,-18,NO
Business & Marketing,reconciling,0,18,-18,NO
Business & Marketing,lan,0,18,-18,NO
Business & Marketing,auditing,0,18,-18,NO
Business & Marketing,broadcast,0,18,-18,NO
Business & Marketing,backup,0,18,-18,NO
Business & Marketing,business objects,0,18,-18,NO
Business & Marketing,sage,0,18,-18,NO
Business & Marketing,utilities,0,18,-18,NO
Business & Marketing,coaching,0,18,-18,NO
Business & Marketing,minitab,0,18,-18,NO
Business & Marketing,pricing,0,18,-18,NO
Business & Marketing,book,0,18,-18,NO
Business & Marketing,big data,0,18,-18,NO
Business & Marketing,simulation,0,18,-18,NO
Business & Marketing,hive,0,18,-18,NO
Business & Marketing,json,0,18,-18,NO
Business & Marketing,benefits,0,18,-18,NO
Business & Marketing,sas,0,18,-18,NO
Business & Marketing,database management,0,18,-18,NO
Business & Marketing,administrative support,0,18,-18,NO
Business & Marketing,editing,0,18,-18,NO
Business & Marketing,docker,0,18,-18,NO
Business & Marketing,detail-oriented,0,18,-18,NO
Business & Marketing,page,0,18,-18,NO
Business & Marketing,team management,0,18,-18,NO
Business & Marketing,agency,0,18,-18,NO
Business & Marketing,networks,0,18,-18,NO
Business & Marketing,operations management,0,18,-18,NO
Business & Marketing,government,0,18,-18,NO
Business & Marketing,receiving,0,18,-18,NO
Business & Marketing,account management,0,18,-18,NO
Business & Marketing,content,0,18,-18,NO
Business & Marketing,critical thinking,0,21,-21,NO
Business & Marketing,ca,0,21,-21,NO
Business & Marketing,training,0,21,-21,NO
Business & Marketing,postgresql,0,21,-21,NO
Business & Marketing,requirement gathering,0,21,-21,NO
Business & Marketing,software developer,0,21,-21,NO
Business & Marketing,unix,0,21,-21,NO
Business & Marketing,san,0,21,-21,NO
Business & Marketing,php,0,21,-21,NO
Business & Marketing,strategic planning,0,21,-21,NO
Business & Marketing,predictive analytics,0,21,-21,NO
Business & Marketing,concept,0,21,-21,NO
Business & Marketing,optimization,0,21,-21,NO
Business & Marketing,account reconciliations,0,21,-21,NO
Business & Marketing,statistical modeling,0,21,-21,NO
Business & Marketing,mail,0,21,-21,NO
Business & Marketing,staffing,0,21,-21,NO
Business & Marketing,lean manufacturing,0,21,-21,NO
Business & Marketing,microsoft project,0,21,-21,NO
Business & Marketing,drafting,0,21,-21,NO
Business & Marketing,clustering,0,21,-21,NO
Business & Marketing,real estate,0,21,-21,NO
Business & Marketing,legal,0,21,-21,NO
Business & Marketing,time series analysis,0,21,-21,NO
Business & Marketing,strategy,0,21,-21,NO
Business & Marketing,ledger,0,24,-24,NO
Business & Marketing,scrum,0,24,-24,NO
Business & Marketing,bank reconciliations,0,24,-24,NO
Business & Marketing,xml,0,24,-24,NO
Business & Marketing,financial analysis,0,24,-24,NO
Business & Marketing,data entry,0,24,-24,NO
Business & Marketing,flask,0,24,-24,NO
Business & Marketing,english,0,24,-24,NO
Business & Marketing,financial reporting,0,24,-24,NO
Business & Marketing,telephone,0,24,-24,NO
Business & Marketing,statistics,0,24,-24,NO
Business & Marketing,basic,0,24,-24,NO
Business & Marketing,six sigma,0,24,-24,NO
Business & Marketing,django,0,24,-24,NO
Business & Marketing,funds,0,24,-24,NO
Business & Marketing,visual basic,0,24,-24,NO
Business & Marketing,senior management,0,24,-24,NO
Business & Marketing,api,0,24,-24,NO
Business & Marketing,sharepoint,0,24,-24,NO
Business & Marketing,presentations,0,24,-24,NO
Business & Marketing,com,0,24,-24,NO
Business & Marketing,opencv,0,24,-24,NO
Business & Marketing,image processing,0,24,-24,NO
Business & Marketing,power bi,0,24,-24,NO
Business & Marketing,email,0,24,-24,NO
Business & Marketing,accountant,0,24,-24,NO
Business & Marketing,inventory control,0,24,-24,NO
Business & Marketing,written,0,24,-24,NO
Business & Marketing,video,0,27,-27,NO
Business & Marketing,microsoft access,0,27,-27,NO
Business & Marketing,machinery,0,27,-27,NO
Business & Marketing,accounts receivable,0,27,-27,NO
Business & Marketing,shipping,0,27,-27,NO
Business & Marketing,validation,0,27,-27,NO
Business & Marketing,designing,0,27,-27,NO
Business & Marketing,quality control,0,27,-27,NO
Business & Marketing,peachtree,0,27,-27,NO
Business & Marketing,filing,0,27,-27,NO
Business & Marketing,business development,0,27,-27,NO
Business & Marketing,programming,0,27,-27,NO
Business & Marketing,nlp,0,27,-27,NO
Business & Marketing,algorithms,0,27,-27,NO
Business & Marketing,software engineering,0,27,-27,NO
Business & Marketing,procurement,0,27,-27,NO
Business & Marketing,year-end,0,27,-27,NO
Business & Marketing,logistics,0,30,-30,NO
Business & Marketing,banking,0,30,-30,NO
Business & Marketing,time management,0,30,-30,NO
Business & Marketing,phone,0,30,-30,NO
Business & Marketing,financial reports,0,30,-30,NO
Business & Marketing,automation,0,30,-30,NO
Business & Marketing,engineer,0,30,-30,NO
Business & Marketing,repairs,0,30,-30,NO
Business & Marketing,consulting,0,30,-30,NO
Business & Marketing,process improvement,0,33,-33,NO
Business & Marketing,forecasting,0,33,-33,NO
Business & Marketing,technical support,0,33,-33,NO
Business & Marketing,mongodb,0,33,-33,NO
Business & Marketing,purchasing,0,33,-33,NO
Business & Marketing,logistic regression,0,33,-33,NO
Business & Marketing,market,0,33,-33,NO
Business & Marketing,network,0,33,-33,NO
Business & Marketing,tax,0,33,-33,NO
Business & Marketing,oracle,0,33,-33,NO
Business & Marketing,data modeling,0,33,-33,NO
Business & Marketing,networking,0,33,-33,NO
Business & Marketing,mechanical,0,33,-33,NO
Business & Marketing,meetings,0,36,-36,NO
Business & Marketing,pytorch,0,36,-36,NO
Business & Marketing,predictive modeling,0,36,-36,NO
Business & Marketing,microsoft word,0,36,-36,NO
Business & Marketing,supervision,0,36,-36,NO
Business & Marketing,business intelligence,0,36,-36,NO
Business & Marketing,scikit learn,0,36,-36,NO
Business & Marketing,neural networks,0,36,-36,NO
Business & Marketing,aws,0,36,-36,NO
Business & Marketing,c#,0,39,-39,NO
Business & Marketing,microsoft excel,0,39,-39,NO
Business & Marketing,powerbi,0,39,-39,NO
Business & Marketing,data structures,0,39,-39,NO
Business & Marketing,git,0,39,-39,NO
Business & Marketing,inspection,0,39,-39,NO
Business & Marketing,proposals,0,39,-39,NO
Business & Marketing,balance sheet,0,39,-39,NO
Business & Marketing,business analytics,0,39,-39,NO
Business & Marketing,delivery,0,39,-39,NO
Business & Marketing,fixed assets,0,39,-39,NO
Business & Marketing,pyspark,0,39,-39,NO
Business & Marketing,functional,0,42,-42,NO
Business & Marketing,payroll,0,42,-42,NO
Business & Marketing,quality assurance,0,42,-42,NO
Business & Marketing,keras,0,42,-42,NO
Business & Marketing,insurance,0,42,-42,NO
Business & Marketing,credit,0,42,-42,NO
Business & Marketing,managing,0,42,-42,NO
Business & Marketing,css,0,42,-42,NO
Business & Marketing,budgeting,0,42,-42,NO
Business & Marketing,statistical analysis,0,42,-42,NO
Business & Marketing,forms,0,45,-45,NO
Business & Marketing,accounts payable,0,45,-45,NO
Business & Marketing,hardware,0,45,-45,NO
Business & Marketing,closing,0,45,-45,NO
Business & Marketing,matplotlib,0,45,-45,NO
Business & Marketing,computer vision,0,48,-48,NO
Business & Marketing,finance,0,48,-48,NO
Business & Marketing,budgets,0,48,-48,NO
Business & Marketing,business analysis,0,48,-48,NO
Business & Marketing,ms office,0,48,-48,NO
Business & Marketing,customer service,0,48,-48,NO
Business & Marketing,general ledger,0,48,-48,NO
Business & Marketing,data analyst,0,51,-51,NO
Business & Marketing,matlab,0,51,-51,NO
Business & Marketing,progress,0,51,-51,NO
Business & Marketing,pandas,0,51,-51,NO
Business & Marketing,leadership,0,51,-51,NO
Business & Marketing,linear regression,0,51,-51,NO
Business & Marketing,database,0,54,-54,NO
Business & Marketing,personnel,0,54,-54,NO
Business & Marketing,billing,0,54,-54,NO
Business & Marketing,javascript,0,54,-54,NO
Business & Marketing,safety,0,57,-57,NO
Business & Marketing,linux,0,57,-57,NO
Business & Marketing,scheduling,0,57,-57,NO
Business & Marketing,autocad,0,57,-57,NO
Business & Marketing,tensorflow,0,57,-57,NO
Business & Marketing,software development,0,57,-57,NO
Business & Marketing,windows,0,57,-57,NO
Business & Marketing,troubleshooting,0,57,-57,NO
Business & Marketing,financial statements,0,60,-60,NO
Business & Marketing,reporting,0,63,-63,NO
Business & Marketing,materials,0,63,-63,NO
Business & Marketing,numpy,0,63,-63,NO
Business & Marketing,html,0,66,-66,NO
Business & Marketing,office,0,66,-66,NO
Business & Marketing,r,0,66,-66,NO
Business & Marketing,data visualization,0,66,-66,NO
Business & Marketing,mysql,0,69,-69,NO
Business & Marketing,client,0,69,-69,NO
Business & Marketing,research,0,69,-69,NO
Business & Marketing,policies,0,69,-69,NO
Business & Marketing,quickbooks,0,72,-72,NO
Business & Marketing,contracts,0,75,-75,NO
Business & Marketing,word,0,75,-75,NO
Business & Marketing,financial,0,75,-75,NO
Business & Marketing,inventory,0,78,-78,NO
Business & Marketing,budget,0,78,-78,NO
Business & Marketing,sap,0,78,-78,NO
Business & Marketing,access,0,78,-78,NO
Business & Marketing,data analytics,0,78,-78,NO
Business & Marketing,quality,0,81,-81,NO
Business & Marketing,clients,0,81,-81,NO
Business & Marketing,c,0,84,-84,NO
Business & Marketing,data mining,0,87,-87,NO
Business & Marketing,processes,0,87,-87,NO
Business & Marketing,powerpoint,0,87,-87,NO
Business & Marketing,outlook,0,87,-87,NO
Business & Marketing,accounting,0,90,-90,NO
Business & Marketing,tableau,0,90,-90,NO
Business & Marketing,microsoft office,0,90,-90,NO
Business & Marketing,project management,0,99,-99,NO
Business & Marketing,data science,0,99,-99,NO
Business & Marketing,documentation,0,102,-102,NO
Business & Marketing,artificial intelligence,0,105,-105,NO
Business & Marketing,sales,0,114,-114,NO
Business & Marketing,natural language processing,0,117,-117,NO
Business & Marketing,c++,0,126,-126,NO
Business & Marketing,java,0,129,-129,NO
Business & Marketing,deep learning,0,162,-162,NO
Business & Marketing,data analysis,0,168,-168,NO
Business & Marketing,excel,0,177,-177,NO
Business & Marketing,sql,0,189,-189,NO
Business & Marketing,machine learning,0,369,-369,NO
Business & Marketing,python,0,390,-390,NO
Civil & Mechanical Engineering,autocad,1019,114,905,YES
Civil & Mechanical Engineering,etabs,340,0,340,YES
Civil & Mechanical Engineering,auto cad 2d 3d,340,0,340,YES
Civil & Mechanical Engineering,communication and negotiation skills,340,0,340,YES
Civil & Mechanical Engineering,civil 3d,340,0,340,YES
Civil & Mechanical Engineering,civil construction,340,0,340,YES
Civil & Mechanical Engineering,quick learner and hard working,339,0,339,YES
Civil & Mechanical Engineering,maintenance  and troubleshooting,339,0,339,YES
Civil & Mechanical Engineering,computer skill,339,0,339,YES
Civil & Mechanical Engineering,good communication skills,339,0,339,YES
Civil & Mechanical Engineering,internet,340,6,334,YES
Civil & Mechanical Engineering,civil engineering,340,6,334,YES
Civil & Mechanical Engineering,ms project,340,12,328,YES
Civil & Mechanical Engineering,mechanical engineering,339,12,327,YES
Civil & Mechanical Engineering,microsoft office suite,340,36,304,YES
Civil & Mechanical Engineering,solidworks,339,36,303,YES
Civil & Mechanical Engineering,mechanical,339,66,273,YES
Civil & Mechanical Engineering,ms office,340,99,241,YES
Civil & Mechanical Engineering,product and service sales,0,3,-3,NO
Civil & Mechanical Engineering,business consultant/advisor,0,3,-3,NO
Civil & Mechanical Engineering,expense control,0,3,-3,NO
Civil & Mechanical Engineering,multi-tasking management,0,3,-3,NO
Civil & Mechanical Engineering,salesforce / crm,0,3,-3,NO
Civil & Mechanical Engineering,cash flow statements,0,3,-3,NO
Civil & Mechanical Engineering,sap time approval,0,3,-3,NO
Civil & Mechanical Engineering,cna certificate,0,3,-3,NO
Civil & Mechanical Engineering,purchase reqs in sap,0,3,-3,NO
Civil & Mechanical Engineering,access database,0,3,-3,NO
Civil & Mechanical Engineering,relationship building and management,0,3,-3,NO
Civil & Mechanical Engineering,travel arranger,0,3,-3,NO
Civil & Mechanical Engineering,account management and development,0,3,-3,NO
Civil & Mechanical Engineering,customer needs assessment,0,3,-3,NO
Civil & Mechanical Engineering,excellent at networking,0,3,-3,NO
Civil & Mechanical Engineering,compliance/auditing/assurance,0,3,-3,NO
Civil & Mechanical Engineering,key decision making,0,3,-3,NO
Civil & Mechanical Engineering,pcard purchases,0,3,-3,NO
Civil & Mechanical Engineering,conflict resolution,0,3,-3,NO
Civil & Mechanical Engineering,html coding,0,3,-3,NO
Civil & Mechanical Engineering,crm systems,0,3,-3,NO
Civil & Mechanical Engineering,ios in sap,0,3,-3,NO
Civil & Mechanical Engineering,verbal and written communication,0,3,-3,NO
Civil & Mechanical Engineering,territory management,0,3,-3,NO
Civil & Mechanical Engineering,financial performance assessment,0,3,-3,NO
Civil & Mechanical Engineering,goals and performance,0,3,-3,NO
Civil & Mechanical Engineering,financial planning,0,3,-3,NO
Civil & Mechanical Engineering,royalty agreement tracking,0,3,-3,NO
Civil & Mechanical Engineering,brand development,0,6,-6,NO
Civil & Mechanical Engineering,problem resolution,0,6,-6,NO
Civil & Mechanical Engineering,3d printing,0,6,-6,NO
Civil & Mechanical Engineering,mortgage,0,6,-6,NO
Civil & Mechanical Engineering,pentaho,0,6,-6,NO
Civil & Mechanical Engineering,erp (alliance,0,6,-6,NO
Civil & Mechanical Engineering,frontend,0,6,-6,NO
Civil & Mechanical Engineering,worked with management to document and offset unusual expense variances in their respective areas.,0,6,-6,NO
Civil & Mechanical Engineering,wap,0,6,-6,NO
Civil & Mechanical Engineering,workforce management systems,0,6,-6,NO
Civil & Mechanical Engineering,pos systems: micros,0,6,-6,NO
Civil & Mechanical Engineering,host software,0,6,-6,NO
Civil & Mechanical Engineering,microsoft windows 10,0,6,-6,NO
Civil & Mechanical Engineering,ssis,0,6,-6,NO
Civil & Mechanical Engineering,coordination,0,6,-6,NO
Civil & Mechanical Engineering,cbmet,0,6,-6,NO
Civil & Mechanical Engineering,hardware: dell,0,6,-6,NO
Civil & Mechanical Engineering,microsoft (ms) access,0,6,-6,NO
Civil & Mechanical Engineering,rfi,0,6,-6,NO
Civil & Mechanical Engineering,wan,0,6,-6,NO
Civil & Mechanical Engineering,google calendar,0,6,-6,NO
Civil & Mechanical Engineering,lock-out/tag-out,0,6,-6,NO
Civil & Mechanical Engineering,scorecard,0,6,-6,NO
Civil & Mechanical Engineering,patience,0,6,-6,NO
Civil & Mechanical Engineering,5s expert,0,6,-6,NO
Civil & Mechanical Engineering,excellent problem solver,0,6,-6,NO
Civil & Mechanical Engineering,peachtree accounting,0,6,-6,NO
Civil & Mechanical Engineering,develop products in consumer electronics,0,6,-6,NO
Civil & Mechanical Engineering,troubleshooting and problem solving,0,6,-6,NO
Civil & Mechanical Engineering,multidisciplinary exposure,0,6,-6,NO
Civil & Mechanical Engineering,tera term,0,6,-6,NO
Civil & Mechanical Engineering,flexible,0,6,-6,NO
Civil & Mechanical Engineering,customer care and satisfaction,0,6,-6,NO
Civil & Mechanical Engineering,individual tax returns,0,6,-6,NO
Civil & Mechanical Engineering,motivated,0,6,-6,NO
Civil & Mechanical Engineering,vehicle ergonomics,0,6,-6,NO
Civil & Mechanical Engineering,manufacturing process development and improvement,0,6,-6,NO
Civil & Mechanical Engineering,git-lab,0,6,-6,NO
Civil & Mechanical Engineering,preparation of financial reports,0,6,-6,NO
Civil & Mechanical Engineering,xpert,0,6,-6,NO
Civil & Mechanical Engineering,dhcp/dns ethernet and firewall proficient,0,6,-6,NO
Civil & Mechanical Engineering,xp,0,6,-6,NO
Civil & Mechanical Engineering,superior research skills,0,6,-6,NO
Civil & Mechanical Engineering,biotechnology,0,6,-6,NO
Civil & Mechanical Engineering,identifies vendors requiring an irs form 1099 and prepares the form and transmittal,0,6,-6,NO
Civil & Mechanical Engineering,raspberry pi,0,6,-6,NO
Civil & Mechanical Engineering,windows vista,0,6,-6,NO
Civil & Mechanical Engineering,iis 5,0,6,-6,NO
Civil & Mechanical Engineering,aardwolf,0,6,-6,NO
Civil & Mechanical Engineering,detail drawings,0,6,-6,NO
Civil & Mechanical Engineering,software systems engineering,0,6,-6,NO
Civil & Mechanical Engineering,general ledger proficiency,0,6,-6,NO
Civil & Mechanical Engineering,six sigma certified,0,6,-6,NO
Civil & Mechanical Engineering,estimation,0,6,-6,NO
Civil & Mechanical Engineering,laboratory testing,0,6,-6,NO
Civil & Mechanical Engineering,fm,0,6,-6,NO
Civil & Mechanical Engineering,automation tools - design and implement,0,6,-6,NO
Civil & Mechanical Engineering,edit,0,6,-6,NO
Civil & Mechanical Engineering,business process management,0,6,-6,NO
Civil & Mechanical Engineering,windows platforms programming,0,6,-6,NO
Civil & Mechanical Engineering,assist,0,6,-6,NO
Civil & Mechanical Engineering,peoplesoft hrms,0,6,-6,NO
Civil & Mechanical Engineering,sap),0,6,-6,NO
Civil & Mechanical Engineering,algebra,0,6,-6,NO
Civil & Mechanical Engineering,for selling,0,6,-6,NO
Civil & Mechanical Engineering,design for manufacturing,0,6,-6,NO
Civil & Mechanical Engineering,test tools,0,6,-6,NO
Civil & Mechanical Engineering,pl/pgsql,0,6,-6,NO
Civil & Mechanical Engineering,pearl,0,6,-6,NO
Civil & Mechanical Engineering,interpersonal communication skills,0,6,-6,NO
Civil & Mechanical Engineering,user experience,0,6,-6,NO
Civil & Mechanical Engineering,demonstrated organizational/planning skills,0,6,-6,NO
Civil & Mechanical Engineering,software development skills,0,6,-6,NO
Civil & Mechanical Engineering,apple computers,0,6,-6,NO
Civil & Mechanical Engineering,ibm-pc,0,6,-6,NO
Civil & Mechanical Engineering,interpretation,0,6,-6,NO
Civil & Mechanical Engineering,linux programming,0,6,-6,NO
Civil & Mechanical Engineering,test engineer,0,6,-6,NO
Civil & Mechanical Engineering,overall sales,0,6,-6,NO
Civil & Mechanical Engineering,office suite,0,6,-6,NO
Civil & Mechanical Engineering,processing payments,0,6,-6,NO
Civil & Mechanical Engineering,sentiment analysis,0,6,-6,NO
Civil & Mechanical Engineering,installation and configuration of peripherals,0,6,-6,NO
Civil & Mechanical Engineering,ii,0,6,-6,NO
Civil & Mechanical Engineering,document control,0,6,-6,NO
Civil & Mechanical Engineering,oracle database,0,6,-6,NO
Civil & Mechanical Engineering,i-max,0,6,-6,NO
Civil & Mechanical Engineering,chill,0,6,-6,NO
Civil & Mechanical Engineering,a/r,0,6,-6,NO
Civil & Mechanical Engineering,sublime 2,0,6,-6,NO
Civil & Mechanical Engineering,client support,0,6,-6,NO
Civil & Mechanical Engineering,ms office applications,0,6,-6,NO
Civil & Mechanical Engineering,self-starter & self-motivated,0,6,-6,NO
Civil & Mechanical Engineering,white box testing,0,6,-6,NO
Civil & Mechanical Engineering,pillow,0,6,-6,NO
Civil & Mechanical Engineering,catalysis,0,6,-6,NO
Civil & Mechanical Engineering,retention,0,6,-6,NO
Civil & Mechanical Engineering,microsoft rdp,0,6,-6,NO
Civil & Mechanical Engineering,investment research,0,6,-6,NO
Civil & Mechanical Engineering,facilities management,0,6,-6,NO
Civil & Mechanical Engineering,3dsmax,0,6,-6,NO
Civil & Mechanical Engineering,mp4,0,6,-6,NO
Civil & Mechanical Engineering,sarbanes oxley,0,6,-6,NO
Civil & Mechanical Engineering,marketing collateral,0,6,-6,NO
Civil & Mechanical Engineering,business to customer,0,6,-6,NO
Civil & Mechanical Engineering,microsoft windows nt server,0,6,-6,NO
Civil & Mechanical Engineering,cics,0,6,-6,NO
Civil & Mechanical Engineering,exceptional telephone etiquette,0,6,-6,NO
Civil & Mechanical Engineering,industrial automation,0,6,-6,NO
Civil & Mechanical Engineering,regression testing,0,6,-6,NO
Civil & Mechanical Engineering,dukpt,0,6,-6,NO
Civil & Mechanical Engineering,windows 95 - xp,0,6,-6,NO
Civil & Mechanical Engineering,exploratory data analysis,0,6,-6,NO
Civil & Mechanical Engineering,layout design,0,6,-6,NO
Civil & Mechanical Engineering,plc 5,0,6,-6,NO
Civil & Mechanical Engineering,differential equations,0,6,-6,NO
Civil & Mechanical Engineering,accounts receivable professional,0,6,-6,NO
Civil & Mechanical Engineering,oss,0,6,-6,NO
Civil & Mechanical Engineering,engineer-in-training,0,6,-6,NO
Civil & Mechanical Engineering,suspension and alignment,0,6,-6,NO
Civil & Mechanical Engineering,of sales,0,6,-6,NO
Civil & Mechanical Engineering,interpersonal communication,0,6,-6,NO
Civil & Mechanical Engineering,profit and loss,0,6,-6,NO
Civil & Mechanical Engineering,jd edwards/as 400,0,6,-6,NO
Civil & Mechanical Engineering,college math,0,6,-6,NO
Civil & Mechanical Engineering,indesign,0,6,-6,NO
Civil & Mechanical Engineering,excellent written,0,6,-6,NO
Civil & Mechanical Engineering,very organized,0,6,-6,NO
Civil & Mechanical Engineering,data preparation,0,6,-6,NO
Civil & Mechanical Engineering,electrical component repair,0,6,-6,NO
Civil & Mechanical Engineering,ios9,0,6,-6,NO
Civil & Mechanical Engineering,osha regulations,0,6,-6,NO
Civil & Mechanical Engineering,laravel,0,6,-6,NO
Civil & Mechanical Engineering,manufacturing,0,6,-6,NO
Civil & Mechanical Engineering,speakers),0,6,-6,NO
Civil & Mechanical Engineering,financial controls,0,6,-6,NO
Civil & Mechanical Engineering,reduce waste,0,6,-6,NO
Civil & Mechanical Engineering,windows 9.x,0,6,-6,NO
Civil & Mechanical Engineering,solomon,0,6,-6,NO
Civil & Mechanical Engineering,help desk support,0,6,-6,NO
Civil & Mechanical Engineering,effective leader,0,6,-6,NO
Civil & Mechanical Engineering,analog and digital circuitry,0,6,-6,NO
Civil & Mechanical Engineering,method development,0,6,-6,NO
Civil & Mechanical Engineering,file maintenance,0,6,-6,NO
Civil & Mechanical Engineering,clarify,0,6,-6,NO
Civil & Mechanical Engineering,powershell,0,6,-6,NO
Civil & Mechanical Engineering,drilling- tapping,0,6,-6,NO
Civil & Mechanical Engineering,vpn/remote connectivity - openvpn,0,6,-6,NO
Civil & Mechanical Engineering,team building & leadership,0,6,-6,NO
Civil & Mechanical Engineering,excellent facilitator,0,6,-6,NO
Civil & Mechanical Engineering,forward-thinking mindset,0,6,-6,NO
Civil & Mechanical Engineering,prolith (modeling),0,6,-6,NO
Civil & Mechanical Engineering,iia,0,6,-6,NO
Civil & Mechanical Engineering,focus integrated erp software for retail garment stores,0,6,-6,NO
Civil & Mechanical Engineering,physics i,0,6,-6,NO
Civil & Mechanical Engineering,re-engineering,0,6,-6,NO
Civil & Mechanical Engineering,organizational and planning skills,0,6,-6,NO
Civil & Mechanical Engineering,solidworks 2005,0,6,-6,NO
Civil & Mechanical Engineering,emv systems : btt (ul),0,6,-6,NO
Civil & Mechanical Engineering,bluehill testing software,0,6,-6,NO
Civil & Mechanical Engineering,market analysis/competitive positioning,0,6,-6,NO
Civil & Mechanical Engineering,data analysis techniques,0,6,-6,NO
Civil & Mechanical Engineering,lotus sametime,0,6,-6,NO
Civil & Mechanical Engineering,voice over ip telephone,0,6,-6,NO
Civil & Mechanical Engineering,data handling,0,6,-6,NO
Civil & Mechanical Engineering,web design technology,0,6,-6,NO
Civil & Mechanical Engineering,lx,0,6,-6,NO
Civil & Mechanical Engineering,energy manager,0,6,-6,NO
Civil & Mechanical Engineering,saas,0,6,-6,NO
Civil & Mechanical Engineering,human resource management,0,6,-6,NO
Civil & Mechanical Engineering,windows nt,0,6,-6,NO
Civil & Mechanical Engineering,office switchphone,0,6,-6,NO
Civil & Mechanical Engineering,including ordering and canceling cards,0,6,-6,NO
Civil & Mechanical Engineering,msra,0,6,-6,NO
Civil & Mechanical Engineering,statistical solutions,0,6,-6,NO
Civil & Mechanical Engineering,featurization,0,6,-6,NO
Civil & Mechanical Engineering,phoenix (e1),0,6,-6,NO
Civil & Mechanical Engineering,verbal communication,0,6,-6,NO
Civil & Mechanical Engineering,ms office: outlook,0,6,-6,NO
Civil & Mechanical Engineering,advanced presentation,0,6,-6,NO
Civil & Mechanical Engineering,create circuits with multisim cad software,0,6,-6,NO
Civil & Mechanical Engineering,spc++,0,6,-6,NO
Civil & Mechanical Engineering,analysis of algorithms,0,6,-6,NO
Civil & Mechanical Engineering,adc,0,6,-6,NO
Civil & Mechanical Engineering,sc,0,6,-6,NO
Civil & Mechanical Engineering,dynamic ax,0,6,-6,NO
Civil & Mechanical Engineering,image scanner asset manager -10-key,0,6,-6,NO
Civil & Mechanical Engineering,fasb & gaap standards,0,6,-6,NO
Civil & Mechanical Engineering,visual studio 2008-2010,0,6,-6,NO
Civil & Mechanical Engineering,naval,0,6,-6,NO
Civil & Mechanical Engineering,business consulting,0,6,-6,NO
Civil & Mechanical Engineering,fetch,0,6,-6,NO
Civil & Mechanical Engineering,company platforms: eagle,0,6,-6,NO
Civil & Mechanical Engineering,microsoft accounting office,0,6,-6,NO
Civil & Mechanical Engineering,interpersonal and communication,0,6,-6,NO
Civil & Mechanical Engineering,quick on my feet & with my hands,0,6,-6,NO
Civil & Mechanical Engineering,professor,0,6,-6,NO
Civil & Mechanical Engineering,fas asset accounting,0,6,-6,NO
Civil & Mechanical Engineering,competency in procedure development,0,6,-6,NO
Civil & Mechanical Engineering,troubleshooting i,0,6,-6,NO
Civil & Mechanical Engineering,developed reconciliation format,0,6,-6,NO
Civil & Mechanical Engineering,power supply,0,6,-6,NO
Civil & Mechanical Engineering,performed debit,0,6,-6,NO
Civil & Mechanical Engineering,vast technical knowledge,0,6,-6,NO
Civil & Mechanical Engineering,diagnostic software utilities,0,6,-6,NO
Civil & Mechanical Engineering,client-focused,0,6,-6,NO
Civil & Mechanical Engineering,cli knowledge,0,6,-6,NO
Civil & Mechanical Engineering,received,0,6,-6,NO
Civil & Mechanical Engineering,tools of operations research,0,6,-6,NO
Civil & Mechanical Engineering,superb communication skills,0,6,-6,NO
Civil & Mechanical Engineering,operating systems: xp windows professional / windows 7/ windows 8,0,6,-6,NO
Civil & Mechanical Engineering,network systems,0,6,-6,NO
Civil & Mechanical Engineering,advanced anatomy knowledge,0,6,-6,NO
Civil & Mechanical Engineering,test scripts,0,6,-6,NO
Civil & Mechanical Engineering,microsoft virtual pc/hyper-v,0,6,-6,NO
Civil & Mechanical Engineering,revenue recognition,0,6,-6,NO
Civil & Mechanical Engineering,proficient in avg,0,6,-6,NO
Civil & Mechanical Engineering,pc repair,0,6,-6,NO
Civil & Mechanical Engineering,calculus,0,6,-6,NO
Civil & Mechanical Engineering,cash-flow,0,6,-6,NO
Civil & Mechanical Engineering,parameter tuning,0,6,-6,NO
Civil & Mechanical Engineering,needs analysis,0,6,-6,NO
Civil & Mechanical Engineering,vmware workstation,0,6,-6,NO
Civil & Mechanical Engineering,critical thinker,0,6,-6,NO
Civil & Mechanical Engineering,hboc,0,6,-6,NO
Civil & Mechanical Engineering,estimate,0,6,-6,NO
Civil & Mechanical Engineering,complex problem solver,0,6,-6,NO
Civil & Mechanical Engineering,osx,0,6,-6,NO
Civil & Mechanical Engineering,pc security systems,0,6,-6,NO
Civil & Mechanical Engineering,pluming,0,6,-6,NO
Civil & Mechanical Engineering,firefox,0,6,-6,NO
Civil & Mechanical Engineering,adobe indesign,0,6,-6,NO
Civil & Mechanical Engineering,supervision and training,0,6,-6,NO
Civil & Mechanical Engineering,facet,0,6,-6,NO
Civil & Mechanical Engineering,customer services,0,6,-6,NO
Civil & Mechanical Engineering,business systems analysis,0,6,-6,NO
Civil & Mechanical Engineering,generally accepted accounting principles,0,6,-6,NO
Civil & Mechanical Engineering,producer,0,6,-6,NO
Civil & Mechanical Engineering,budget planning,0,6,-6,NO
Civil & Mechanical Engineering,aramark service trained on ge 9600,0,6,-6,NO
Civil & Mechanical Engineering,embedded linux,0,6,-6,NO
Civil & Mechanical Engineering,memtest86,0,6,-6,NO
Civil & Mechanical Engineering,excellent verbal and written communication skills,0,6,-6,NO
Civil & Mechanical Engineering,project analysis,0,6,-6,NO
Civil & Mechanical Engineering,8d,0,6,-6,NO
Civil & Mechanical Engineering,full life cycle,0,6,-6,NO
Civil & Mechanical Engineering,marketing plans,0,6,-6,NO
Civil & Mechanical Engineering,erp (enterprise resource planning) software,0,6,-6,NO
Civil & Mechanical Engineering,management skills,0,6,-6,NO
Civil & Mechanical Engineering,shielded pair and coaxial,0,6,-6,NO
Civil & Mechanical Engineering,mathematical modelling,0,6,-6,NO
Civil & Mechanical Engineering,mckesson,0,6,-6,NO
Civil & Mechanical Engineering,skilled in the operation of networks,0,6,-6,NO
Civil & Mechanical Engineering,market basket analysis,0,6,-6,NO
Civil & Mechanical Engineering,python developer,0,6,-6,NO
Civil & Mechanical Engineering,data exploration,0,6,-6,NO
Civil & Mechanical Engineering,business plan,0,6,-6,NO
Civil & Mechanical Engineering,tensorflow keras,0,6,-6,NO
Civil & Mechanical Engineering,project management methodologies: agile,0,6,-6,NO
Civil & Mechanical Engineering,well organized,0,6,-6,NO
Civil & Mechanical Engineering,hands on training: electrical,0,6,-6,NO
Civil & Mechanical Engineering,risk assessment & tracking,0,6,-6,NO
Civil & Mechanical Engineering,wiring/wire spicing: cat3,0,6,-6,NO
Civil & Mechanical Engineering,logic analyzer,0,6,-6,NO
Civil & Mechanical Engineering,filling,0,6,-6,NO
Civil & Mechanical Engineering,tax accounting,0,6,-6,NO
Civil & Mechanical Engineering,sparkocr,0,6,-6,NO
Civil & Mechanical Engineering,emv tags,0,6,-6,NO
Civil & Mechanical Engineering,qa/qm,0,6,-6,NO
Civil & Mechanical Engineering,graphic design,0,6,-6,NO
Civil & Mechanical Engineering,presales,0,6,-6,NO
Civil & Mechanical Engineering,systems integration,0,6,-6,NO
Civil & Mechanical Engineering,aderant/cms,0,6,-6,NO
Civil & Mechanical Engineering,compliance management,0,6,-6,NO
Civil & Mechanical Engineering,project management & execution,0,6,-6,NO
Civil & Mechanical Engineering,home office,0,6,-6,NO
Civil & Mechanical Engineering,order management,0,6,-6,NO
Civil & Mechanical Engineering,project coordinator,0,6,-6,NO
Civil & Mechanical Engineering,community outreach,0,6,-6,NO
Civil & Mechanical Engineering,comprehensive large array data stewardship system,0,6,-6,NO
Civil & Mechanical Engineering,xilinx ise,0,6,-6,NO
Civil & Mechanical Engineering,speak,0,6,-6,NO
Civil & Mechanical Engineering,capital markets,0,6,-6,NO
Civil & Mechanical Engineering,rtos - os9,0,6,-6,NO
Civil & Mechanical Engineering,business and requirements analysis,0,6,-6,NO
Civil & Mechanical Engineering,unsupervised learning,0,6,-6,NO
Civil & Mechanical Engineering,gse,0,6,-6,NO
Civil & Mechanical Engineering,sound,0,6,-6,NO
Civil & Mechanical Engineering,train employees,0,6,-6,NO
Civil & Mechanical Engineering,active-listening,0,6,-6,NO
Civil & Mechanical Engineering,graphics and design,0,6,-6,NO
Civil & Mechanical Engineering,xcode,0,6,-6,NO
Civil & Mechanical Engineering,experienced manager,0,6,-6,NO
Civil & Mechanical Engineering,trello,0,6,-6,NO
Civil & Mechanical Engineering,bounded rationality,0,6,-6,NO
Civil & Mechanical Engineering,patient and diligent,0,6,-6,NO
Civil & Mechanical Engineering,powerpoint presentations,0,6,-6,NO
Civil & Mechanical Engineering,infolease for lease and financial accounting & citconnect research,0,6,-6,NO
Civil & Mechanical Engineering,mas,0,6,-6,NO
Civil & Mechanical Engineering,know-your-consumer (kyc),0,6,-6,NO
Civil & Mechanical Engineering,strong written and verbal communication skills,0,6,-6,NO
Civil & Mechanical Engineering,fiber brains,0,6,-6,NO
Civil & Mechanical Engineering,collaborating with stakeholders - roadmap,0,6,-6,NO
Civil & Mechanical Engineering,office master system,0,6,-6,NO
Civil & Mechanical Engineering,asp),0,6,-6,NO
Civil & Mechanical Engineering,java programming,0,6,-6,NO
Civil & Mechanical Engineering,assisted living,0,6,-6,NO
Civil & Mechanical Engineering,general ledger accounting skills,0,6,-6,NO
Civil & Mechanical Engineering,web developer,0,6,-6,NO
Civil & Mechanical Engineering,sonet,0,6,-6,NO
Civil & Mechanical Engineering,ifixit pro tech toolkit,0,6,-6,NO
Civil & Mechanical Engineering,company platforms: business objects,0,6,-6,NO
Civil & Mechanical Engineering,through-hole,0,6,-6,NO
Civil & Mechanical Engineering,computer peripherals,0,6,-6,NO
Civil & Mechanical Engineering,instruction list.),0,6,-6,NO
Civil & Mechanical Engineering,broadpos,0,6,-6,NO
Civil & Mechanical Engineering,protocols execution,0,6,-6,NO
Civil & Mechanical Engineering,us gaap principles,0,6,-6,NO
Civil & Mechanical Engineering,construct,0,6,-6,NO
Civil & Mechanical Engineering,production and engineering management,0,6,-6,NO
Civil & Mechanical Engineering,chromeos,0,6,-6,NO
Civil & Mechanical Engineering,lasso regression,0,6,-6,NO
Civil & Mechanical Engineering,ms,0,6,-6,NO
Civil & Mechanical Engineering,tax slayer,0,6,-6,NO
Civil & Mechanical Engineering,microsoft technologies,0,6,-6,NO
Civil & Mechanical Engineering,mediation expertise,0,6,-6,NO
Civil & Mechanical Engineering,toshiba certified service trained on vantage 1.5 t 8 channel mri,0,6,-6,NO
Civil & Mechanical Engineering,fannie mae,0,6,-6,NO
Civil & Mechanical Engineering,gaap understanding,0,6,-6,NO
Civil & Mechanical Engineering,computer graphics,0,6,-6,NO
Civil & Mechanical Engineering,radiography,0,6,-6,NO
Civil & Mechanical Engineering,full finish,0,6,-6,NO
Civil & Mechanical Engineering,design optimization),0,6,-6,NO
Civil & Mechanical Engineering,e-business,0,6,-6,NO
Civil & Mechanical Engineering,requestnet,0,6,-6,NO
Civil & Mechanical Engineering,architectural drafting,0,6,-6,NO
Civil & Mechanical Engineering,e-learning,0,6,-6,NO
Civil & Mechanical Engineering,waterfall,0,6,-6,NO
Civil & Mechanical Engineering,basic knowledge of microsoft powerpoint and excel,0,6,-6,NO
Civil & Mechanical Engineering,electronic & mechanical technology,0,6,-6,NO
Civil & Mechanical Engineering,quickbooks software,0,6,-6,NO
Civil & Mechanical Engineering,cd-roms,0,6,-6,NO
Civil & Mechanical Engineering,various testing equipment,0,6,-6,NO
Civil & Mechanical Engineering,business process,0,6,-6,NO
Civil & Mechanical Engineering,microcontrollers,0,6,-6,NO
Civil & Mechanical Engineering,low voltage power consumption,0,6,-6,NO
Civil & Mechanical Engineering,strong collaborative skills,0,6,-6,NO
Civil & Mechanical Engineering,quality assurance/control,0,6,-6,NO
Civil & Mechanical Engineering,manages the corporate visa accounts for managers and volunteers,0,6,-6,NO
Civil & Mechanical Engineering,marketing research,0,6,-6,NO
Civil & Mechanical Engineering,product improvement,0,6,-6,NO
Civil & Mechanical Engineering,application analysis,0,6,-6,NO
Civil & Mechanical Engineering,linksys,0,6,-6,NO
Civil & Mechanical Engineering,software engineer/developer,0,6,-6,NO
Civil & Mechanical Engineering,engineering ethics,0,6,-6,NO
Civil & Mechanical Engineering,motivation and initiative,0,6,-6,NO
Civil & Mechanical Engineering,responsible for maintaining fixed assets and prepaid sub-ledger accounts,0,6,-6,NO
Civil & Mechanical Engineering,driving license,0,6,-6,NO
Civil & Mechanical Engineering,usb,0,6,-6,NO
Civil & Mechanical Engineering,developing other business analyst,0,6,-6,NO
Civil & Mechanical Engineering,erp/accounting systems proficiency,0,6,-6,NO
Civil & Mechanical Engineering,architecting best practice technical solutions,0,6,-6,NO
Civil & Mechanical Engineering,gdb,0,6,-6,NO
Civil & Mechanical Engineering,microsoft teams,0,6,-6,NO
Civil & Mechanical Engineering,active learning,0,6,-6,NO
Civil & Mechanical Engineering,sequential analysis,0,6,-6,NO
Civil & Mechanical Engineering,brake systems expertise,0,6,-6,NO
Civil & Mechanical Engineering,rcm,0,6,-6,NO
Civil & Mechanical Engineering,real estate p.m.a.s.,0,6,-6,NO
Civil & Mechanical Engineering,spc,0,6,-6,NO
Civil & Mechanical Engineering,proactive and energetic,0,6,-6,NO
Civil & Mechanical Engineering,inventory management and control,0,6,-6,NO
Civil & Mechanical Engineering,market evaluation,0,6,-6,NO
Civil & Mechanical Engineering,collection,0,6,-6,NO
Civil & Mechanical Engineering,patient safety,0,6,-6,NO
Civil & Mechanical Engineering,sage fas,0,6,-6,NO
Civil & Mechanical Engineering,dexterous with hand tools,0,6,-6,NO
Civil & Mechanical Engineering,ad copy,0,6,-6,NO
Civil & Mechanical Engineering,windows installation usb/dvd,0,6,-6,NO
Civil & Mechanical Engineering,call center,0,6,-6,NO
Civil & Mechanical Engineering,xilinx vivado,0,6,-6,NO
Civil & Mechanical Engineering,risk mitigation planning,0,6,-6,NO
Civil & Mechanical Engineering,oracle 8i,0,6,-6,NO
Civil & Mechanical Engineering,source evaluation and selection,0,6,-6,NO
Civil & Mechanical Engineering,technical review,0,6,-6,NO
Civil & Mechanical Engineering,interoperability,0,6,-6,NO
Civil & Mechanical Engineering,related skills,0,6,-6,NO
Civil & Mechanical Engineering,identify electronic components and schematic symbols,0,6,-6,NO
Civil & Mechanical Engineering,solution design,0,6,-6,NO
Civil & Mechanical Engineering,aaa security model,0,6,-6,NO
Civil & Mechanical Engineering,bind,0,6,-6,NO
Civil & Mechanical Engineering,fire protection,0,6,-6,NO
Civil & Mechanical Engineering,microsoft office software,0,6,-6,NO
Civil & Mechanical Engineering,ad hoc,0,6,-6,NO
Civil & Mechanical Engineering,3d modeling,0,6,-6,NO
Civil & Mechanical Engineering,dashboards,0,6,-6,NO
Civil & Mechanical Engineering,operating system knowledge,0,6,-6,NO
Civil & Mechanical Engineering,sales presentations,0,6,-6,NO
Civil & Mechanical Engineering,tapscan,0,6,-6,NO
Civil & Mechanical Engineering,configuration management,0,6,-6,NO
Civil & Mechanical Engineering,validation process specialist,0,6,-6,NO
Civil & Mechanical Engineering,ccna,0,6,-6,NO
Civil & Mechanical Engineering,public accounting,0,6,-6,NO
Civil & Mechanical Engineering,netsuite,0,6,-6,NO
Civil & Mechanical Engineering,acronis true image,0,6,-6,NO
Civil & Mechanical Engineering,initiative to work independent,0,6,-6,NO
Civil & Mechanical Engineering,excellent customer service skills.,0,6,-6,NO
Civil & Mechanical Engineering,sccm 2012 ios-mdm,0,6,-6,NO
Civil & Mechanical Engineering,gshell,0,6,-6,NO
Civil & Mechanical Engineering,art,0,6,-6,NO
Civil & Mechanical Engineering,and wearables. iphones and ipads. printers,0,6,-6,NO
Civil & Mechanical Engineering,web-based,0,6,-6,NO
Civil & Mechanical Engineering,dotnet,0,6,-6,NO
Civil & Mechanical Engineering,groupwise,0,6,-6,NO
Civil & Mechanical Engineering,macintosh,0,6,-6,NO
Civil & Mechanical Engineering,microsoft office including word,0,6,-6,NO
Civil & Mechanical Engineering,portuguese (fluent),0,6,-6,NO
Civil & Mechanical Engineering,principal component analysis,0,6,-6,NO
Civil & Mechanical Engineering,frame,0,6,-6,NO
Civil & Mechanical Engineering,microprocessors,0,6,-6,NO
Civil & Mechanical Engineering,along with other finance department staff,0,6,-6,NO
Civil & Mechanical Engineering,ibm spss,0,6,-6,NO
Civil & Mechanical Engineering,knn,0,6,-6,NO
Civil & Mechanical Engineering,ms powerpoint,0,6,-6,NO
Civil & Mechanical Engineering,issue resolution,0,6,-6,NO
Civil & Mechanical Engineering,easy power,0,6,-6,NO
Civil & Mechanical Engineering,bi360 (businessintelligence tool),0,6,-6,NO
Civil & Mechanical Engineering,engineering cost estimating,0,6,-6,NO
Civil & Mechanical Engineering,reliability sae standards,0,6,-6,NO
Civil & Mechanical Engineering,new hire orientation,0,6,-6,NO
Civil & Mechanical Engineering,classroom monitoring,0,6,-6,NO
Civil & Mechanical Engineering,visio),0,6,-6,NO
Civil & Mechanical Engineering,sharepoint & costpoint,0,6,-6,NO
Civil & Mechanical Engineering,c/python,0,6,-6,NO
Civil & Mechanical Engineering,tax software,0,6,-6,NO
Civil & Mechanical Engineering,executive management,0,6,-6,NO
Civil & Mechanical Engineering,process capability,0,6,-6,NO
Civil & Mechanical Engineering,doe (design of experiment),0,6,-6,NO
Civil & Mechanical Engineering,ingenico,0,6,-6,NO
Civil & Mechanical Engineering,energetic,0,6,-6,NO
Civil & Mechanical Engineering,webscrapping,0,6,-6,NO
Civil & Mechanical Engineering,fund accounting,0,6,-6,NO
Civil & Mechanical Engineering,solar pv systems design,0,6,-6,NO
Civil & Mechanical Engineering,works with that department manager in preparation of annual budget,0,6,-6,NO
Civil & Mechanical Engineering,negotiating skills,0,6,-6,NO
Civil & Mechanical Engineering,proposal,0,6,-6,NO
Civil & Mechanical Engineering,scanner,0,6,-6,NO
Civil & Mechanical Engineering,it skills (shopper,0,6,-6,NO
Civil & Mechanical Engineering,training and development,0,6,-6,NO
Civil & Mechanical Engineering,product design,0,6,-6,NO
Civil & Mechanical Engineering,abaqus,0,6,-6,NO
Civil & Mechanical Engineering,floor plans,0,6,-6,NO
Civil & Mechanical Engineering,product excellence,0,6,-6,NO
Civil & Mechanical Engineering,tirks,0,6,-6,NO
Civil & Mechanical Engineering,testing and commissioning planning and execution,0,6,-6,NO
Civil & Mechanical Engineering,process analysis,0,6,-6,NO
Civil & Mechanical Engineering,xa,0,6,-6,NO
Civil & Mechanical Engineering,quality management,0,6,-6,NO
Civil & Mechanical Engineering,skilled in the use of hand tools for repairing and installing electronics,0,6,-6,NO
Civil & Mechanical Engineering,mechanical technician,0,6,-6,NO
Civil & Mechanical Engineering,hardworking,0,6,-6,NO
Civil & Mechanical Engineering,electrical mechanical systems,0,6,-6,NO
Civil & Mechanical Engineering,embedded c,0,6,-6,NO
Civil & Mechanical Engineering,rehabilitation,0,6,-6,NO
Civil & Mechanical Engineering,10key by touch,0,6,-6,NO
Civil & Mechanical Engineering,microsoft word/excel,0,6,-6,NO
Civil & Mechanical Engineering,profit and loss account,0,6,-6,NO
Civil & Mechanical Engineering,defect detection,0,6,-6,NO
Civil & Mechanical Engineering,architect,0,6,-6,NO
Civil & Mechanical Engineering,pharmacy,0,6,-6,NO
Civil & Mechanical Engineering,pricing proposal development,0,6,-6,NO
Civil & Mechanical Engineering,hp alm quality center,0,6,-6,NO
Civil & Mechanical Engineering,document management testing,0,6,-6,NO
Civil & Mechanical Engineering,backend,0,6,-6,NO
Civil & Mechanical Engineering,mercurial,0,6,-6,NO
Civil & Mechanical Engineering,maintenance schedules,0,6,-6,NO
Civil & Mechanical Engineering,lean manufacturing and management,0,6,-6,NO
Civil & Mechanical Engineering,build teams,0,6,-6,NO
Civil & Mechanical Engineering,industrial machinery,0,6,-6,NO
Civil & Mechanical Engineering,contract negotiation,0,6,-6,NO
Civil & Mechanical Engineering,aci-prm,0,6,-6,NO
Civil & Mechanical Engineering,omb circular a-133,0,6,-6,NO
Civil & Mechanical Engineering,financial analyst,0,6,-6,NO
Civil & Mechanical Engineering,database servers,0,6,-6,NO
Civil & Mechanical Engineering,electrical engineer,0,6,-6,NO
Civil & Mechanical Engineering,ergonomic and safety conscious,0,6,-6,NO
Civil & Mechanical Engineering,computer proficiency,0,6,-6,NO
Civil & Mechanical Engineering,accounting packages,0,6,-6,NO
Civil & Mechanical Engineering,highly responsible and reliable,0,6,-6,NO
Civil & Mechanical Engineering,electrical equipment operation,0,6,-6,NO
Civil & Mechanical Engineering,enterprise software,0,6,-6,NO
Civil & Mechanical Engineering,gage r & r,0,6,-6,NO
Civil & Mechanical Engineering,siebel,0,6,-6,NO
Civil & Mechanical Engineering,trade shows,0,6,-6,NO
Civil & Mechanical Engineering,budgetary and policy development,0,6,-6,NO
Civil & Mechanical Engineering,emperical modelling,0,6,-6,NO
Civil & Mechanical Engineering,equities,0,6,-6,NO
Civil & Mechanical Engineering,puppet,0,6,-6,NO
Civil & Mechanical Engineering,proficiency in tcp/ip protocols,0,6,-6,NO
Civil & Mechanical Engineering,multi-tasking,0,6,-6,NO
Civil & Mechanical Engineering,policy/program development,0,6,-6,NO
Civil & Mechanical Engineering,quick test professional,0,6,-6,NO
Civil & Mechanical Engineering,projectors,0,6,-6,NO
Civil & Mechanical Engineering,hp quality center,0,6,-6,NO
Civil & Mechanical Engineering,market and development,0,6,-6,NO
Civil & Mechanical Engineering,cost accounting,0,6,-6,NO
Civil & Mechanical Engineering,technical: vantive,0,6,-6,NO
Civil & Mechanical Engineering,cloud infrastructure,0,6,-6,NO
Civil & Mechanical Engineering,document manager software,0,6,-6,NO
Civil & Mechanical Engineering,outpatient,0,6,-6,NO
Civil & Mechanical Engineering,speaker,0,6,-6,NO
Civil & Mechanical Engineering,performance testing,0,6,-6,NO
Civil & Mechanical Engineering,stratton warren mms,0,6,-6,NO
Civil & Mechanical Engineering,sculpting,0,6,-6,NO
Civil & Mechanical Engineering,sas base,0,6,-6,NO
Civil & Mechanical Engineering,applications: ms office 2010-2016 (word,0,6,-6,NO
Civil & Mechanical Engineering,financial modeling,0,6,-6,NO
Civil & Mechanical Engineering,compliance testing knowledge,0,6,-6,NO
Civil & Mechanical Engineering,pneumatics,0,6,-6,NO
Civil & Mechanical Engineering,creative solutions bookkeeping software,0,6,-6,NO
Civil & Mechanical Engineering,manufacturing systems integration,0,6,-6,NO
Civil & Mechanical Engineering,business and commercial acumen,0,6,-6,NO
Civil & Mechanical Engineering,vm,0,6,-6,NO
Civil & Mechanical Engineering,self-directed,0,6,-6,NO
Civil & Mechanical Engineering,monthly sales,0,6,-6,NO
Civil & Mechanical Engineering,very organized & energetic,0,6,-6,NO
Civil & Mechanical Engineering,macro media director,0,6,-6,NO
Civil & Mechanical Engineering,direct mail,0,6,-6,NO
Civil & Mechanical Engineering,keane care,0,6,-6,NO
Civil & Mechanical Engineering,sheets,0,6,-6,NO
Civil & Mechanical Engineering,product manager,0,6,-6,NO
Civil & Mechanical Engineering,hp qtp,0,6,-6,NO
Civil & Mechanical Engineering,java 2,0,6,-6,NO
Civil & Mechanical Engineering,student assistance,0,6,-6,NO
Civil & Mechanical Engineering,stories,0,6,-6,NO
Civil & Mechanical Engineering,gru,0,6,-6,NO
Civil & Mechanical Engineering,dynamic,0,6,-6,NO
Civil & Mechanical Engineering,cyber ethics,0,6,-6,NO
Civil & Mechanical Engineering,surface mount,0,6,-6,NO
Civil & Mechanical Engineering,mortgage loan,0,6,-6,NO
Civil & Mechanical Engineering,intuit payroll,0,6,-6,NO
Civil & Mechanical Engineering,reconciled various general ledger fund accounts,0,6,-6,NO
Civil & Mechanical Engineering,strong oral and written communication skills,0,6,-6,NO
Civil & Mechanical Engineering,familiar in c+,0,6,-6,NO
Civil & Mechanical Engineering,business growth,0,6,-6,NO
Civil & Mechanical Engineering,swedish,0,6,-6,NO
Civil & Mechanical Engineering,great plains dynamics,0,6,-6,NO
Civil & Mechanical Engineering,adtran,0,6,-6,NO
Civil & Mechanical Engineering,highly dependable,0,6,-6,NO
Civil & Mechanical Engineering,test plans,0,6,-6,NO
Civil & Mechanical Engineering,interface with customers and vendors,0,6,-6,NO
Civil & Mechanical Engineering,skill 5,0,6,-6,NO
Civil & Mechanical Engineering,maintenance repair,0,6,-6,NO
Civil & Mechanical Engineering,annuities,0,6,-6,NO
Civil & Mechanical Engineering,technical interface,0,6,-6,NO
Civil & Mechanical Engineering,talent management tools: hireright,0,6,-6,NO
Civil & Mechanical Engineering,kind,0,6,-6,NO
Civil & Mechanical Engineering,acrylic,0,6,-6,NO
Civil & Mechanical Engineering,ngs systems,0,6,-6,NO
Civil & Mechanical Engineering,munis,0,6,-6,NO
Civil & Mechanical Engineering,streak crm,0,6,-6,NO
Civil & Mechanical Engineering,consistently meet goals,0,6,-6,NO
Civil & Mechanical Engineering,spring,0,6,-6,NO
Civil & Mechanical Engineering,instructing,0,6,-6,NO
Civil & Mechanical Engineering,protel,0,6,-6,NO
Civil & Mechanical Engineering,epicor,0,6,-6,NO
Civil & Mechanical Engineering,technical grammar skills,0,6,-6,NO
Civil & Mechanical Engineering,excellent managerial techniques,0,6,-6,NO
Civil & Mechanical Engineering,algorithms and data structures,0,6,-6,NO
Civil & Mechanical Engineering,biology,0,6,-6,NO
Civil & Mechanical Engineering,hospice,0,6,-6,NO
Civil & Mechanical Engineering,c languages,0,6,-6,NO
Civil & Mechanical Engineering,validations,0,6,-6,NO
Civil & Mechanical Engineering,secretarial,0,6,-6,NO
Civil & Mechanical Engineering,client liaison,0,6,-6,NO
Civil & Mechanical Engineering,presenter,0,6,-6,NO
Civil & Mechanical Engineering,solenoid/valves,0,6,-6,NO
Civil & Mechanical Engineering,neural networks.,0,6,-6,NO
Civil & Mechanical Engineering,embedded hardware & software,0,6,-6,NO
Civil & Mechanical Engineering,relational database,0,6,-6,NO
Civil & Mechanical Engineering,valuation,0,6,-6,NO
Civil & Mechanical Engineering,siemens step 7,0,6,-6,NO
Civil & Mechanical Engineering,programming in java,0,6,-6,NO
Civil & Mechanical Engineering,front end,0,6,-6,NO
Civil & Mechanical Engineering,bank reconciliations and balancing,0,6,-6,NO
Civil & Mechanical Engineering,file,0,6,-6,NO
Civil & Mechanical Engineering,budget management,0,6,-6,NO
Civil & Mechanical Engineering,articulate,0,6,-6,NO
Civil & Mechanical Engineering,reception,0,6,-6,NO
Civil & Mechanical Engineering,glacier tax prep,0,6,-6,NO
Civil & Mechanical Engineering,sound cards,0,6,-6,NO
Civil & Mechanical Engineering,federal acquisition,0,6,-6,NO
Civil & Mechanical Engineering,mechanically-inclined,0,6,-6,NO
Civil & Mechanical Engineering,communication/presentations,0,6,-6,NO
Civil & Mechanical Engineering,inspector,0,6,-6,NO
Civil & Mechanical Engineering,corporate accounting,0,6,-6,NO
Civil & Mechanical Engineering,quality inspection professional,0,6,-6,NO
Civil & Mechanical Engineering,assurance analyst,0,6,-6,NO
Civil & Mechanical Engineering,bug tracking,0,6,-6,NO
Civil & Mechanical Engineering,systems support,0,6,-6,NO
Civil & Mechanical Engineering,wsam image,0,6,-6,NO
Civil & Mechanical Engineering,structured text,0,6,-6,NO
Civil & Mechanical Engineering,staff,0,6,-6,NO
Civil & Mechanical Engineering,api design,0,6,-6,NO
Civil & Mechanical Engineering,keep,0,6,-6,NO
Civil & Mechanical Engineering,sensors,0,6,-6,NO
Civil & Mechanical Engineering,netbeans,0,6,-6,NO
Civil & Mechanical Engineering,astrex,0,6,-6,NO
Civil & Mechanical Engineering,managerial,0,6,-6,NO
Civil & Mechanical Engineering,copier,0,6,-6,NO
Civil & Mechanical Engineering,it support services,0,6,-6,NO
Civil & Mechanical Engineering,microcontroller,0,6,-6,NO
Civil & Mechanical Engineering,monitoring and evaluation skills,0,6,-6,NO
Civil & Mechanical Engineering,business processes,0,6,-6,NO
Civil & Mechanical Engineering,kibana,0,6,-6,NO
Civil & Mechanical Engineering,microsoft test manager,0,6,-6,NO
Civil & Mechanical Engineering,works well under pressure,0,6,-6,NO
Civil & Mechanical Engineering,linux os,0,6,-6,NO
Civil & Mechanical Engineering,diagnosis and repair,0,6,-6,NO
Civil & Mechanical Engineering,retail mortgage,0,6,-6,NO
Civil & Mechanical Engineering,m&e,0,6,-6,NO
Civil & Mechanical Engineering,antivirus,0,6,-6,NO
Civil & Mechanical Engineering,xamarin studio,0,6,-6,NO
Civil & Mechanical Engineering,security: basic knowledge of ipsec / ssl-vpn / nat / gre,0,6,-6,NO
Civil & Mechanical Engineering,salesforce lead management,0,6,-6,NO
Civil & Mechanical Engineering,bilingual spanish (fluent,0,6,-6,NO
Civil & Mechanical Engineering,erp : microsoft ax dynamics,0,6,-6,NO
Civil & Mechanical Engineering,developer 2000,0,6,-6,NO
Civil & Mechanical Engineering,aws view,0,6,-6,NO
Civil & Mechanical Engineering,openvpn,0,6,-6,NO
Civil & Mechanical Engineering,letters and memos,0,6,-6,NO
Civil & Mechanical Engineering,process-engineering,0,6,-6,NO
Civil & Mechanical Engineering,renovations,0,6,-6,NO
Civil & Mechanical Engineering,installation of hardware,0,6,-6,NO
Civil & Mechanical Engineering,mechanical component troubleshooting,0,6,-6,NO
Civil & Mechanical Engineering,snmp,0,6,-6,NO
Civil & Mechanical Engineering,analog and digital filter design,0,6,-6,NO
Civil & Mechanical Engineering,programming language,0,6,-6,NO
Civil & Mechanical Engineering,sas-stat,0,6,-6,NO
Civil & Mechanical Engineering,mcafee endpoint security,0,6,-6,NO
Civil & Mechanical Engineering,mlops,0,6,-6,NO
Civil & Mechanical Engineering,p&l management,0,6,-6,NO
Civil & Mechanical Engineering,positouch,0,6,-6,NO
Civil & Mechanical Engineering,app development (android and ios),0,6,-6,NO
Civil & Mechanical Engineering,and banked cash,0,6,-6,NO
Civil & Mechanical Engineering,informatica,0,6,-6,NO
Civil & Mechanical Engineering,aci-interchange,0,6,-6,NO
Civil & Mechanical Engineering,integrated reporting information system (iris),0,6,-6,NO
Civil & Mechanical Engineering,postgresql),0,6,-6,NO
Civil & Mechanical Engineering,iccverify,0,6,-6,NO
Civil & Mechanical Engineering,auto-cad,0,6,-6,NO
Civil & Mechanical Engineering,aviation,0,6,-6,NO
Civil & Mechanical Engineering,ms office: v-look up,0,6,-6,NO
Civil & Mechanical Engineering,analyzing market trends,0,6,-6,NO
Civil & Mechanical Engineering,model development,0,6,-6,NO
Civil & Mechanical Engineering,mrp,0,6,-6,NO
Civil & Mechanical Engineering,opengl,0,6,-6,NO
Civil & Mechanical Engineering,code blocks,0,6,-6,NO
Civil & Mechanical Engineering,proficient in ms-office (word/excel/powerpoint),0,6,-6,NO
Civil & Mechanical Engineering,accounting operations,0,6,-6,NO
Civil & Mechanical Engineering,tutoring,0,6,-6,NO
Civil & Mechanical Engineering,adt,0,6,-6,NO
Civil & Mechanical Engineering,socs,0,6,-6,NO
Civil & Mechanical Engineering,scrum & agile,0,6,-6,NO
Civil & Mechanical Engineering,employee relations,0,6,-6,NO
Civil & Mechanical Engineering,digital design,0,6,-6,NO
Civil & Mechanical Engineering,corrective maintenance,0,6,-6,NO
Civil & Mechanical Engineering,simulations using witness13 and simio,0,6,-6,NO
Civil & Mechanical Engineering,dataset management,0,6,-6,NO
Civil & Mechanical Engineering,office equipment such as copiers,0,6,-6,NO
Civil & Mechanical Engineering,software/pc/lan troubleshooting,0,6,-6,NO
Civil & Mechanical Engineering,device drivers,0,6,-6,NO
Civil & Mechanical Engineering,system administrator,0,6,-6,NO
Civil & Mechanical Engineering,environmental science,0,6,-6,NO
Civil & Mechanical Engineering,computer networks,0,6,-6,NO
Civil & Mechanical Engineering,networking: tcp/ip,0,6,-6,NO
Civil & Mechanical Engineering,pdf: adobe reader / adobe acrobat x,0,6,-6,NO
Civil & Mechanical Engineering,technical reviews,0,6,-6,NO
Civil & Mechanical Engineering,vista),0,6,-6,NO
Civil & Mechanical Engineering,junit,0,6,-6,NO
Civil & Mechanical Engineering,fabrication,0,6,-6,NO
Civil & Mechanical Engineering,technical communication skills - bug triage,0,6,-6,NO
Civil & Mechanical Engineering,wireless,0,6,-6,NO
Civil & Mechanical Engineering,iis 6,0,6,-6,NO
Civil & Mechanical Engineering,rest apis (graphql),0,6,-6,NO
Civil & Mechanical Engineering,resolve customer complaints,0,6,-6,NO
Civil & Mechanical Engineering,recruiting,0,6,-6,NO
Civil & Mechanical Engineering,grinders,0,6,-6,NO
Civil & Mechanical Engineering,chrome,0,6,-6,NO
Civil & Mechanical Engineering,real time embedded,0,6,-6,NO
Civil & Mechanical Engineering,powerworld,0,6,-6,NO
Civil & Mechanical Engineering,engineering standards expert,0,6,-6,NO
Civil & Mechanical Engineering,scada,0,6,-6,NO
Civil & Mechanical Engineering,critical thinking with root cause analysis,0,6,-6,NO
Civil & Mechanical Engineering,peer review,0,6,-6,NO
Civil & Mechanical Engineering,google apps (drive,0,6,-6,NO
Civil & Mechanical Engineering,pascal,0,6,-6,NO
Civil & Mechanical Engineering,automated testing,0,6,-6,NO
Civil & Mechanical Engineering,analytics,0,6,-6,NO
Civil & Mechanical Engineering,advanced problem solving abilities,0,6,-6,NO
Civil & Mechanical Engineering,professional demeanor,0,6,-6,NO
Civil & Mechanical Engineering,ms power point,0,6,-6,NO
Civil & Mechanical Engineering,technical proposal writing skills,0,6,-6,NO
Civil & Mechanical Engineering,procedure writing,0,6,-6,NO
Civil & Mechanical Engineering,32 and 64 slice cts,0,6,-6,NO
Civil & Mechanical Engineering,iso 9000,0,6,-6,NO
Civil & Mechanical Engineering,to check preparation and mailing,0,6,-6,NO
Civil & Mechanical Engineering,sublime text,0,6,-6,NO
Civil & Mechanical Engineering,configuration,0,6,-6,NO
Civil & Mechanical Engineering,computer applications,0,6,-6,NO
Civil & Mechanical Engineering,hyperion essbase,0,6,-6,NO
Civil & Mechanical Engineering,design and drafting of custom seal solutions,0,6,-6,NO
Civil & Mechanical Engineering,dependable,0,6,-6,NO
Civil & Mechanical Engineering,falcon dust-off compressed gas duster,0,6,-6,NO
Civil & Mechanical Engineering,erp-sap,0,6,-6,NO
Civil & Mechanical Engineering,gpu,0,6,-6,NO
Civil & Mechanical Engineering,clustering analysis,0,6,-6,NO
Civil & Mechanical Engineering,version control tools: git-bash,0,6,-6,NO
Civil & Mechanical Engineering,iso 8583,0,6,-6,NO
Civil & Mechanical Engineering,node.js,0,6,-6,NO
Civil & Mechanical Engineering,approval by appropriate party,0,6,-6,NO
Civil & Mechanical Engineering,geometric dimensioning,0,6,-6,NO
Civil & Mechanical Engineering,videoscribe software,0,6,-6,NO
Civil & Mechanical Engineering,orthopedics,0,6,-6,NO
Civil & Mechanical Engineering,ability to take initiative and exhibit flexibility.,0,6,-6,NO
Civil & Mechanical Engineering,using specialized accounting software.,0,6,-6,NO
Civil & Mechanical Engineering,aws(emr,0,6,-6,NO
Civil & Mechanical Engineering,staff training/development,0,6,-6,NO
Civil & Mechanical Engineering,financial planner,0,6,-6,NO
Civil & Mechanical Engineering,brake repair and replacement,0,6,-6,NO
Civil & Mechanical Engineering,fiscal management,0,6,-6,NO
Civil & Mechanical Engineering,pivot table,0,6,-6,NO
Civil & Mechanical Engineering,usability testing,0,6,-6,NO
Civil & Mechanical Engineering,problem-solver,0,6,-6,NO
Civil & Mechanical Engineering,machine learning engineering,0,6,-6,NO
Civil & Mechanical Engineering,skilled in the operation of workstations and servers,0,6,-6,NO
Civil & Mechanical Engineering,interviewing techniques,0,6,-6,NO
Civil & Mechanical Engineering,fixed asset solutions software,0,6,-6,NO
Civil & Mechanical Engineering,iworks,0,6,-6,NO
Civil & Mechanical Engineering,interpersonal and communication skills,0,6,-6,NO
Civil & Mechanical Engineering,coded the general ledger and processed vendor invoice payments.,0,6,-6,NO
Civil & Mechanical Engineering,have interpersonal skills to deal effectively with all business contacts.,0,6,-6,NO
Civil & Mechanical Engineering,excel training,0,6,-6,NO
Civil & Mechanical Engineering,technical report writing,0,6,-6,NO
Civil & Mechanical Engineering,clinical research,0,6,-6,NO
Civil & Mechanical Engineering,desktop support,0,6,-6,NO
Civil & Mechanical Engineering,dmf and project work process,0,6,-6,NO
Civil & Mechanical Engineering,aspen,0,6,-6,NO
Civil & Mechanical Engineering,database administration,0,6,-6,NO
Civil & Mechanical Engineering,revit,0,6,-6,NO
Civil & Mechanical Engineering,some experience with authentication protocols (radius / tacacs),0,6,-6,NO
Civil & Mechanical Engineering,responsible for preparing and posting entries for the daily posting packet,0,6,-6,NO
Civil & Mechanical Engineering,itil v,0,6,-6,NO
Civil & Mechanical Engineering,strong management skills,0,6,-6,NO
Civil & Mechanical Engineering,mechanical repair,0,6,-6,NO
Civil & Mechanical Engineering,ibm/lenovo,0,6,-6,NO
Civil & Mechanical Engineering,content development,0,6,-6,NO
Civil & Mechanical Engineering,some basic cisco ios,0,6,-6,NO
Civil & Mechanical Engineering,p & l management,0,6,-6,NO
Civil & Mechanical Engineering,windows (95,0,6,-6,NO
Civil & Mechanical Engineering,strong leadership skills,0,6,-6,NO
Civil & Mechanical Engineering,team-oriented,0,6,-6,NO
Civil & Mechanical Engineering,lstms,0,6,-6,NO
Civil & Mechanical Engineering,market analysis,0,6,-6,NO
Civil & Mechanical Engineering,mas 90,0,6,-6,NO
Civil & Mechanical Engineering,ssms,0,6,-6,NO
Civil & Mechanical Engineering,toyota production systems,0,6,-6,NO
Civil & Mechanical Engineering,tenacity,0,6,-6,NO
Civil & Mechanical Engineering,law enforcement,0,6,-6,NO
Civil & Mechanical Engineering,retail sales,0,6,-6,NO
Civil & Mechanical Engineering,managerial accounting,0,6,-6,NO
Civil & Mechanical Engineering,voyager),0,6,-6,NO
Civil & Mechanical Engineering,paperless proposals,0,6,-6,NO
Civil & Mechanical Engineering,database software,0,6,-6,NO
Civil & Mechanical Engineering,financial audits,0,6,-6,NO
Civil & Mechanical Engineering,technical program management,0,6,-6,NO
Civil & Mechanical Engineering,project management lifecycle,0,6,-6,NO
Civil & Mechanical Engineering,prosystem,0,6,-6,NO
Civil & Mechanical Engineering,tesseract,0,6,-6,NO
Civil & Mechanical Engineering,unix shell scripting (bash),0,6,-6,NO
Civil & Mechanical Engineering,fiber optics,0,6,-6,NO
Civil & Mechanical Engineering,vi,0,6,-6,NO
Civil & Mechanical Engineering,power user of microsoft excel epicor netsuite quickbooks hyperion great plains sage intacct,0,6,-6,NO
Civil & Mechanical Engineering,series analysis,0,6,-6,NO
Civil & Mechanical Engineering,katalon studio,0,6,-6,NO
Civil & Mechanical Engineering,technology architecture analysis,0,6,-6,NO
Civil & Mechanical Engineering,concur,0,6,-6,NO
Civil & Mechanical Engineering,initiative to work independently,0,6,-6,NO
Civil & Mechanical Engineering,sarbanesoxley,0,6,-6,NO
Civil & Mechanical Engineering,ndt level ii,0,6,-6,NO
Civil & Mechanical Engineering,media relations,0,6,-6,NO
Civil & Mechanical Engineering,catsweb,0,6,-6,NO
Civil & Mechanical Engineering,google documents,0,6,-6,NO
Civil & Mechanical Engineering,superior analytical skills,0,6,-6,NO
Civil & Mechanical Engineering,a highly motivated and energetic personality.,0,6,-6,NO
Civil & Mechanical Engineering,employee training,0,6,-6,NO
Civil & Mechanical Engineering,microsoft access 2010,0,6,-6,NO
Civil & Mechanical Engineering,mechanical theory,0,6,-6,NO
Civil & Mechanical Engineering,telecommunication,0,6,-6,NO
Civil & Mechanical Engineering,analytical and logical,0,6,-6,NO
Civil & Mechanical Engineering,the sales,0,6,-6,NO
Civil & Mechanical Engineering,financial analysis/planning,0,6,-6,NO
Civil & Mechanical Engineering,cost-benefit analysis,0,6,-6,NO
Civil & Mechanical Engineering,telecom,0,6,-6,NO
Civil & Mechanical Engineering,ubuntu 14.04,0,6,-6,NO
Civil & Mechanical Engineering,database management system and administration,0,6,-6,NO
Civil & Mechanical Engineering,emacs,0,6,-6,NO
Civil & Mechanical Engineering,managing releases,0,6,-6,NO
Civil & Mechanical Engineering,nanovision,0,6,-6,NO
Civil & Mechanical Engineering,98,0,6,-6,NO
Civil & Mechanical Engineering,pcb,0,6,-6,NO
Civil & Mechanical Engineering,functional block diagram,0,6,-6,NO
Civil & Mechanical Engineering,g/l,0,6,-6,NO
Civil & Mechanical Engineering,cloud management,0,6,-6,NO
Civil & Mechanical Engineering,cmpro,0,6,-6,NO
Civil & Mechanical Engineering,research and development,0,6,-6,NO
Civil & Mechanical Engineering,facility and plant modifications,0,6,-6,NO
Civil & Mechanical Engineering,insights,0,6,-6,NO
Civil & Mechanical Engineering,xls data input,0,6,-6,NO
Civil & Mechanical Engineering,microsoft office (word,0,6,-6,NO
Civil & Mechanical Engineering,decisive leader,0,6,-6,NO
Civil & Mechanical Engineering,visual test,0,6,-6,NO
Civil & Mechanical Engineering,designer 2000,0,6,-6,NO
Civil & Mechanical Engineering,scientific,0,6,-6,NO
Civil & Mechanical Engineering,exchange,0,6,-6,NO
Civil & Mechanical Engineering,loss optimization,0,6,-6,NO
Civil & Mechanical Engineering,textpad,0,6,-6,NO
Civil & Mechanical Engineering,improving accounting and internal control systems,0,6,-6,NO
Civil & Mechanical Engineering,assisted the cfo with the production of the monthly financials,0,6,-6,NO
Civil & Mechanical Engineering,jmeter,0,6,-6,NO
Civil & Mechanical Engineering,traceability matrix,0,6,-6,NO
Civil & Mechanical Engineering,cdi,0,6,-6,NO
Civil & Mechanical Engineering,troubleshooting windows,0,6,-6,NO
Civil & Mechanical Engineering,hpc,0,6,-6,NO
Civil & Mechanical Engineering,leadership mentoring,0,6,-6,NO
Civil & Mechanical Engineering,k-means,0,6,-6,NO
Civil & Mechanical Engineering,ppap,0,6,-6,NO
Civil & Mechanical Engineering,lan/wan,0,6,-6,NO
Civil & Mechanical Engineering,excellent writing skills,0,6,-6,NO
Civil & Mechanical Engineering,microsoft office: word / advanced ms excel skills /ms access / powerpoint / outlook,0,6,-6,NO
Civil & Mechanical Engineering,ipsec,0,6,-6,NO
Civil & Mechanical Engineering,s3),0,6,-6,NO
Civil & Mechanical Engineering,marketing & sales,0,6,-6,NO
Civil & Mechanical Engineering,html 5,0,6,-6,NO
Civil & Mechanical Engineering,echimp,0,6,-6,NO
Civil & Mechanical Engineering,managing multiple priorities,0,6,-6,NO
Civil & Mechanical Engineering,retail analytics,0,6,-6,NO
Civil & Mechanical Engineering,pro series,0,6,-6,NO
Civil & Mechanical Engineering,accounts and group policy,0,6,-6,NO
Civil & Mechanical Engineering,employee training and development,0,6,-6,NO
Civil & Mechanical Engineering,act!,0,6,-6,NO
Civil & Mechanical Engineering,water quality,0,6,-6,NO
Civil & Mechanical Engineering,business systems,0,6,-6,NO
Civil & Mechanical Engineering,dropbox,0,6,-6,NO
Civil & Mechanical Engineering,switchgear,0,6,-6,NO
Civil & Mechanical Engineering,proxmox,0,6,-6,NO
Civil & Mechanical Engineering,icims,0,6,-6,NO
Civil & Mechanical Engineering,implementing,0,6,-6,NO
Civil & Mechanical Engineering,prepares analyses as requested by manager and other departments,0,6,-6,NO
Civil & Mechanical Engineering,global shop,0,6,-6,NO
Civil & Mechanical Engineering,basic financial and operational reporting,0,6,-6,NO
Civil & Mechanical Engineering,grading and evaluation,0,6,-6,NO
Civil & Mechanical Engineering,powersteering,0,6,-6,NO
Civil & Mechanical Engineering,experienced with microsoft office - word,0,6,-6,NO
Civil & Mechanical Engineering,dbase iv,0,6,-6,NO
Civil & Mechanical Engineering,vendor management,0,6,-6,NO
Civil & Mechanical Engineering,white papers,0,6,-6,NO
Civil & Mechanical Engineering,safety compliance,0,6,-6,NO
Civil & Mechanical Engineering,portfolio analysis,0,6,-6,NO
Civil & Mechanical Engineering,ports,0,6,-6,NO
Civil & Mechanical Engineering,process improvement/simplification,0,6,-6,NO
Civil & Mechanical Engineering,as 400,0,6,-6,NO
Civil & Mechanical Engineering,develop drug,0,6,-6,NO
Civil & Mechanical Engineering,quest,0,6,-6,NO
Civil & Mechanical Engineering,financial planning and analysis,0,6,-6,NO
Civil & Mechanical Engineering,struts,0,6,-6,NO
Civil & Mechanical Engineering,lxc,0,6,-6,NO
Civil & Mechanical Engineering,administration of windows 2000 server,0,6,-6,NO
Civil & Mechanical Engineering,sensor,0,6,-6,NO
Civil & Mechanical Engineering,investor relations,0,6,-6,NO
Civil & Mechanical Engineering,marketing strategy,0,6,-6,NO
Civil & Mechanical Engineering,atlas,0,6,-6,NO
Civil & Mechanical Engineering,processing corporate visa accounts for payment,0,6,-6,NO
Civil & Mechanical Engineering,integration testing,0,6,-6,NO
Civil & Mechanical Engineering,financial risk management,0,6,-6,NO
Civil & Mechanical Engineering,inspections,0,6,-6,NO
Civil & Mechanical Engineering,networking support,0,6,-6,NO
Civil & Mechanical Engineering,leadership development program,0,6,-6,NO
Civil & Mechanical Engineering,business development & sales leadership,0,6,-6,NO
Civil & Mechanical Engineering,data cleansing,0,6,-6,NO
Civil & Mechanical Engineering,success factors lms,0,6,-6,NO
Civil & Mechanical Engineering,strategy/planning,0,6,-6,NO
Civil & Mechanical Engineering,dmm,0,6,-6,NO
Civil & Mechanical Engineering,ibm rationale doors,0,6,-6,NO
Civil & Mechanical Engineering,yearend,0,6,-6,NO
Civil & Mechanical Engineering,government contracts,0,6,-6,NO
Civil & Mechanical Engineering,ultra tax,0,6,-6,NO
Civil & Mechanical Engineering,usda,0,6,-6,NO
Civil & Mechanical Engineering,maintains files,0,6,-6,NO
Civil & Mechanical Engineering,instructional design,0,6,-6,NO
Civil & Mechanical Engineering,upgrading of hardware,0,6,-6,NO
Civil & Mechanical Engineering,so ware development,0,6,-6,NO
Civil & Mechanical Engineering,curriculum development,0,6,-6,NO
Civil & Mechanical Engineering,customer engagement,0,6,-6,NO
Civil & Mechanical Engineering,adp payroll,0,6,-6,NO
Civil & Mechanical Engineering,accountable for,0,6,-6,NO
Civil & Mechanical Engineering,lending,0,6,-6,NO
Civil & Mechanical Engineering,research support,0,6,-6,NO
Civil & Mechanical Engineering,established track record of exceptional sales results,0,6,-6,NO
Civil & Mechanical Engineering,office manager,0,6,-6,NO
Civil & Mechanical Engineering,mathematical modeling,0,6,-6,NO
Civil & Mechanical Engineering,payment terminals: verifone,0,6,-6,NO
Civil & Mechanical Engineering,eit,0,6,-6,NO
Civil & Mechanical Engineering,drilling engineering,0,6,-6,NO
Civil & Mechanical Engineering,upgrading,0,6,-6,NO
Civil & Mechanical Engineering,six-sigma,0,6,-6,NO
Civil & Mechanical Engineering,sites),0,6,-6,NO
Civil & Mechanical Engineering,sql developer,0,6,-6,NO
Civil & Mechanical Engineering,client development,0,6,-6,NO
Civil & Mechanical Engineering,test and troubleshoot ac/dc circuits,0,6,-6,NO
Civil & Mechanical Engineering,access database queries & data mining,0,6,-6,NO
Civil & Mechanical Engineering,ms office: pivot tables,0,6,-6,NO
Civil & Mechanical Engineering,financing,0,6,-6,NO
Civil & Mechanical Engineering,engineering standards,0,6,-6,NO
Civil & Mechanical Engineering,advanced data analytics,0,6,-6,NO
Civil & Mechanical Engineering,stat graphics,0,6,-6,NO
Civil & Mechanical Engineering,credit risk modeling,0,6,-6,NO
Civil & Mechanical Engineering,ability to lead and motivate a team,0,6,-6,NO
Civil & Mechanical Engineering,database systems,0,6,-6,NO
Civil & Mechanical Engineering,discrete mathematics,0,6,-6,NO
Civil & Mechanical Engineering,journal,0,6,-6,NO
Civil & Mechanical Engineering,systems administration,0,6,-6,NO
Civil & Mechanical Engineering,advanced critical thinking,0,6,-6,NO
Civil & Mechanical Engineering,key account management,0,6,-6,NO
Civil & Mechanical Engineering,trend,0,6,-6,NO
Civil & Mechanical Engineering,key management,0,6,-6,NO
Civil & Mechanical Engineering,ability to translate technical specifications,0,6,-6,NO
Civil & Mechanical Engineering,virtual systems: vmware,0,6,-6,NO
Civil & Mechanical Engineering,printers & scanners,0,6,-6,NO
Civil & Mechanical Engineering,programming tools: python,0,6,-6,NO
Civil & Mechanical Engineering,repair and maintenance practice,0,6,-6,NO
Civil & Mechanical Engineering,technician v,0,6,-6,NO
Civil & Mechanical Engineering,linux and os,0,6,-6,NO
Civil & Mechanical Engineering,knowledge of manufacturing test methodologies.,0,6,-6,NO
Civil & Mechanical Engineering,de-bugging,0,6,-6,NO
Civil & Mechanical Engineering,clarity,0,6,-6,NO
Civil & Mechanical Engineering,structured software,0,6,-6,NO
Civil & Mechanical Engineering,scheduling appointments,0,6,-6,NO
Civil & Mechanical Engineering,linux and os x,0,6,-6,NO
Civil & Mechanical Engineering,pages,0,6,-6,NO
Civil & Mechanical Engineering,sps,0,6,-6,NO
Civil & Mechanical Engineering,tornado,0,6,-6,NO
Civil & Mechanical Engineering,networking i,0,6,-6,NO
Civil & Mechanical Engineering,vsphere,0,6,-6,NO
Civil & Mechanical Engineering,ms outlook,0,6,-6,NO
Civil & Mechanical Engineering,mdfs,0,6,-6,NO
Civil & Mechanical Engineering,devops,0,6,-6,NO
Civil & Mechanical Engineering,nics,0,6,-6,NO
Civil & Mechanical Engineering,helioscope,0,6,-6,NO
Civil & Mechanical Engineering,telephones,0,6,-6,NO
Civil & Mechanical Engineering,architecture,0,6,-6,NO
Civil & Mechanical Engineering,ptc creo),0,6,-6,NO
Civil & Mechanical Engineering,microsoft office - word,0,6,-6,NO
Civil & Mechanical Engineering,proe,0,6,-6,NO
Civil & Mechanical Engineering,preparing financial reports,0,6,-6,NO
Civil & Mechanical Engineering,fraud detection,0,6,-6,NO
Civil & Mechanical Engineering,qcc,0,6,-6,NO
Civil & Mechanical Engineering,production process,0,6,-6,NO
Civil & Mechanical Engineering,sheet metal,0,6,-6,NO
Civil & Mechanical Engineering,live electrical,0,6,-6,NO
Civil & Mechanical Engineering,troubles,0,6,-6,NO
Civil & Mechanical Engineering,mortgage lending,0,6,-6,NO
Civil & Mechanical Engineering,astm material testing and chemical evaluations of materials,0,6,-6,NO
Civil & Mechanical Engineering,network security,0,6,-6,NO
Civil & Mechanical Engineering,venture capital,0,6,-6,NO
Civil & Mechanical Engineering,excellent communication,0,6,-6,NO
Civil & Mechanical Engineering,traffic control and state highway database,0,6,-6,NO
Civil & Mechanical Engineering,experience with autocad,0,6,-6,NO
Civil & Mechanical Engineering,supervisory control and data acquisition,0,6,-6,NO
Civil & Mechanical Engineering,5s,0,6,-6,NO
Civil & Mechanical Engineering,iterative,0,6,-6,NO
Civil & Mechanical Engineering,active noise cancelling (anc),0,6,-6,NO
Civil & Mechanical Engineering,microsoft excel expert - pivot tables,0,6,-6,NO
Civil & Mechanical Engineering,hive(hql),0,6,-6,NO
Civil & Mechanical Engineering,siemens plc,0,6,-6,NO
Civil & Mechanical Engineering,agile coach,0,6,-6,NO
Civil & Mechanical Engineering,mac ios,0,6,-6,NO
Civil & Mechanical Engineering,troubleshooting soho networks,0,6,-6,NO
Civil & Mechanical Engineering,wall paper,0,6,-6,NO
Civil & Mechanical Engineering,and irregularities to provide accurate records for tfcu and its service organizations,0,6,-6,NO
Civil & Mechanical Engineering,advanced knowledge of embedded systems,0,6,-6,NO
Civil & Mechanical Engineering,excellent negotiating tactics,0,6,-6,NO
Civil & Mechanical Engineering,sales force,0,6,-6,NO
Civil & Mechanical Engineering,proficient with microsoft word,0,6,-6,NO
Civil & Mechanical Engineering,maintain documentation,0,6,-6,NO
Civil & Mechanical Engineering,research scientist,0,6,-6,NO
Civil & Mechanical Engineering,ms visual basic,0,6,-6,NO
Civil & Mechanical Engineering,9900 portable c-arm,0,6,-6,NO
Civil & Mechanical Engineering,system configuration,0,6,-6,NO
Civil & Mechanical Engineering,mortgage banking,0,6,-6,NO
Civil & Mechanical Engineering,the sale,0,6,-6,NO
Civil & Mechanical Engineering,relational databases,0,6,-6,NO
Civil & Mechanical Engineering,qa testing,0,6,-6,NO
Civil & Mechanical Engineering,market share,0,6,-6,NO
Civil & Mechanical Engineering,gantt chart scheduler,0,6,-6,NO
Civil & Mechanical Engineering,prediction modelling,0,6,-6,NO
Civil & Mechanical Engineering,wsam-dc fiber,0,6,-6,NO
Civil & Mechanical Engineering,manages the accounts payable function - including employee/volunteer reimbursement - from processing incoming invoices,0,6,-6,NO
Civil & Mechanical Engineering,read blueprints,0,6,-6,NO
Civil & Mechanical Engineering,asset keeper pro software,0,6,-6,NO
Civil & Mechanical Engineering,social networks,0,6,-6,NO
Civil & Mechanical Engineering,openssh,0,6,-6,NO
Civil & Mechanical Engineering,qa engineering,0,6,-6,NO
Civil & Mechanical Engineering,iec 61131 (ladder logic,0,6,-6,NO
Civil & Mechanical Engineering,remedy,0,6,-6,NO
Civil & Mechanical Engineering,pc hardware and software installation,0,6,-6,NO
Civil & Mechanical Engineering,fds,0,6,-6,NO
Civil & Mechanical Engineering,ms-dos,0,6,-6,NO
Civil & Mechanical Engineering,mapreduce,0,6,-6,NO
Civil & Mechanical Engineering,total quality management,0,6,-6,NO
Civil & Mechanical Engineering,2008-2010,0,6,-6,NO
Civil & Mechanical Engineering,ms exchange,0,6,-6,NO
Civil & Mechanical Engineering,development,0,6,-6,NO
Civil & Mechanical Engineering,ccp,0,6,-6,NO
Civil & Mechanical Engineering,microsoft dynamics,0,6,-6,NO
Civil & Mechanical Engineering,trackwise,0,6,-6,NO
Civil & Mechanical Engineering,receptionist,0,6,-6,NO
Civil & Mechanical Engineering,detail oriented,0,6,-6,NO
Civil & Mechanical Engineering,oracledb,0,6,-6,NO
Civil & Mechanical Engineering,office party and event planning,0,6,-6,NO
Civil & Mechanical Engineering,test equipment repair and operation,0,6,-6,NO
Civil & Mechanical Engineering,web application development,0,6,-6,NO
Civil & Mechanical Engineering,hls,0,6,-6,NO
Civil & Mechanical Engineering,e-commerce,0,6,-6,NO
Civil & Mechanical Engineering,organized and detail-oriented,0,6,-6,NO
Civil & Mechanical Engineering,seasoned leadership,0,6,-6,NO
Civil & Mechanical Engineering,sales analysis,0,6,-6,NO
Civil & Mechanical Engineering,windows 95,0,6,-6,NO
Civil & Mechanical Engineering,out of the box thinking,0,6,-6,NO
Civil & Mechanical Engineering,mozilla thunderbird,0,6,-6,NO
Civil & Mechanical Engineering,good team player,0,6,-6,NO
Civil & Mechanical Engineering,google docs,0,6,-6,NO
Civil & Mechanical Engineering,object-oriented programming,0,6,-6,NO
Civil & Mechanical Engineering,office equipment,0,6,-6,NO
Civil & Mechanical Engineering,server management,0,6,-6,NO
Civil & Mechanical Engineering,kpi,0,6,-6,NO
Civil & Mechanical Engineering,utp,0,6,-6,NO
Civil & Mechanical Engineering,sql navigator,0,6,-6,NO
Civil & Mechanical Engineering,requirement analysis (static testing),0,6,-6,NO
Civil & Mechanical Engineering,julia,0,6,-6,NO
Civil & Mechanical Engineering,detail-oriented understanding that any downtime must be minimized if not avoidable,0,6,-6,NO
Civil & Mechanical Engineering,project manager,0,6,-6,NO
Civil & Mechanical Engineering,educated,0,6,-6,NO
Civil & Mechanical Engineering,pl/sql,0,6,-6,NO
Civil & Mechanical Engineering,macess,0,6,-6,NO
Civil & Mechanical Engineering,comfortable working at heights and odd locations,0,6,-6,NO
Civil & Mechanical Engineering,sales and management,0,6,-6,NO
Civil & Mechanical Engineering,customer service skills,0,6,-6,NO
Civil & Mechanical Engineering,and account,0,6,-6,NO
Civil & Mechanical Engineering,systems design i,0,6,-6,NO
Civil & Mechanical Engineering,usability,0,6,-6,NO
Civil & Mechanical Engineering,creating & updating documentation,0,6,-6,NO
Civil & Mechanical Engineering,ability to work in a team structure,0,6,-6,NO
Civil & Mechanical Engineering,white box,0,6,-6,NO
Civil & Mechanical Engineering,coach,0,6,-6,NO
Civil & Mechanical Engineering,mobile device support,0,6,-6,NO
Civil & Mechanical Engineering,net,0,6,-6,NO
Civil & Mechanical Engineering,optistruct),0,6,-6,NO
Civil & Mechanical Engineering,production engineering,0,6,-6,NO
Civil & Mechanical Engineering,etl,0,6,-6,NO
Civil & Mechanical Engineering,ability of managing multi tasks,0,6,-6,NO
Civil & Mechanical Engineering,rigging,0,6,-6,NO
Civil & Mechanical Engineering,tally,0,6,-6,NO
Civil & Mechanical Engineering,contextual reasoning,0,6,-6,NO
Civil & Mechanical Engineering,middle school & high school math,0,6,-6,NO
Civil & Mechanical Engineering,program development,0,6,-6,NO
Civil & Mechanical Engineering,troubleshoot and identify faulty capacitors,0,6,-6,NO
Civil & Mechanical Engineering,performance management,0,6,-6,NO
Civil & Mechanical Engineering,pr soft,0,6,-6,NO
Civil & Mechanical Engineering,metrics,0,6,-6,NO
Civil & Mechanical Engineering,cluster analysis,0,6,-6,NO
Civil & Mechanical Engineering,software practice i/ii,0,6,-6,NO
Civil & Mechanical Engineering,etap,0,6,-6,NO
Civil & Mechanical Engineering,and write),0,6,-6,NO
Civil & Mechanical Engineering,market planning,0,6,-6,NO
Civil & Mechanical Engineering,gd&t,0,6,-6,NO
Civil & Mechanical Engineering,digital tv,0,6,-6,NO
Civil & Mechanical Engineering,lotus i,0,6,-6,NO
Civil & Mechanical Engineering,jvm,0,6,-6,NO
Civil & Mechanical Engineering,adobe creative suite,0,6,-6,NO
Civil & Mechanical Engineering,strong attention to detail,0,6,-6,NO
Civil & Mechanical Engineering,circuit boards,0,6,-6,NO
Civil & Mechanical Engineering,bugzilla,0,6,-6,NO
Civil & Mechanical Engineering,contract negotiations,0,6,-6,NO
Civil & Mechanical Engineering,therapy,0,6,-6,NO
Civil & Mechanical Engineering,presenting,0,6,-6,NO
Civil & Mechanical Engineering,horizontal,0,6,-6,NO
Civil & Mechanical Engineering,voice,0,6,-6,NO
Civil & Mechanical Engineering,sharepoint use experience,0,6,-6,NO
Civil & Mechanical Engineering,ocr,0,6,-6,NO
Civil & Mechanical Engineering,mainframe,0,6,-6,NO
Civil & Mechanical Engineering,slides,0,6,-6,NO
Civil & Mechanical Engineering,ethernet,0,6,-6,NO
Civil & Mechanical Engineering,marketing strategist,0,6,-6,NO
Civil & Mechanical Engineering,kek,0,6,-6,NO
Civil & Mechanical Engineering,flash,0,6,-6,NO
Civil & Mechanical Engineering,excel in areas of expertise,0,6,-6,NO
Civil & Mechanical Engineering,typing speed,0,6,-6,NO
Civil & Mechanical Engineering,autocad civil 3d,0,6,-6,NO
Civil & Mechanical Engineering,sales objectives,0,6,-6,NO
Civil & Mechanical Engineering,microsoft office suite (2013),0,6,-6,NO
Civil & Mechanical Engineering,skill 2,0,6,-6,NO
Civil & Mechanical Engineering,configuring network and end user security,0,6,-6,NO
Civil & Mechanical Engineering,budget 5,0,6,-6,NO
Civil & Mechanical Engineering,book keeping,0,6,-6,NO
Civil & Mechanical Engineering,reliable,0,6,-6,NO
Civil & Mechanical Engineering,advertisements,0,6,-6,NO
Civil & Mechanical Engineering,skills,0,6,-6,NO
Civil & Mechanical Engineering,and works with branch staff to ensure incoming wires are posted and resolve issues,0,6,-6,NO
Civil & Mechanical Engineering,neural,0,6,-6,NO
Civil & Mechanical Engineering,lotus,0,6,-6,NO
Civil & Mechanical Engineering,cd-rom,0,6,-6,NO
Civil & Mechanical Engineering,and identifies and resolves errors,0,6,-6,NO
Civil & Mechanical Engineering,profit pluss 2k8,0,6,-6,NO
Civil & Mechanical Engineering,apache pig,0,6,-6,NO
Civil & Mechanical Engineering,firstdata certpro and more,0,6,-6,NO
Civil & Mechanical Engineering,os x 10.8-10.11,0,6,-6,NO
Civil & Mechanical Engineering,desktops,0,6,-6,NO
Civil & Mechanical Engineering,blackboard,0,6,-6,NO
Civil & Mechanical Engineering,assemble/disassemble pcs and electronics to the component level,0,6,-6,NO
Civil & Mechanical Engineering,ms office suite (word,0,6,-6,NO
Civil & Mechanical Engineering,image segmentation,0,6,-6,NO
Civil & Mechanical Engineering,articles,0,6,-6,NO
Civil & Mechanical Engineering,ms frontpage,0,6,-6,NO
Civil & Mechanical Engineering,safety codes,0,6,-6,NO
Civil & Mechanical Engineering,flask api,0,6,-6,NO
Civil & Mechanical Engineering,maintenance management,0,6,-6,NO
Civil & Mechanical Engineering,k-means clustering,0,6,-6,NO
Civil & Mechanical Engineering,project planning and management,0,6,-6,NO
Civil & Mechanical Engineering,programming languages,0,6,-6,NO
Civil & Mechanical Engineering,failure modes and effective analysis (fmea),0,6,-6,NO
Civil & Mechanical Engineering,conflict management,0,6,-6,NO
Civil & Mechanical Engineering,pfd,0,6,-6,NO
Civil & Mechanical Engineering,pq,0,6,-6,NO
Civil & Mechanical Engineering,forklift,0,6,-6,NO
Civil & Mechanical Engineering,competitive analysis,0,6,-6,NO
Civil & Mechanical Engineering,information systems,0,6,-6,NO
Civil & Mechanical Engineering,loans,0,6,-6,NO
Civil & Mechanical Engineering,responds to inquiries from that manager regarding budgeted and actual expenses,0,6,-6,NO
Civil & Mechanical Engineering,functional requirements,0,6,-6,NO
Civil & Mechanical Engineering,production analytics,0,6,-6,NO
Civil & Mechanical Engineering,meeting facilitation,0,6,-6,NO
Civil & Mechanical Engineering,reactjs,0,6,-6,NO
Civil & Mechanical Engineering,public relations software: bacons mediasource,0,6,-6,NO
Civil & Mechanical Engineering,pro e,0,6,-6,NO
Civil & Mechanical Engineering,machining,0,6,-6,NO
Civil & Mechanical Engineering,attention to detail,0,6,-6,NO
Civil & Mechanical Engineering,msa,0,6,-6,NO
Civil & Mechanical Engineering,omissions,0,6,-6,NO
Civil & Mechanical Engineering,building commissioning experience,0,6,-6,NO
Civil & Mechanical Engineering,torquisesvn,0,6,-6,NO
Civil & Mechanical Engineering,influencing and negotiation,0,6,-6,NO
Civil & Mechanical Engineering,product development and design,0,6,-6,NO
Civil & Mechanical Engineering,verifies those wires have all required documentation,0,6,-6,NO
Civil & Mechanical Engineering,scripting,0,6,-6,NO
Civil & Mechanical Engineering,sap fi,0,6,-6,NO
Civil & Mechanical Engineering,engineering management,0,6,-6,NO
Civil & Mechanical Engineering,acquisitions,0,6,-6,NO
Civil & Mechanical Engineering,sap r/3,0,6,-6,NO
Civil & Mechanical Engineering,heat,0,6,-6,NO
Civil & Mechanical Engineering,underwriting,0,6,-6,NO
Civil & Mechanical Engineering,ceridian,0,6,-6,NO
Civil & Mechanical Engineering,business associate,0,6,-6,NO
Civil & Mechanical Engineering,staff development/leadership,0,6,-6,NO
Civil & Mechanical Engineering,microwave,0,6,-6,NO
Civil & Mechanical Engineering,software quality engineer,0,6,-6,NO
Civil & Mechanical Engineering,researched and resolved billing and invoice problems.,0,6,-6,NO
Civil & Mechanical Engineering,business operations,0,6,-6,NO
Civil & Mechanical Engineering,integrating content protection systems,0,6,-6,NO
Civil & Mechanical Engineering,icgs / idds,0,6,-6,NO
Civil & Mechanical Engineering,strategy consulting,0,6,-6,NO
Civil & Mechanical Engineering,laundry,0,6,-6,NO
Civil & Mechanical Engineering,lucidchart,0,6,-6,NO
Civil & Mechanical Engineering,file structures,0,6,-6,NO
Civil & Mechanical Engineering,osi,0,6,-6,NO
Civil & Mechanical Engineering,applied machine learning,0,6,-6,NO
Civil & Mechanical Engineering,strong requirement tracing,0,6,-6,NO
Civil & Mechanical Engineering,internal medicine,0,6,-6,NO
Civil & Mechanical Engineering,ats,0,6,-6,NO
Civil & Mechanical Engineering,project coordination,0,6,-6,NO
Civil & Mechanical Engineering,ruby on rails,0,6,-6,NO
Civil & Mechanical Engineering,payroll mate,0,6,-6,NO
Civil & Mechanical Engineering,941 withholding accounting,0,6,-6,NO
Civil & Mechanical Engineering,tsys certifynow,0,6,-6,NO
Civil & Mechanical Engineering,yarn,0,6,-6,NO
Civil & Mechanical Engineering,labor relations,0,6,-6,NO
Civil & Mechanical Engineering,skill 3,0,6,-6,NO
Civil & Mechanical Engineering,maintain and document.,0,6,-6,NO
Civil & Mechanical Engineering,data gathering,0,6,-6,NO
Civil & Mechanical Engineering,lesson planning,0,6,-6,NO
Civil & Mechanical Engineering,ms-excel,0,6,-6,NO
Civil & Mechanical Engineering,react native,0,6,-6,NO
Civil & Mechanical Engineering,management training,0,6,-6,NO
Civil & Mechanical Engineering,adobe dreamweaver,0,6,-6,NO
Civil & Mechanical Engineering,data insights,0,6,-6,NO
Civil & Mechanical Engineering,equipment inventory,0,6,-6,NO
Civil & Mechanical Engineering,ibm-aix,0,6,-6,NO
Civil & Mechanical Engineering,excellent time management skills,0,6,-6,NO
Civil & Mechanical Engineering,vcms,0,6,-6,NO
Civil & Mechanical Engineering,payroll experts,0,6,-6,NO
Civil & Mechanical Engineering,automated test scripts,0,6,-6,NO
Civil & Mechanical Engineering,lighting designs using visual professional,0,6,-6,NO
Civil & Mechanical Engineering,core java,0,6,-6,NO
Civil & Mechanical Engineering,processes outgoing and incoming wires,0,6,-6,NO
Civil & Mechanical Engineering,weka,0,6,-6,NO
Civil & Mechanical Engineering,pax and innowi,0,6,-6,NO
Civil & Mechanical Engineering,basis,0,6,-6,NO
Civil & Mechanical Engineering,maple,0,6,-6,NO
Civil & Mechanical Engineering,training material,0,6,-6,NO
Civil & Mechanical Engineering,new products,0,6,-6,NO
Civil & Mechanical Engineering,user centered design,0,6,-6,NO
Civil & Mechanical Engineering,full accounting cycle,0,6,-6,NO
Civil & Mechanical Engineering,chasepaymentech,0,6,-6,NO
Civil & Mechanical Engineering,data transition,0,6,-6,NO
Civil & Mechanical Engineering,contract management,0,6,-6,NO
Civil & Mechanical Engineering,azure data factory,0,6,-6,NO
Civil & Mechanical Engineering,wago codesys,0,6,-6,NO
Civil & Mechanical Engineering,managed sales,0,6,-6,NO
Civil & Mechanical Engineering,.ney(vb,0,6,-6,NO
Civil & Mechanical Engineering,input into the system,0,6,-6,NO
Civil & Mechanical Engineering,scrum master,0,6,-6,NO
Civil & Mechanical Engineering,jquery,0,6,-6,NO
Civil & Mechanical Engineering,interpersonal communications,0,6,-6,NO
Civil & Mechanical Engineering,algorithm design,0,6,-6,NO
Civil & Mechanical Engineering,executive presentations,0,6,-6,NO
Civil & Mechanical Engineering,performance tracking and evaluation,0,6,-6,NO
Civil & Mechanical Engineering,automotive,0,6,-6,NO
Civil & Mechanical Engineering,sql server 2008,0,6,-6,NO
Civil & Mechanical Engineering,advanced engineering knowledge,0,6,-6,NO
Civil & Mechanical Engineering,decorating,0,6,-6,NO
Civil & Mechanical Engineering,self-motivation,0,6,-6,NO
Civil & Mechanical Engineering,training program implementation,0,6,-6,NO
Civil & Mechanical Engineering,multi-line telephone,0,6,-6,NO
Civil & Mechanical Engineering,primary care,0,6,-6,NO
Civil & Mechanical Engineering,control system design,0,6,-6,NO
Civil & Mechanical Engineering,5 why,0,6,-6,NO
Civil & Mechanical Engineering,oracle financials,0,6,-6,NO
Civil & Mechanical Engineering,aramark service trained on ge amx 4 and amx4+ portable xr unit,0,6,-6,NO
Civil & Mechanical Engineering,creativity,0,6,-6,NO
Civil & Mechanical Engineering,analytical thinking,0,6,-6,NO
Civil & Mechanical Engineering,tear,0,6,-6,NO
Civil & Mechanical Engineering,pico or suri,0,6,-6,NO
Civil & Mechanical Engineering,digital communications with fiber optics,0,6,-6,NO
Civil & Mechanical Engineering,test scenario engineering,0,6,-6,NO
Civil & Mechanical Engineering,toad,0,6,-6,NO
Civil & Mechanical Engineering,preventive maintenance,0,6,-6,NO
Civil & Mechanical Engineering,oracle experience,0,6,-6,NO
Civil & Mechanical Engineering,sales strategies,0,6,-6,NO
Civil & Mechanical Engineering,webex,0,6,-6,NO
Civil & Mechanical Engineering,chemical engineering technician,0,6,-6,NO
Civil & Mechanical Engineering,netgear,0,6,-6,NO
Civil & Mechanical Engineering,vbs,0,6,-6,NO
Civil & Mechanical Engineering,mis reporting,0,6,-6,NO
Civil & Mechanical Engineering,google drive sync client,0,6,-6,NO
Civil & Mechanical Engineering,operating systems: unix-aix,0,6,-6,NO
Civil & Mechanical Engineering,effective multitasking,0,6,-6,NO
Civil & Mechanical Engineering,aci- adm,0,6,-6,NO
Civil & Mechanical Engineering,database and tools: oracle 11g,0,6,-6,NO
Civil & Mechanical Engineering,quality management system implementation,0,6,-6,NO
Civil & Mechanical Engineering,product project management,0,6,-6,NO
Civil & Mechanical Engineering,profit and loss statement,0,6,-6,NO
Civil & Mechanical Engineering,cases,0,6,-6,NO
Civil & Mechanical Engineering,financials budgeting & forecasting,0,6,-6,NO
Civil & Mechanical Engineering,service orientation,0,6,-6,NO
Civil & Mechanical Engineering,sanity testing,0,6,-6,NO
Civil & Mechanical Engineering,redmine,0,6,-6,NO
Civil & Mechanical Engineering,equipment calibration,0,6,-6,NO
Civil & Mechanical Engineering,timberline software,0,6,-6,NO
Civil & Mechanical Engineering,fluent in english,0,6,-6,NO
Civil & Mechanical Engineering,logo,0,6,-6,NO
Civil & Mechanical Engineering,ti),0,6,-6,NO
Civil & Mechanical Engineering,vmware,0,6,-6,NO
Civil & Mechanical Engineering,script,0,6,-6,NO
Civil & Mechanical Engineering,access control,0,6,-6,NO
Civil & Mechanical Engineering,demand creation pursuits,0,6,-6,NO
Civil & Mechanical Engineering,database management system,0,6,-6,NO
Civil & Mechanical Engineering,test and measurement equipment,0,6,-6,NO
Civil & Mechanical Engineering,dts,0,6,-6,NO
Civil & Mechanical Engineering,ss7,0,6,-6,NO
Civil & Mechanical Engineering,kubeflow,0,6,-6,NO
Civil & Mechanical Engineering,cch & ria tax research,0,6,-6,NO
Civil & Mechanical Engineering,search algorithms,0,6,-6,NO
Civil & Mechanical Engineering,video conferencing,0,6,-6,NO
Civil & Mechanical Engineering,myob,0,6,-6,NO
Civil & Mechanical Engineering,execute,0,6,-6,NO
Civil & Mechanical Engineering,system originated interfaces refers to the credit union owned system as well as external systems,0,6,-6,NO
Civil & Mechanical Engineering,experience in routing & switching (ospf / bgp / vlan / stp),0,6,-6,NO
Civil & Mechanical Engineering,process development,0,6,-6,NO
Civil & Mechanical Engineering,accounting software: peoplesoft / quickbooks,0,6,-6,NO
Civil & Mechanical Engineering,various erp systems,0,6,-6,NO
Civil & Mechanical Engineering,verifies and balances system originated interfaces and posts non-system generated transactions prepared from other sources,0,6,-6,NO
Civil & Mechanical Engineering,engineering design,0,6,-6,NO
Civil & Mechanical Engineering,iso9001 and as9100 auditing,0,6,-6,NO
Civil & Mechanical Engineering,browser support,0,6,-6,NO
Civil & Mechanical Engineering,numerical analysis,0,6,-6,NO
Civil & Mechanical Engineering,circuit design and analysis,0,6,-6,NO
Civil & Mechanical Engineering,virtual machine,0,6,-6,NO
Civil & Mechanical Engineering,npi/jdm/odm,0,6,-6,NO
Civil & Mechanical Engineering,microphones,0,6,-6,NO
Civil & Mechanical Engineering,class,0,6,-6,NO
Civil & Mechanical Engineering,gd & t,0,6,-6,NO
Civil & Mechanical Engineering,adobe analytics,0,6,-6,NO
Civil & Mechanical Engineering,chemistry,0,6,-6,NO
Civil & Mechanical Engineering,data computation libraries in python,0,6,-6,NO
Civil & Mechanical Engineering,investment banking,0,6,-6,NO
Civil & Mechanical Engineering,oracle 12c,0,6,-6,NO
Civil & Mechanical Engineering,3d,0,6,-6,NO
Civil & Mechanical Engineering,learning management: saba lms,0,6,-6,NO
Civil & Mechanical Engineering,executive management support,0,6,-6,NO
Civil & Mechanical Engineering,autodesk inventor,0,6,-6,NO
Civil & Mechanical Engineering,federal government experience,0,6,-6,NO
Civil & Mechanical Engineering,medical devices,0,6,-6,NO
Civil & Mechanical Engineering,maintaining inventory,0,6,-6,NO
Civil & Mechanical Engineering,apache,0,6,-6,NO
Civil & Mechanical Engineering,verilog hardware language,0,6,-6,NO
Civil & Mechanical Engineering,business case,0,6,-6,NO
Civil & Mechanical Engineering,data visualisation,0,6,-6,NO
Civil & Mechanical Engineering,data view,0,6,-6,NO
Civil & Mechanical Engineering,six sigma green belt,0,6,-6,NO
Civil & Mechanical Engineering,and humidity,0,6,-6,NO
Civil & Mechanical Engineering,quality engineer,0,6,-6,NO
Civil & Mechanical Engineering,toshiba certified service trained on siemens e-cam nuclear medicine camera,0,6,-6,NO
Civil & Mechanical Engineering,predict,0,6,-6,NO
Civil & Mechanical Engineering,sales and,0,6,-6,NO
Civil & Mechanical Engineering,abila mip fund accounting software,0,6,-6,NO
Civil & Mechanical Engineering,establishing goals and setting priorities,0,6,-6,NO
Civil & Mechanical Engineering,drawings,0,6,-6,NO
Civil & Mechanical Engineering,proficient in polish language,0,6,-6,NO
Civil & Mechanical Engineering,desktop publishing software: photoshop,0,6,-6,NO
Civil & Mechanical Engineering,anaconda,0,6,-6,NO
Civil & Mechanical Engineering,writing skills,0,6,-6,NO
Civil & Mechanical Engineering,compensation administration,0,6,-6,NO
Civil & Mechanical Engineering,ascertain accuracy of financial reporting,0,6,-6,NO
Civil & Mechanical Engineering,numbers,0,6,-6,NO
Civil & Mechanical Engineering,jupyter notebook,0,6,-6,NO
Civil & Mechanical Engineering,proposal writing,0,6,-6,NO
Civil & Mechanical Engineering,fedex,0,6,-6,NO
Civil & Mechanical Engineering,lean/5s,0,6,-6,NO
Civil & Mechanical Engineering,computer programming,0,6,-6,NO
Civil & Mechanical Engineering,fluke 115 compact true-rms digital multimeter,0,6,-6,NO
Civil & Mechanical Engineering,inside sales,0,6,-6,NO
Civil & Mechanical Engineering,drive,0,6,-6,NO
Civil & Mechanical Engineering,administrative manager,0,6,-6,NO
Civil & Mechanical Engineering,google bigquery,0,6,-6,NO
Civil & Mechanical Engineering,lacerte tax preparation software,0,6,-6,NO
Civil & Mechanical Engineering,printed circuit board cad (protel),0,6,-6,NO
Civil & Mechanical Engineering,reading circuit schematics,0,6,-6,NO
Civil & Mechanical Engineering,mini-tab,0,6,-6,NO
Civil & Mechanical Engineering,pro-e,0,6,-6,NO
Civil & Mechanical Engineering,quickbooks pro 2015/2016/2017,0,6,-6,NO
Civil & Mechanical Engineering,troubleshooting of hardware failure,0,6,-6,NO
Civil & Mechanical Engineering,sql server 2005,0,6,-6,NO
Civil & Mechanical Engineering,process development and engineering,0,6,-6,NO
Civil & Mechanical Engineering,critical thinking skills,0,6,-6,NO
Civil & Mechanical Engineering,defect management,0,6,-6,NO
Civil & Mechanical Engineering,credit and total accounts on computer spreadsheets/databases,0,6,-6,NO
Civil & Mechanical Engineering,supervising 4,0,6,-6,NO
Civil & Mechanical Engineering,microsoft team foundation,0,6,-6,NO
Civil & Mechanical Engineering,dvp&r,0,6,-6,NO
Civil & Mechanical Engineering,philosophy,0,6,-6,NO
Civil & Mechanical Engineering,anytime scheduler,0,6,-6,NO
Civil & Mechanical Engineering,h.264,0,6,-6,NO
Civil & Mechanical Engineering,ms excel/ ms office,0,6,-6,NO
Civil & Mechanical Engineering,video chat support,0,6,-6,NO
Civil & Mechanical Engineering,test stand fabrication,0,6,-6,NO
Civil & Mechanical Engineering,cash register,0,6,-6,NO
Civil & Mechanical Engineering,hdfs,0,6,-6,NO
Civil & Mechanical Engineering,software support,0,6,-6,NO
Civil & Mechanical Engineering,xlnet,0,6,-6,NO
Civil & Mechanical Engineering,understand different types of transmission lines: twisted pair,0,6,-6,NO
Civil & Mechanical Engineering,written and verbal communication skills,0,6,-6,NO
Civil & Mechanical Engineering,federal government,0,6,-6,NO
Civil & Mechanical Engineering,alteryx,0,6,-6,NO
Civil & Mechanical Engineering,multi-meters,0,6,-6,NO
Civil & Mechanical Engineering,demos,0,6,-6,NO
Civil & Mechanical Engineering,energy saving,0,6,-6,NO
Civil & Mechanical Engineering,administrative functions,0,6,-6,NO
Civil & Mechanical Engineering,safety member,0,6,-6,NO
Civil & Mechanical Engineering,algore fea,0,6,-6,NO
Civil & Mechanical Engineering,daily cash receipts,0,6,-6,NO
Civil & Mechanical Engineering,programmable logic controls (plc),0,6,-6,NO
Civil & Mechanical Engineering,snowflake,0,6,-6,NO
Civil & Mechanical Engineering,documenting operational procedures,0,6,-6,NO
Civil & Mechanical Engineering,computer hardware,0,6,-6,NO
Civil & Mechanical Engineering,secretary,0,6,-6,NO
Civil & Mechanical Engineering,iso 9001/as9100 standards,0,6,-6,NO
Civil & Mechanical Engineering,gcp,0,6,-6,NO
Civil & Mechanical Engineering,reading schematics,0,6,-6,NO
Civil & Mechanical Engineering,temperature,0,6,-6,NO
Civil & Mechanical Engineering,pneumatic and hydraulic theory,0,6,-6,NO
Civil & Mechanical Engineering,payroll & tax 940,0,6,-6,NO
Civil & Mechanical Engineering,good analytical skills,0,6,-6,NO
Civil & Mechanical Engineering,telephony,0,6,-6,NO
Civil & Mechanical Engineering,web design,0,6,-6,NO
Civil & Mechanical Engineering,telecom support,0,6,-6,NO
Civil & Mechanical Engineering,ios,0,6,-6,NO
Civil & Mechanical Engineering,and scanners,0,6,-6,NO
Civil & Mechanical Engineering,basic and advanced supervision training courses,0,6,-6,NO
Civil & Mechanical Engineering,ms office proficient,0,6,-6,NO
Civil & Mechanical Engineering,3ds max,0,6,-6,NO
Civil & Mechanical Engineering,econometrics,0,6,-6,NO
Civil & Mechanical Engineering,system integration testing,0,6,-6,NO
Civil & Mechanical Engineering,cables,0,6,-6,NO
Civil & Mechanical Engineering,adjustments,0,6,-6,NO
Civil & Mechanical Engineering,predictive modelling,0,6,-6,NO
Civil & Mechanical Engineering,friendly,0,6,-6,NO
Civil & Mechanical Engineering,unix-solaris,0,6,-6,NO
Civil & Mechanical Engineering,git-stash,0,6,-6,NO
Civil & Mechanical Engineering,cpr & first aid certified,0,6,-6,NO
Civil & Mechanical Engineering,patran,0,6,-6,NO
Civil & Mechanical Engineering,complyright,0,6,-6,NO
Civil & Mechanical Engineering,aws deployment,0,6,-6,NO
Civil & Mechanical Engineering,outlook express,0,6,-6,NO
Civil & Mechanical Engineering,bgp,0,6,-6,NO
Civil & Mechanical Engineering,paint,0,6,-6,NO
Civil & Mechanical Engineering,deadlines focused,0,6,-6,NO
Civil & Mechanical Engineering,studied and understand programmable logic controllers,0,6,-6,NO
Civil & Mechanical Engineering,memory,0,6,-6,NO
Civil & Mechanical Engineering,community health,0,6,-6,NO
Civil & Mechanical Engineering,pgadmin 4,0,6,-6,NO
Civil & Mechanical Engineering,strong desire to learn more,0,6,-6,NO
Civil & Mechanical Engineering,client relations development,0,6,-6,NO
Civil & Mechanical Engineering,sun,0,6,-6,NO
Civil & Mechanical Engineering,cat5e,0,6,-6,NO
Civil & Mechanical Engineering,on-call tech support,0,6,-6,NO
Civil & Mechanical Engineering,ospf,0,6,-6,NO
Civil & Mechanical Engineering,data engineer,0,6,-6,NO
Civil & Mechanical Engineering,appfolio,0,6,-6,NO
Civil & Mechanical Engineering,product owner,0,6,-6,NO
Civil & Mechanical Engineering,through cost center coding,0,6,-6,NO
Civil & Mechanical Engineering,lean manufacturingâ€‹,0,6,-6,NO
Civil & Mechanical Engineering,lucene,0,6,-6,NO
Civil & Mechanical Engineering,employee management,0,6,-6,NO
Civil & Mechanical Engineering,ridge regression,0,6,-6,NO
Civil & Mechanical Engineering,cloud-testing,0,6,-6,NO
Civil & Mechanical Engineering,engineering projects,0,6,-6,NO
Civil & Mechanical Engineering,analysis of financial systems,0,6,-6,NO
Civil & Mechanical Engineering,gpt,0,6,-6,NO
Civil & Mechanical Engineering,written communications,0,6,-6,NO
Civil & Mechanical Engineering,computersavvy,0,6,-6,NO
Civil & Mechanical Engineering,safari,0,6,-6,NO
Civil & Mechanical Engineering,tax preparation,0,6,-6,NO
Civil & Mechanical Engineering,photoshop,0,6,-6,NO
Civil & Mechanical Engineering,tax software: drake / ultra tax / turbotax,0,6,-6,NO
Civil & Mechanical Engineering,engineering resource management and forecasting,0,6,-6,NO
Civil & Mechanical Engineering,visual foxpro,0,6,-6,NO
Civil & Mechanical Engineering,crystal reports,0,6,-6,NO
Civil & Mechanical Engineering,responsible for assisting with the preparation of financial statements,0,6,-6,NO
Civil & Mechanical Engineering,database management and processing,0,6,-6,NO
Civil & Mechanical Engineering,esl students,0,6,-6,NO
Civil & Mechanical Engineering,efficient multi-tasker,0,6,-6,NO
Civil & Mechanical Engineering,one note,0,6,-6,NO
Civil & Mechanical Engineering,compensation/payroll,0,6,-6,NO
Civil & Mechanical Engineering,inventory & purchases,0,6,-6,NO
Civil & Mechanical Engineering,sourcetree,0,6,-6,NO
Civil & Mechanical Engineering,pagemaker,0,6,-6,NO
Civil & Mechanical Engineering,proficient in microsoft office,0,6,-6,NO
Civil & Mechanical Engineering,qa test,0,6,-6,NO
Civil & Mechanical Engineering,cisco ios,0,6,-6,NO
Civil & Mechanical Engineering,process invoices,0,6,-6,NO
Civil & Mechanical Engineering,anatomy,0,6,-6,NO
Civil & Mechanical Engineering,general office tools,0,6,-6,NO
Civil & Mechanical Engineering,programmable logic controllers,0,6,-6,NO
Civil & Mechanical Engineering,relational database design,0,6,-6,NO
Civil & Mechanical Engineering,adp ezlabor,0,6,-6,NO
Civil & Mechanical Engineering,dax,0,6,-6,NO
Civil & Mechanical Engineering,simulink,0,6,-6,NO
Civil & Mechanical Engineering,manufacturing yield improvement,0,6,-6,NO
Civil & Mechanical Engineering,electronic circuit analysis,0,6,-6,NO
Civil & Mechanical Engineering,inspects,0,6,-6,NO
Civil & Mechanical Engineering,boundary analysis,0,6,-6,NO
Civil & Mechanical Engineering,training manuals,0,6,-6,NO
Civil & Mechanical Engineering,special events,0,6,-6,NO
Civil & Mechanical Engineering,v-lookups,0,6,-6,NO
Civil & Mechanical Engineering,advanced manufacturing,0,6,-6,NO
Civil & Mechanical Engineering,9800,0,6,-6,NO
Civil & Mechanical Engineering,creative thinker,0,6,-6,NO
Civil & Mechanical Engineering,ringbuilder,0,6,-6,NO
Civil & Mechanical Engineering,paychex,0,6,-6,NO
Civil & Mechanical Engineering,sail point,0,6,-6,NO
Civil & Mechanical Engineering,preventative maintenance,0,6,-6,NO
Civil & Mechanical Engineering,mechanical test equipment,0,6,-6,NO
Civil & Mechanical Engineering,injection molding,0,6,-6,NO
Civil & Mechanical Engineering,accounting manager,0,6,-6,NO
Civil & Mechanical Engineering,dnn,0,6,-6,NO
Civil & Mechanical Engineering,copying,0,6,-6,NO
Civil & Mechanical Engineering,sox compliance,0,6,-6,NO
Civil & Mechanical Engineering,sklearn,0,6,-6,NO
Civil & Mechanical Engineering,determined,0,6,-6,NO
Civil & Mechanical Engineering,web based,0,6,-6,NO
Civil & Mechanical Engineering,microsoft sql,0,6,-6,NO
Civil & Mechanical Engineering,objective analysis,0,6,-6,NO
Civil & Mechanical Engineering,equinox,0,6,-6,NO
Civil & Mechanical Engineering,test artifacts: test estimation,0,6,-6,NO
Civil & Mechanical Engineering,iso-9001 standards,0,6,-6,NO
Civil & Mechanical Engineering,excellent written and verbal communication skills,0,6,-6,NO
Civil & Mechanical Engineering,client server,0,6,-6,NO
Civil & Mechanical Engineering,peoplesoft use & knowledge - queries & data mining,0,6,-6,NO
Civil & Mechanical Engineering,docs,0,6,-6,NO
Civil & Mechanical Engineering,jdbc,0,6,-6,NO
Civil & Mechanical Engineering,market expansion,0,6,-6,NO
Civil & Mechanical Engineering,aramark service trained on ge precision 500 radiology and fluoroscopic image system,0,6,-6,NO
Civil & Mechanical Engineering,account reconciliation processes,0,6,-6,NO
Civil & Mechanical Engineering,equipment operation,0,6,-6,NO
Civil & Mechanical Engineering,company platforms: workbench,0,6,-6,NO
Civil & Mechanical Engineering,executive assistant,0,6,-6,NO
Civil & Mechanical Engineering,mechanical design,0,6,-6,NO
Civil & Mechanical Engineering,six sigma tools and methodologies,0,6,-6,NO
Civil & Mechanical Engineering,weighing,0,6,-6,NO
Civil & Mechanical Engineering,dfmea,0,6,-6,NO
Civil & Mechanical Engineering,microsoft nt server,0,6,-6,NO
Civil & Mechanical Engineering,cloud architecture,0,6,-6,NO
Civil & Mechanical Engineering,owasp zap,0,6,-6,NO
Civil & Mechanical Engineering,issues management,0,6,-6,NO
Civil & Mechanical Engineering,oral communication,0,6,-6,NO
Civil & Mechanical Engineering,ms office proficiency,0,6,-6,NO
Civil & Mechanical Engineering,jax,0,6,-6,NO
Civil & Mechanical Engineering,selling and,0,6,-6,NO
Civil & Mechanical Engineering,wireless routers,0,6,-6,NO
Civil & Mechanical Engineering,counseling,0,6,-6,NO
Civil & Mechanical Engineering,cnc engineering,0,6,-6,NO
Civil & Mechanical Engineering,tax return filing,0,6,-6,NO
Civil & Mechanical Engineering,google colab,0,6,-6,NO
Civil & Mechanical Engineering,client/server,0,6,-6,NO
Civil & Mechanical Engineering,troubleshooting hardware,0,6,-6,NO
Civil & Mechanical Engineering,sorting,0,6,-6,NO
Civil & Mechanical Engineering,sharepoint foundation 2007/2010,0,6,-6,NO
Civil & Mechanical Engineering,compound synthesis,0,6,-6,NO
Civil & Mechanical Engineering,calculates and posts month end and year-end accruals as needed,0,6,-6,NO
Civil & Mechanical Engineering,sound judgment,0,6,-6,NO
Civil & Mechanical Engineering,correspondence,0,6,-6,NO
Civil & Mechanical Engineering,proficient in solidworks,0,6,-6,NO
Civil & Mechanical Engineering,catboost,0,6,-6,NO
Civil & Mechanical Engineering,data arbitration,0,6,-6,NO
Civil & Mechanical Engineering,electrical drafting,0,6,-6,NO
Civil & Mechanical Engineering,microsoft office 2003-2011,0,6,-6,NO
Civil & Mechanical Engineering,allen bradley rslogix,0,6,-6,NO
Civil & Mechanical Engineering,cadence,0,6,-6,NO
Civil & Mechanical Engineering,groovy,0,6,-6,NO
Civil & Mechanical Engineering,simultaneous,0,6,-6,NO
Civil & Mechanical Engineering,relationship building,0,6,-6,NO
Civil & Mechanical Engineering,honest,0,6,-6,NO
Civil & Mechanical Engineering,hp netservers,0,6,-6,NO
Civil & Mechanical Engineering,faxing,0,6,-6,NO
Civil & Mechanical Engineering,blueprint understanding,0,6,-6,NO
Civil & Mechanical Engineering,2k,0,6,-6,NO
Civil & Mechanical Engineering,proficient in microsoft word,0,6,-6,NO
Civil & Mechanical Engineering,state tax,0,6,-6,NO
Civil & Mechanical Engineering,marketing department,0,6,-6,NO
Civil & Mechanical Engineering,nastran,0,6,-6,NO
Civil & Mechanical Engineering,sql management studio,0,6,-6,NO
Civil & Mechanical Engineering,hypothesis analysis,0,6,-6,NO
Civil & Mechanical Engineering,desktop,0,6,-6,NO
Civil & Mechanical Engineering,correlation analysis,0,6,-6,NO
Civil & Mechanical Engineering,strong verbal communication,0,6,-6,NO
Civil & Mechanical Engineering,thoroughness,0,6,-6,NO
Civil & Mechanical Engineering,venue,0,6,-6,NO
Civil & Mechanical Engineering,secret clearance,0,6,-6,NO
Civil & Mechanical Engineering,value stream mapping,0,6,-6,NO
Civil & Mechanical Engineering,pfmea,0,6,-6,NO
Civil & Mechanical Engineering,physical therapy,0,6,-6,NO
Civil & Mechanical Engineering,network installation,0,6,-6,NO
Civil & Mechanical Engineering,monthly bank reconciliations,0,6,-6,NO
Civil & Mechanical Engineering,equipment/wiring installation,0,6,-6,NO
Civil & Mechanical Engineering,deadline compliance,0,6,-6,NO
Civil & Mechanical Engineering,basic processor design,0,6,-6,NO
Civil & Mechanical Engineering,audit report,0,6,-6,NO
Civil & Mechanical Engineering,weld,0,6,-6,NO
Civil & Mechanical Engineering,clerk,0,6,-6,NO
Civil & Mechanical Engineering,hwinfo,0,6,-6,NO
Civil & Mechanical Engineering,printing,0,6,-6,NO
Civil & Mechanical Engineering,hsrp and lan/wan architecture,0,6,-6,NO
Civil & Mechanical Engineering,project management: confluence,0,6,-6,NO
Civil & Mechanical Engineering,data integrity,0,6,-6,NO
Civil & Mechanical Engineering,ultimate boot cd (ubcd),0,6,-6,NO
Civil & Mechanical Engineering,hindi,0,6,-6,NO
Civil & Mechanical Engineering,accounts payable/accounts receivable,0,6,-6,NO
Civil & Mechanical Engineering,text extraction,0,6,-6,NO
Civil & Mechanical Engineering,excellent multitasker,0,6,-6,NO
Civil & Mechanical Engineering,audience,0,6,-6,NO
Civil & Mechanical Engineering,essbase,0,6,-6,NO
Civil & Mechanical Engineering,administrative: microsoft office suite,0,6,-6,NO
Civil & Mechanical Engineering,assembly (intel,0,6,-6,NO
Civil & Mechanical Engineering,talend,0,6,-6,NO
Civil & Mechanical Engineering,proengineer/creo,0,6,-6,NO
Civil & Mechanical Engineering,stat- fsi track,0,6,-6,NO
Civil & Mechanical Engineering,settlements,0,6,-6,NO
Civil & Mechanical Engineering,electronics i,0,6,-6,NO
Civil & Mechanical Engineering,tr069,0,6,-6,NO
Civil & Mechanical Engineering,forklift and crane certification,0,6,-6,NO
Civil & Mechanical Engineering,bounding algorithms,0,6,-6,NO
Civil & Mechanical Engineering,asp.net 4.5,0,6,-6,NO
Civil & Mechanical Engineering,oil servicing,0,6,-6,NO
Civil & Mechanical Engineering,real-time,0,6,-6,NO
Civil & Mechanical Engineering,chain management,0,6,-6,NO
Civil & Mechanical Engineering,engineering economy,0,6,-6,NO
Civil & Mechanical Engineering,welder,0,6,-6,NO
Civil & Mechanical Engineering,forecasting and planning,0,6,-6,NO
Civil & Mechanical Engineering,microsoft office proficiency,0,6,-6,NO
Civil & Mechanical Engineering,systems engineering management,0,6,-6,NO
Civil & Mechanical Engineering,dba,0,6,-6,NO
Civil & Mechanical Engineering,international business,0,6,-6,NO
Civil & Mechanical Engineering,raid,0,6,-6,NO
Civil & Mechanical Engineering,test coverage,0,6,-6,NO
Civil & Mechanical Engineering,strategic planning & development,0,6,-6,NO
Civil & Mechanical Engineering,skill 1,0,6,-6,NO
Civil & Mechanical Engineering,financial statement preparation,0,6,-6,NO
Civil & Mechanical Engineering,mpeg,0,6,-6,NO
Civil & Mechanical Engineering,electrical,0,6,-6,NO
Civil & Mechanical Engineering,data warehouse,0,6,-6,NO
Civil & Mechanical Engineering,skilled multi-tasker,0,6,-6,NO
Civil & Mechanical Engineering,government sell-offs,0,6,-6,NO
Civil & Mechanical Engineering,instrumentation and controls,0,6,-6,NO
Civil & Mechanical Engineering,combinatorial optimizations,0,6,-6,NO
Civil & Mechanical Engineering,willingness to go to whatever length it takes to solve a problem or improve a process,0,6,-6,NO
Civil & Mechanical Engineering,msi,0,6,-6,NO
Civil & Mechanical Engineering,vision systems,0,6,-6,NO
Civil & Mechanical Engineering,digital signal processing,0,6,-6,NO
Civil & Mechanical Engineering,harvard graphics,0,6,-6,NO
Civil & Mechanical Engineering,tube furnaces,0,6,-6,NO
Civil & Mechanical Engineering,prioritization,0,6,-6,NO
Civil & Mechanical Engineering,database programming,0,6,-6,NO
Civil & Mechanical Engineering,leetcode,0,6,-6,NO
Civil & Mechanical Engineering,quickbooks payroll systems,0,6,-6,NO
Civil & Mechanical Engineering,2-tier,0,6,-6,NO
Civil & Mechanical Engineering,maintains inventory,0,6,-6,NO
Civil & Mechanical Engineering,such as shared branching and atm transaction networks,0,6,-6,NO
Civil & Mechanical Engineering,ml engineer,0,6,-6,NO
Civil & Mechanical Engineering,internet accounting,0,6,-6,NO
Civil & Mechanical Engineering,panda,0,6,-6,NO
Civil & Mechanical Engineering,os/2,0,6,-6,NO
Civil & Mechanical Engineering,discover rct,0,6,-6,NO
Civil & Mechanical Engineering,seminars,0,6,-6,NO
Civil & Mechanical Engineering,expert in ms office suite,0,6,-6,NO
Civil & Mechanical Engineering,hardware and software installation,0,6,-6,NO
Civil & Mechanical Engineering,geometry,0,6,-6,NO
Civil & Mechanical Engineering,closings,0,6,-6,NO
Civil & Mechanical Engineering,low and high voltage devices,0,6,-6,NO
Civil & Mechanical Engineering,fluent in spanish,0,6,-6,NO
Civil & Mechanical Engineering,peak,0,6,-6,NO
Civil & Mechanical Engineering,stk,0,6,-6,NO
Civil & Mechanical Engineering,oral and written communication,0,6,-6,NO
Civil & Mechanical Engineering,power systems analysis,0,6,-6,NO
Civil & Mechanical Engineering,valgrind,0,6,-6,NO
Civil & Mechanical Engineering,outlook training,0,6,-6,NO
Civil & Mechanical Engineering,printer support,0,6,-6,NO
Civil & Mechanical Engineering,sql (mysql,0,6,-6,NO
Civil & Mechanical Engineering,vendor sourcing/relations,0,6,-6,NO
Civil & Mechanical Engineering,ssrs,0,6,-6,NO
Civil & Mechanical Engineering,turbo c++,0,6,-6,NO
Civil & Mechanical Engineering,remote access,0,6,-6,NO
Civil & Mechanical Engineering,meticulous attention to detail,0,6,-6,NO
Civil & Mechanical Engineering,psim,0,6,-6,NO
Civil & Mechanical Engineering,cost reduction and avoidance,0,6,-6,NO
Civil & Mechanical Engineering,government contracting,0,6,-6,NO
Civil & Mechanical Engineering,open source,0,6,-6,NO
Civil & Mechanical Engineering,calculators,0,6,-6,NO
Civil & Mechanical Engineering,catalog,0,6,-6,NO
Civil & Mechanical Engineering,coaxial,0,6,-6,NO
Civil & Mechanical Engineering,team builder,0,6,-6,NO
Civil & Mechanical Engineering,environmental health and safety,0,6,-6,NO
Civil & Mechanical Engineering,technical sales,0,6,-6,NO
Civil & Mechanical Engineering,executive decision maker,0,6,-6,NO
Civil & Mechanical Engineering,audio editing,0,6,-6,NO
Civil & Mechanical Engineering,business requirements,0,6,-6,NO
Civil & Mechanical Engineering,periodic financial reporting expert,0,6,-6,NO
Civil & Mechanical Engineering,vpn,0,6,-6,NO
Civil & Mechanical Engineering,process development and documentation,0,6,-6,NO
Civil & Mechanical Engineering,real time embedded systems,0,6,-6,NO
Civil & Mechanical Engineering,ssl,0,6,-6,NO
Civil & Mechanical Engineering,assured internal controls,0,6,-6,NO
Civil & Mechanical Engineering,affirmative action compliance,0,6,-6,NO
Civil & Mechanical Engineering,management,0,6,-6,NO
Civil & Mechanical Engineering,cryptography,0,6,-6,NO
Civil & Mechanical Engineering,aws lambda,0,6,-6,NO
Civil & Mechanical Engineering,recorded,0,6,-6,NO
Civil & Mechanical Engineering,entry level,0,6,-6,NO
Civil & Mechanical Engineering,ibm watson,0,6,-6,NO
Civil & Mechanical Engineering,heroku,0,6,-6,NO
Civil & Mechanical Engineering,calbench,0,6,-6,NO
Civil & Mechanical Engineering,develop business,0,6,-6,NO
Civil & Mechanical Engineering,from sales,0,6,-6,NO
Civil & Mechanical Engineering,discrete control system (dcs),0,6,-6,NO
Civil & Mechanical Engineering,network design,0,6,-6,NO
Civil & Mechanical Engineering,presentation,0,6,-6,NO
Civil & Mechanical Engineering,hospital pharmacy,0,6,-6,NO
Civil & Mechanical Engineering,environmental protection,0,6,-6,NO
Civil & Mechanical Engineering,mips assembler,0,6,-6,NO
Civil & Mechanical Engineering,ms office: database,0,6,-6,NO
Civil & Mechanical Engineering,database design,0,6,-6,NO
Civil & Mechanical Engineering,sales tax,0,6,-6,NO
Civil & Mechanical Engineering,personnel records maintenance,0,6,-6,NO
Civil & Mechanical Engineering,benchmarking,0,6,-6,NO
Civil & Mechanical Engineering,manual testing.,0,6,-6,NO
Civil & Mechanical Engineering,utilize oscilloscopes to measure ac frequency,0,6,-6,NO
Civil & Mechanical Engineering,clinical trials,0,6,-6,NO
Civil & Mechanical Engineering,java 1,0,6,-6,NO
Civil & Mechanical Engineering,outgoing,0,6,-6,NO
Civil & Mechanical Engineering,adapt to new technology at an accelerated rate,0,6,-6,NO
Civil & Mechanical Engineering,profit improvement,0,6,-6,NO
Civil & Mechanical Engineering,l1 l2 regression,0,6,-6,NO
Civil & Mechanical Engineering,apple lion,0,6,-6,NO
Civil & Mechanical Engineering,hungry for growth and continuous learning,0,6,-6,NO
Civil & Mechanical Engineering,budget analysis,0,6,-6,NO
Civil & Mechanical Engineering,wireless data,0,6,-6,NO
Civil & Mechanical Engineering,mcse,0,6,-6,NO
Civil & Mechanical Engineering,hiring and retention,0,6,-6,NO
Civil & Mechanical Engineering,crystal ball,0,6,-6,NO
Civil & Mechanical Engineering,management reports and board packages.,0,6,-6,NO
Civil & Mechanical Engineering,research associate,0,6,-6,NO
Civil & Mechanical Engineering,iam,0,6,-6,NO
Civil & Mechanical Engineering,pega,0,6,-6,NO
Civil & Mechanical Engineering,terminal services,0,6,-6,NO
Civil & Mechanical Engineering,compliance audits,0,6,-6,NO
Civil & Mechanical Engineering,data programming,0,6,-6,NO
Civil & Mechanical Engineering,data migration,0,6,-6,NO
Civil & Mechanical Engineering,agile methodologies,0,6,-6,NO
Civil & Mechanical Engineering,adobe illustrator,0,6,-6,NO
Civil & Mechanical Engineering,medlin,0,6,-6,NO
Civil & Mechanical Engineering,sqlite,0,6,-6,NO
Civil & Mechanical Engineering,event management,0,6,-6,NO
Civil & Mechanical Engineering,training design and development,0,6,-6,NO
Civil & Mechanical Engineering,first article inspection,0,6,-6,NO
Civil & Mechanical Engineering,hydraulic testing,0,6,-6,NO
Civil & Mechanical Engineering,electrical test,0,6,-6,NO
Civil & Mechanical Engineering,safety awareness,0,6,-6,NO
Civil & Mechanical Engineering,dell,0,6,-6,NO
Civil & Mechanical Engineering,test cases,0,6,-6,NO
Civil & Mechanical Engineering,factiva,0,6,-6,NO
Civil & Mechanical Engineering,requirement tracing,0,6,-6,NO
Civil & Mechanical Engineering,determine voltage,0,6,-6,NO
Civil & Mechanical Engineering,vss,0,6,-6,NO
Civil & Mechanical Engineering,erp implementation,0,6,-6,NO
Civil & Mechanical Engineering,laptops. android smartphones tables,0,6,-6,NO
Civil & Mechanical Engineering,data base,0,6,-6,NO
Civil & Mechanical Engineering,local remoter systems support,0,6,-6,NO
Civil & Mechanical Engineering,industrial electricity,0,6,-6,NO
Civil & Mechanical Engineering,pcanywhere,0,6,-6,NO
Civil & Mechanical Engineering,remote desktop and help desk management,0,6,-6,NO
Civil & Mechanical Engineering,scope and project definition,0,6,-6,NO
Civil & Mechanical Engineering,cloud computing,0,6,-6,NO
Civil & Mechanical Engineering,eagle accounting system,0,6,-6,NO
Civil & Mechanical Engineering,very proficient in soldering,0,6,-6,NO
Civil & Mechanical Engineering,computer management,0,6,-6,NO
Civil & Mechanical Engineering,civil engineer,0,6,-6,NO
Civil & Mechanical Engineering,ability to make decisions and solve problems,0,6,-6,NO
Civil & Mechanical Engineering,kpis,0,6,-6,NO
Civil & Mechanical Engineering,guided mechanisms,0,6,-6,NO
Civil & Mechanical Engineering,sales manager,0,6,-6,NO
Civil & Mechanical Engineering,understand overtime and on-call basis may be required,0,6,-6,NO
Civil & Mechanical Engineering,intuit proseries,0,6,-6,NO
Civil & Mechanical Engineering,office administration,0,6,-6,NO
Civil & Mechanical Engineering,toshiba certified service trained on aquilion 16,0,6,-6,NO
Civil & Mechanical Engineering,electrical mechanical,0,6,-6,NO
Civil & Mechanical Engineering,high attention to details,0,6,-6,NO
Civil & Mechanical Engineering,netscape messenger,0,6,-6,NO
Civil & Mechanical Engineering,data & network management,0,6,-6,NO
Civil & Mechanical Engineering,mechanical/electrical engineer,0,6,-6,NO
Civil & Mechanical Engineering,ability to stand and walk for hours at time.,0,6,-6,NO
Civil & Mechanical Engineering,unix terminal,0,6,-6,NO
Civil & Mechanical Engineering,dvb,0,6,-6,NO
Civil & Mechanical Engineering,google drive,0,6,-6,NO
Civil & Mechanical Engineering,lfacs,0,6,-6,NO
Civil & Mechanical Engineering,marketing/sales,0,6,-6,NO
Civil & Mechanical Engineering,excellent communication techniques,0,6,-6,NO
Civil & Mechanical Engineering,prepares budget variance reports for various departments as assigned,0,6,-6,NO
Civil & Mechanical Engineering,sale and,0,6,-6,NO
Civil & Mechanical Engineering,economic analysis,0,6,-6,NO
Civil & Mechanical Engineering,credit risk,0,6,-6,NO
Civil & Mechanical Engineering,ability to prioritize,0,6,-6,NO
Civil & Mechanical Engineering,cross-functional team leadership,0,6,-6,NO
Civil & Mechanical Engineering,ma,0,6,-6,NO
Civil & Mechanical Engineering,apache hive,0,6,-6,NO
Civil & Mechanical Engineering,sla,0,6,-6,NO
Civil & Mechanical Engineering,machine tools,0,6,-6,NO
Civil & Mechanical Engineering,15+ years of experience in accounting & bookkeeping services,0,6,-6,NO
Civil & Mechanical Engineering,installation of network components,0,6,-6,NO
Civil & Mechanical Engineering,ultratax,0,6,-6,NO
Civil & Mechanical Engineering,multi-task management,0,6,-6,NO
Civil & Mechanical Engineering,troubleshooting a network failure,0,6,-6,NO
Civil & Mechanical Engineering,skill 6,0,6,-6,NO
Civil & Mechanical Engineering,image freeway,0,6,-6,NO
Civil & Mechanical Engineering,phones,0,6,-6,NO
Civil & Mechanical Engineering,b2c,0,6,-6,NO
Civil & Mechanical Engineering,glove,0,6,-6,NO
Civil & Mechanical Engineering,statistical analysis: jmp,0,6,-6,NO
Civil & Mechanical Engineering,film,0,6,-6,NO
Civil & Mechanical Engineering,streamlit,0,6,-6,NO
Civil & Mechanical Engineering,analysis (linear & non-linear static,0,6,-6,NO
Civil & Mechanical Engineering,high efficiency,0,6,-6,NO
Civil & Mechanical Engineering,lean/six sigma principles,0,6,-6,NO
Civil & Mechanical Engineering,routing,0,6,-6,NO
Civil & Mechanical Engineering,t1,0,6,-6,NO
Civil & Mechanical Engineering,public and private accounting,0,6,-6,NO
Civil & Mechanical Engineering,capital expenditures,0,6,-6,NO
Civil & Mechanical Engineering,prepared various specialty reports,0,6,-6,NO
Civil & Mechanical Engineering,exceptional interpersonal communication,0,6,-6,NO
Civil & Mechanical Engineering,advanced material selection for rapid prototyping,0,6,-6,NO
Civil & Mechanical Engineering,purchase orders,0,6,-6,NO
Civil & Mechanical Engineering,csi,0,6,-6,NO
Civil & Mechanical Engineering,eclipsys,0,6,-6,NO
Civil & Mechanical Engineering,selenium (automated testing),0,6,-6,NO
Civil & Mechanical Engineering,staff management,0,6,-6,NO
Civil & Mechanical Engineering,lean & six sigma practitioner,0,6,-6,NO
Civil & Mechanical Engineering,measurement and layout,0,6,-6,NO
Civil & Mechanical Engineering,checks,0,6,-6,NO
Civil & Mechanical Engineering,exceptional interpersonal skills,0,6,-6,NO
Civil & Mechanical Engineering,work under pressure and deadlines,0,6,-6,NO
Civil & Mechanical Engineering,hardware & software design,0,6,-6,NO
Civil & Mechanical Engineering,administrative assistant,0,6,-6,NO
Civil & Mechanical Engineering,chemical engineering,0,6,-6,NO
Civil & Mechanical Engineering,skill 4,0,6,-6,NO
Civil & Mechanical Engineering,maintain files,0,6,-6,NO
Civil & Mechanical Engineering,derivatives,0,6,-6,NO
Civil & Mechanical Engineering,architect end to end,0,6,-6,NO
Civil & Mechanical Engineering,sales plan,0,6,-6,NO
Civil & Mechanical Engineering,troubleshooting specialist,0,6,-6,NO
Civil & Mechanical Engineering,product marketing,0,6,-6,NO
Civil & Mechanical Engineering,forklifts,0,6,-6,NO
Civil & Mechanical Engineering,idx,0,6,-6,NO
Civil & Mechanical Engineering,key aspect analysis,0,6,-6,NO
Civil & Mechanical Engineering,ec2,0,6,-6,NO
Civil & Mechanical Engineering,finance and tax research - lexis-nexis,0,6,-6,NO
Civil & Mechanical Engineering,video conferencing equipment (tv,0,6,-6,NO
Civil & Mechanical Engineering,research & data gathering,0,6,-6,NO
Civil & Mechanical Engineering,.net,0,6,-6,NO
Civil & Mechanical Engineering,resistance and power by calculations and measurements,0,6,-6,NO
Civil & Mechanical Engineering,vxworks,0,6,-6,NO
Civil & Mechanical Engineering,plotly,0,6,-6,NO
Civil & Mechanical Engineering,careful and active listener,0,6,-6,NO
Civil & Mechanical Engineering,invoice processing,0,6,-6,NO
Civil & Mechanical Engineering,lombardi,0,6,-6,NO
Civil & Mechanical Engineering,cms,0,6,-6,NO
Civil & Mechanical Engineering,qa engineering software expertise - design,0,6,-6,NO
Civil & Mechanical Engineering,back end,0,6,-6,NO
Civil & Mechanical Engineering,printer,0,6,-6,NO
Civil & Mechanical Engineering,adobe captivate,0,6,-6,NO
Civil & Mechanical Engineering,home care,0,6,-6,NO
Civil & Mechanical Engineering,analytical process improvement,0,6,-6,NO
Civil & Mechanical Engineering,nationalelectric code (nec),0,6,-6,NO
Civil & Mechanical Engineering,vb script,0,6,-6,NO
Civil & Mechanical Engineering,microsoft sharepoint,0,6,-6,NO
Civil & Mechanical Engineering,pc law,0,6,-6,NO
Civil & Mechanical Engineering,implementing effective internal controls,0,6,-6,NO
Civil & Mechanical Engineering,expert in customer relations,0,6,-6,NO
Civil & Mechanical Engineering,game theory,0,6,-6,NO
Civil & Mechanical Engineering,algorithm optimization,0,6,-6,NO
Civil & Mechanical Engineering,cae softwares (hypermesh,0,6,-6,NO
Civil & Mechanical Engineering,company platforms: dras,0,6,-6,NO
Civil & Mechanical Engineering,process design & improvement,0,6,-6,NO
Civil & Mechanical Engineering,amazon redshift,0,6,-6,NO
Civil & Mechanical Engineering,problem-solving skills,0,6,-6,NO
Civil & Mechanical Engineering,epic,0,6,-6,NO
Civil & Mechanical Engineering,creativity and imagination,0,6,-6,NO
Civil & Mechanical Engineering,audits,0,6,-6,NO
Civil & Mechanical Engineering,company platforms: lombardi,0,6,-6,NO
Civil & Mechanical Engineering,passmark memtest86,0,6,-6,NO
Civil & Mechanical Engineering,firewall setup,0,6,-6,NO
Civil & Mechanical Engineering,new product design and development,0,6,-6,NO
Civil & Mechanical Engineering,peoplesoft finance applications,0,6,-6,NO
Civil & Mechanical Engineering,accounts for,0,6,-6,NO
Civil & Mechanical Engineering,and vouchers as well as reconciled records of bank transactions.,0,6,-6,NO
Civil & Mechanical Engineering,bert modelling,0,6,-6,NO
Civil & Mechanical Engineering,recruitment,0,6,-6,NO
Civil & Mechanical Engineering,risk analyst,0,6,-6,NO
Civil & Mechanical Engineering,waste reduction,0,6,-6,NO
Civil & Mechanical Engineering,arcview,0,6,-6,NO
Civil & Mechanical Engineering,manufacturing engineer,0,6,-6,NO
Civil & Mechanical Engineering,responsible and reliable,0,6,-6,NO
Civil & Mechanical Engineering,proficiency in area,0,6,-6,NO
Civil & Mechanical Engineering,cost control,0,6,-6,NO
Civil & Mechanical Engineering,sales reports,0,6,-6,NO
Civil & Mechanical Engineering,cpr certified,0,6,-6,NO
Civil & Mechanical Engineering,compounding,0,6,-6,NO
Civil & Mechanical Engineering,document reports,0,6,-6,NO
Civil & Mechanical Engineering,cabling and laying of cables,0,6,-6,NO
Civil & Mechanical Engineering,switch,0,6,-6,NO
Civil & Mechanical Engineering,advanced utilization microsoft office suite,0,6,-6,NO
Civil & Mechanical Engineering,symphony,0,6,-6,NO
Civil & Mechanical Engineering,technology integration,0,6,-6,NO
Civil & Mechanical Engineering,data storage,0,6,-6,NO
Civil & Mechanical Engineering,and critical thinking skills,0,6,-6,NO
Civil & Mechanical Engineering,pr,0,6,-6,NO
Civil & Mechanical Engineering,plat indexes,0,6,-6,NO
Civil & Mechanical Engineering,a monitor flow of credit union transactions from the various supporting systems into and out of the general ledger daily,0,6,-6,NO
Civil & Mechanical Engineering,malwarebytes,0,6,-6,NO
Civil & Mechanical Engineering,process flow,0,6,-6,NO
Civil & Mechanical Engineering,arduino ide,0,6,-6,NO
Civil & Mechanical Engineering,team leadership / cross-team collaboration,0,6,-6,NO
Civil & Mechanical Engineering,frx,0,6,-6,NO
Civil & Mechanical Engineering,accounts payable & receivable,0,6,-6,NO
Civil & Mechanical Engineering,iii,0,6,-6,NO
Civil & Mechanical Engineering,cpus,0,6,-6,NO
Civil & Mechanical Engineering,textwrangler,0,6,-6,NO
Civil & Mechanical Engineering,skilled in the operation of ms 2000,0,6,-6,NO
Civil & Mechanical Engineering,inductors and transformers,0,6,-6,NO
Civil & Mechanical Engineering,key accounts,0,6,-6,NO
Civil & Mechanical Engineering,formulas,0,6,-6,NO
Civil & Mechanical Engineering,mac osx,0,6,-6,NO
Civil & Mechanical Engineering,coaching/mentoring,0,6,-6,NO
Civil & Mechanical Engineering,document management,0,6,-6,NO
Civil & Mechanical Engineering,elastic search,0,6,-6,NO
Civil & Mechanical Engineering,er/studio,0,6,-6,NO
Civil & Mechanical Engineering,windows & mac os,0,6,-6,NO
Civil & Mechanical Engineering,cat5,0,6,-6,NO
Civil & Mechanical Engineering,test methodologies: regression testing,0,6,-6,NO
Civil & Mechanical Engineering,hammer,0,6,-6,NO
Civil & Mechanical Engineering,foresight imaging systems trained on dicom protocols,0,6,-6,NO
Civil & Mechanical Engineering,vts,0,6,-6,NO
Civil & Mechanical Engineering,implemented sales,0,6,-6,NO
Civil & Mechanical Engineering,ip addressing,0,6,-6,NO
Civil & Mechanical Engineering,process optimization,0,6,-6,NO
Civil & Mechanical Engineering,solution engineering,0,6,-6,NO
Civil & Mechanical Engineering,internet applications,0,6,-6,NO
Civil & Mechanical Engineering,ml algorithms,0,6,-6,NO
Civil & Mechanical Engineering,probability and stats,0,6,-6,NO
Civil & Mechanical Engineering,minute taking,0,6,-6,NO
Civil & Mechanical Engineering,company platforms: pega,0,6,-6,NO
Civil & Mechanical Engineering,key injection,0,6,-6,NO
Civil & Mechanical Engineering,mssql,0,6,-6,NO
Civil & Mechanical Engineering,water treatment,0,6,-6,NO
Civil & Mechanical Engineering,lathe,0,6,-6,NO
Civil & Mechanical Engineering,driver booster,0,6,-6,NO
Civil & Mechanical Engineering,project planning,0,6,-6,NO
Civil & Mechanical Engineering,tender,0,6,-6,NO
Civil & Mechanical Engineering,handling cash,0,6,-6,NO
Civil & Mechanical Engineering,accounts receivable accounts payable,0,6,-6,NO
Civil & Mechanical Engineering,project support,0,6,-6,NO
Civil & Mechanical Engineering,octave,0,6,-6,NO
Civil & Mechanical Engineering,curl-siege,0,6,-6,NO
Civil & Mechanical Engineering,highly organized,0,6,-6,NO
Civil & Mechanical Engineering,classification,0,6,-6,NO
Civil & Mechanical Engineering,nds,0,6,-6,NO
Civil & Mechanical Engineering,pocket pc,0,6,-6,NO
Civil & Mechanical Engineering,dbase,0,6,-6,NO
Civil & Mechanical Engineering,paper converting equipment,0,6,-6,NO
Civil & Mechanical Engineering,multi-state sales tax filing,0,6,-6,NO
Civil & Mechanical Engineering,plastics manufacturing processes,0,6,-6,NO
Civil & Mechanical Engineering,motivational,0,6,-6,NO
Civil & Mechanical Engineering,auto cad,0,6,-6,NO
Civil & Mechanical Engineering,html programming,0,6,-6,NO
Civil & Mechanical Engineering,recorded monthly transactions,0,6,-6,NO
Civil & Mechanical Engineering,security,0,6,-6,NO
Civil & Mechanical Engineering,lan aptitude,0,6,-6,NO
Civil & Mechanical Engineering,router,0,6,-6,NO
Civil & Mechanical Engineering,microsoft power pivot,0,6,-6,NO
Civil & Mechanical Engineering,ehrs,0,6,-6,NO
Civil & Mechanical Engineering,author,0,6,-6,NO
Civil & Mechanical Engineering,proposal development,0,6,-6,NO
Civil & Mechanical Engineering,microprocessor,0,6,-6,NO
Civil & Mechanical Engineering,cerner,0,6,-6,NO
Civil & Mechanical Engineering,mechanical processes,0,6,-6,NO
Civil & Mechanical Engineering,dasylab,0,6,-6,NO
Civil & Mechanical Engineering,pedague testing system,0,6,-6,NO
Civil & Mechanical Engineering,computer system building and repair,0,6,-6,NO
Civil & Mechanical Engineering,design review,0,6,-6,NO
Civil & Mechanical Engineering,structured,0,6,-6,NO
Civil & Mechanical Engineering,user support,0,6,-6,NO
Civil & Mechanical Engineering,project development,0,6,-6,NO
Civil & Mechanical Engineering,numerical and analytical ability,0,6,-6,NO
Civil & Mechanical Engineering,analytical and business acumen,0,6,-6,NO
Civil & Mechanical Engineering,netbeui,0,6,-6,NO
Civil & Mechanical Engineering,leadership training,0,6,-6,NO
Civil & Mechanical Engineering,schematic,0,6,-6,NO
Civil & Mechanical Engineering,staff training,0,6,-6,NO
Civil & Mechanical Engineering,business to business,0,6,-6,NO
Civil & Mechanical Engineering,automation tools,0,6,-6,NO
Civil & Mechanical Engineering,hotsos training,0,6,-6,NO
Civil & Mechanical Engineering,proofing,0,6,-6,NO
Civil & Mechanical Engineering,process engineering & qa management,0,6,-6,NO
Civil & Mechanical Engineering,cip,0,6,-6,NO
Civil & Mechanical Engineering,financial and accounting,0,6,-6,NO
Civil & Mechanical Engineering,time management ability,0,6,-6,NO
Civil & Mechanical Engineering,selenium,0,6,-6,NO
Civil & Mechanical Engineering,data interpretation,0,6,-6,NO
Civil & Mechanical Engineering,research and design,0,6,-6,NO
Civil & Mechanical Engineering,aws texualizer,0,6,-6,NO
Civil & Mechanical Engineering,planning modules,0,6,-6,NO
Civil & Mechanical Engineering,current,0,6,-6,NO
Civil & Mechanical Engineering,software quality assurance,0,6,-6,NO
Civil & Mechanical Engineering,cad packages (solidworks,0,6,-6,NO
Civil & Mechanical Engineering,facility management,0,6,-6,NO
Civil & Mechanical Engineering,bank reconciliations and general ledger expertise,0,6,-6,NO
Civil & Mechanical Engineering,black box,0,6,-6,NO
Civil & Mechanical Engineering,jvs,0,6,-6,NO
Civil & Mechanical Engineering,multimedia,0,6,-6,NO
Civil & Mechanical Engineering,life insurance,0,6,-6,NO
Civil & Mechanical Engineering,tv,0,6,-6,NO
Civil & Mechanical Engineering,unix shell/perl scripting,0,6,-6,NO
Civil & Mechanical Engineering,cnns,0,6,-6,NO
Civil & Mechanical Engineering,webgl,0,6,-6,NO
Civil & Mechanical Engineering,network management,0,6,-6,NO
Civil & Mechanical Engineering,unix shell scripts,0,6,-6,NO
Civil & Mechanical Engineering,operating systems: windows 7-10,0,6,-6,NO
Civil & Mechanical Engineering,prepare contract,0,6,-6,NO
Civil & Mechanical Engineering,marconi,0,6,-6,NO
Civil & Mechanical Engineering,tolerance analysis,0,6,-6,NO
Civil & Mechanical Engineering,dras,0,6,-6,NO
Civil & Mechanical Engineering,keynote,0,6,-6,NO
Civil & Mechanical Engineering,computer sales,0,6,-6,NO
Civil & Mechanical Engineering,roofing,0,6,-6,NO
Civil & Mechanical Engineering,arc flash,0,6,-6,NO
Civil & Mechanical Engineering,skilled concrete finisher,0,6,-6,NO
Civil & Mechanical Engineering,people development,0,6,-6,NO
Civil & Mechanical Engineering,marketing material,0,6,-6,NO
Civil & Mechanical Engineering,wonderware,0,6,-6,NO
Civil & Mechanical Engineering,generating bill of materials,0,6,-6,NO
Civil & Mechanical Engineering,excellent communication and presentation skills,0,6,-6,NO
Civil & Mechanical Engineering,photo,0,6,-6,NO
Civil & Mechanical Engineering,and resolving discrepancies,0,6,-6,NO
Civil & Mechanical Engineering,analyze financial statements,0,6,-6,NO
Civil & Mechanical Engineering,network printers,0,6,-6,NO
Civil & Mechanical Engineering,computer proficient,0,9,-9,NO
Civil & Mechanical Engineering,lead development,0,9,-9,NO
Civil & Mechanical Engineering,computer literate,0,9,-9,NO
Civil & Mechanical Engineering,cold calling,0,9,-9,NO
Civil & Mechanical Engineering,creative problem solving,0,9,-9,NO
Civil & Mechanical Engineering,sales management,0,9,-9,NO
Civil & Mechanical Engineering,robotics,0,12,-12,NO
Civil & Mechanical Engineering,oscilloscope,0,12,-12,NO
Civil & Mechanical Engineering,angularjs,0,12,-12,NO
Civil & Mechanical Engineering,and marketing,0,12,-12,NO
Civil & Mechanical Engineering,pcs,0,12,-12,NO
Civil & Mechanical Engineering,restaurant manager,0,12,-12,NO
Civil & Mechanical Engineering,process design,0,12,-12,NO
Civil & Mechanical Engineering,graphs,0,12,-12,NO
Civil & Mechanical Engineering,unity,0,12,-12,NO
Civil & Mechanical Engineering,negotiation,0,12,-12,NO
Civil & Mechanical Engineering,marketing materials,0,12,-12,NO
Civil & Mechanical Engineering,office management,0,12,-12,NO
Civil & Mechanical Engineering,analysis,0,12,-12,NO
Civil & Mechanical Engineering,quickbooks expert,0,12,-12,NO
Civil & Mechanical Engineering,iso 9001,0,12,-12,NO
Civil & Mechanical Engineering,predictive analysis,0,12,-12,NO
Civil & Mechanical Engineering,people soft,0,12,-12,NO
Civil & Mechanical Engineering,generally accepted auditing standards,0,12,-12,NO
Civil & Mechanical Engineering,and troubleshooting,0,12,-12,NO
Civil & Mechanical Engineering,mac os,0,12,-12,NO
Civil & Mechanical Engineering,vision,0,12,-12,NO
Civil & Mechanical Engineering,mba,0,12,-12,NO
Civil & Mechanical Engineering,spacy,0,12,-12,NO
Civil & Mechanical Engineering,calm under pressure,0,12,-12,NO
Civil & Mechanical Engineering,arabic,0,12,-12,NO
Civil & Mechanical Engineering,balanced,0,12,-12,NO
Civil & Mechanical Engineering,windows xp/vista,0,12,-12,NO
Civil & Mechanical Engineering,data reporting,0,12,-12,NO
Civil & Mechanical Engineering,exceptional time management,0,12,-12,NO
Civil & Mechanical Engineering,lecturer,0,12,-12,NO
Civil & Mechanical Engineering,cognos,0,12,-12,NO
Civil & Mechanical Engineering,novell,0,12,-12,NO
Civil & Mechanical Engineering,television,0,12,-12,NO
Civil & Mechanical Engineering,self-motivated professional,0,12,-12,NO
Civil & Mechanical Engineering,illustrator,0,12,-12,NO
Civil & Mechanical Engineering,model building,0,12,-12,NO
Civil & Mechanical Engineering,dec,0,12,-12,NO
Civil & Mechanical Engineering,profit,0,12,-12,NO
Civil & Mechanical Engineering,quick books,0,12,-12,NO
Civil & Mechanical Engineering,ergonomics,0,12,-12,NO
Civil & Mechanical Engineering,month end close,0,12,-12,NO
Civil & Mechanical Engineering,retail marketing,0,12,-12,NO
Civil & Mechanical Engineering,verilog,0,12,-12,NO
Civil & Mechanical Engineering,power generation,0,12,-12,NO
Civil & Mechanical Engineering,reconciliations,0,12,-12,NO
Civil & Mechanical Engineering,ipx,0,12,-12,NO
Civil & Mechanical Engineering,jupyter,0,12,-12,NO
Civil & Mechanical Engineering,treasury,0,12,-12,NO
Civil & Mechanical Engineering,written communication skills,0,12,-12,NO
Civil & Mechanical Engineering,swift,0,12,-12,NO
Civil & Mechanical Engineering,arduino,0,12,-12,NO
Civil & Mechanical Engineering,positioning,0,12,-12,NO
Civil & Mechanical Engineering,engineering operational functions,0,12,-12,NO
Civil & Mechanical Engineering,rest apis,0,12,-12,NO
Civil & Mechanical Engineering,html/ css,0,12,-12,NO
Civil & Mechanical Engineering,police,0,12,-12,NO
Civil & Mechanical Engineering,renovation,0,12,-12,NO
Civil & Mechanical Engineering,motorola,0,12,-12,NO
Civil & Mechanical Engineering,software installation,0,12,-12,NO
Civil & Mechanical Engineering,debit,0,12,-12,NO
Civil & Mechanical Engineering,team leader,0,12,-12,NO
Civil & Mechanical Engineering,orcad,0,12,-12,NO
Civil & Mechanical Engineering,inspecting,0,12,-12,NO
Civil & Mechanical Engineering,payroll processing,0,12,-12,NO
Civil & Mechanical Engineering,dmaic,0,12,-12,NO
Civil & Mechanical Engineering,aia,0,12,-12,NO
Civil & Mechanical Engineering,product management,0,12,-12,NO
Civil & Mechanical Engineering,letters,0,12,-12,NO
Civil & Mechanical Engineering,embedded software development,0,12,-12,NO
Civil & Mechanical Engineering,accounts and,0,12,-12,NO
Civil & Mechanical Engineering,air force,0,12,-12,NO
Civil & Mechanical Engineering,competitive,0,12,-12,NO
Civil & Mechanical Engineering,bonds,0,12,-12,NO
Civil & Mechanical Engineering,system administration,0,12,-12,NO
Civil & Mechanical Engineering,cash handling,0,12,-12,NO
Civil & Mechanical Engineering,dos,0,12,-12,NO
Civil & Mechanical Engineering,army,0,12,-12,NO
Civil & Mechanical Engineering,process management,0,12,-12,NO
Civil & Mechanical Engineering,sales forecasting,0,12,-12,NO
Civil & Mechanical Engineering,contract administration,0,12,-12,NO
Civil & Mechanical Engineering,business strategy,0,12,-12,NO
Civil & Mechanical Engineering,property management,0,12,-12,NO
Civil & Mechanical Engineering,oracle),0,12,-12,NO
Civil & Mechanical Engineering,data trending knowledge,0,12,-12,NO
Civil & Mechanical Engineering,inventory levels,0,12,-12,NO
Civil & Mechanical Engineering,web development,0,12,-12,NO
Civil & Mechanical Engineering,active directory,0,12,-12,NO
Civil & Mechanical Engineering,fax,0,12,-12,NO
Civil & Mechanical Engineering,automated payroll,0,12,-12,NO
Civil & Mechanical Engineering,sdlc,0,12,-12,NO
Civil & Mechanical Engineering,prime,0,12,-12,NO
Civil & Mechanical Engineering,marketing and sales,0,12,-12,NO
Civil & Mechanical Engineering,hydraulics,0,12,-12,NO
Civil & Mechanical Engineering,cable,0,12,-12,NO
Civil & Mechanical Engineering,merchandising,0,12,-12,NO
Civil & Mechanical Engineering,decisive,0,12,-12,NO
Civil & Mechanical Engineering,web design 2,0,12,-12,NO
Civil & Mechanical Engineering,natural gas,0,12,-12,NO
Civil & Mechanical Engineering,budget preparation,0,12,-12,NO
Civil & Mechanical Engineering,asp,0,12,-12,NO
Civil & Mechanical Engineering,process payroll,0,12,-12,NO
Civil & Mechanical Engineering,business process improvement,0,12,-12,NO
Civil & Mechanical Engineering,project and visio,0,12,-12,NO
Civil & Mechanical Engineering,jde,0,12,-12,NO
Civil & Mechanical Engineering,maintain records,0,12,-12,NO
Civil & Mechanical Engineering,financial statement analysis,0,12,-12,NO
Civil & Mechanical Engineering,advanced computer proficiency (pc and mac),0,12,-12,NO
Civil & Mechanical Engineering,material management,0,12,-12,NO
Civil & Mechanical Engineering,cnn,0,12,-12,NO
Civil & Mechanical Engineering,algorithm development,0,12,-12,NO
Civil & Mechanical Engineering,accrual,0,12,-12,NO
Civil & Mechanical Engineering,money,0,12,-12,NO
Civil & Mechanical Engineering,promotional,0,12,-12,NO
Civil & Mechanical Engineering,trouble shooting,0,12,-12,NO
Civil & Mechanical Engineering,newsletter,0,12,-12,NO
Civil & Mechanical Engineering,functional testing,0,12,-12,NO
Civil & Mechanical Engineering,cash flow projections,0,12,-12,NO
Civil & Mechanical Engineering,huggingface,0,12,-12,NO
Civil & Mechanical Engineering,content management,0,12,-12,NO
Civil & Mechanical Engineering,laptops,0,12,-12,NO
Civil & Mechanical Engineering,information security,0,12,-12,NO
Civil & Mechanical Engineering,recuva,0,12,-12,NO
Civil & Mechanical Engineering,first aid,0,12,-12,NO
Civil & Mechanical Engineering,soap,0,12,-12,NO
Civil & Mechanical Engineering,workbench,0,12,-12,NO
Civil & Mechanical Engineering,dialysis,0,12,-12,NO
Civil & Mechanical Engineering,direct marketing,0,12,-12,NO
Civil & Mechanical Engineering,black box testing,0,12,-12,NO
Civil & Mechanical Engineering,application programming,0,12,-12,NO
Civil & Mechanical Engineering,trainer,0,12,-12,NO
Civil & Mechanical Engineering,requirement analysis,0,12,-12,NO
Civil & Mechanical Engineering,camera,0,12,-12,NO
Civil & Mechanical Engineering,salesforce.com crm,0,12,-12,NO
Civil & Mechanical Engineering,cabling,0,12,-12,NO
Civil & Mechanical Engineering,azure databricks,0,12,-12,NO
Civil & Mechanical Engineering,restapi,0,12,-12,NO
Civil & Mechanical Engineering,chatbot,0,12,-12,NO
Civil & Mechanical Engineering,ibm,0,12,-12,NO
Civil & Mechanical Engineering,lacerte,0,12,-12,NO
Civil & Mechanical Engineering,direct sales,0,12,-12,NO
Civil & Mechanical Engineering,installing,0,12,-12,NO
Civil & Mechanical Engineering,control systems,0,12,-12,NO
Civil & Mechanical Engineering,strategic marketing,0,12,-12,NO
Civil & Mechanical Engineering,bootstrap,0,12,-12,NO
Civil & Mechanical Engineering,data structure,0,12,-12,NO
Civil & Mechanical Engineering,kotlin,0,12,-12,NO
Civil & Mechanical Engineering,robotic,0,12,-12,NO
Civil & Mechanical Engineering,objective c,0,12,-12,NO
Civil & Mechanical Engineering,jcl,0,12,-12,NO
Civil & Mechanical Engineering,apqp,0,12,-12,NO
Civil & Mechanical Engineering,construction management,0,12,-12,NO
Civil & Mechanical Engineering,negotiating,0,12,-12,NO
Civil & Mechanical Engineering,corporate finance,0,12,-12,NO
Civil & Mechanical Engineering,prepare financial statements,0,12,-12,NO
Civil & Mechanical Engineering,tcp,0,12,-12,NO
Civil & Mechanical Engineering,microsoft office applications,0,12,-12,NO
Civil & Mechanical Engineering,sales software: salesforce.com,0,12,-12,NO
Civil & Mechanical Engineering,perl,0,12,-12,NO
Civil & Mechanical Engineering,base sas,0,12,-12,NO
Civil & Mechanical Engineering,deadline-oriented,0,12,-12,NO
Civil & Mechanical Engineering,fmea,0,12,-12,NO
Civil & Mechanical Engineering,a+,0,12,-12,NO
Civil & Mechanical Engineering,regression,0,12,-12,NO
Civil & Mechanical Engineering,equipment installation,0,12,-12,NO
Civil & Mechanical Engineering,haskell,0,12,-12,NO
Civil & Mechanical Engineering,strong leader,0,12,-12,NO
Civil & Mechanical Engineering,vista,0,12,-12,NO
Civil & Mechanical Engineering,fortran,0,12,-12,NO
Civil & Mechanical Engineering,latex,0,12,-12,NO
Civil & Mechanical Engineering,adaptability,0,12,-12,NO
Civil & Mechanical Engineering,public speaking,0,12,-12,NO
Civil & Mechanical Engineering,dispatching,0,12,-12,NO
Civil & Mechanical Engineering,unit testing,0,12,-12,NO
Civil & Mechanical Engineering,internet research,0,12,-12,NO
Civil & Mechanical Engineering,strategic plans,0,12,-12,NO
Civil & Mechanical Engineering,organization,0,12,-12,NO
Civil & Mechanical Engineering,languages,0,12,-12,NO
Civil & Mechanical Engineering,tensorflowjs,0,12,-12,NO
Civil & Mechanical Engineering,graphical user interface,0,12,-12,NO
Civil & Mechanical Engineering,branding,0,12,-12,NO
Civil & Mechanical Engineering,technical writing,0,12,-12,NO
Civil & Mechanical Engineering,object oriented programming,0,12,-12,NO
Civil & Mechanical Engineering,reinforcement learning,0,12,-12,NO
Civil & Mechanical Engineering,conversion,0,12,-12,NO
Civil & Mechanical Engineering,outside sales,0,12,-12,NO
Civil & Mechanical Engineering,graphql,0,12,-12,NO
Civil & Mechanical Engineering,increase,0,12,-12,NO
Civil & Mechanical Engineering,promotion,0,12,-12,NO
Civil & Mechanical Engineering,solutions,0,12,-12,NO
Civil & Mechanical Engineering,firewall,0,12,-12,NO
Civil & Mechanical Engineering,system analysis,0,12,-12,NO
Civil & Mechanical Engineering,quick learner,0,12,-12,NO
Civil & Mechanical Engineering,rfp,0,12,-12,NO
Civil & Mechanical Engineering,next,0,12,-12,NO
Civil & Mechanical Engineering,design process,0,12,-12,NO
Civil & Mechanical Engineering,xgboost,0,12,-12,NO
Civil & Mechanical Engineering,nec,0,12,-12,NO
Civil & Mechanical Engineering,operational analysis,0,12,-12,NO
Civil & Mechanical Engineering,manufacturing process controls,0,12,-12,NO
Civil & Mechanical Engineering,strategic thinker,0,12,-12,NO
Civil & Mechanical Engineering,analytical,0,12,-12,NO
Civil & Mechanical Engineering,customer care,0,12,-12,NO
Civil & Mechanical Engineering,multivariate analysis,0,12,-12,NO
Civil & Mechanical Engineering,bash,0,12,-12,NO
Civil & Mechanical Engineering,experimentation,0,12,-12,NO
Civil & Mechanical Engineering,market research,0,12,-12,NO
Civil & Mechanical Engineering,travel arrangements,0,12,-12,NO
Civil & Mechanical Engineering,invoice,0,12,-12,NO
Civil & Mechanical Engineering,client engagement,0,12,-12,NO
Civil & Mechanical Engineering,statistical modelling,0,12,-12,NO
Civil & Mechanical Engineering,portfolio management,0,12,-12,NO
Civil & Mechanical Engineering,cash receipts,0,12,-12,NO
Civil & Mechanical Engineering,digital logic,0,12,-12,NO
Civil & Mechanical Engineering,data wrangling,0,12,-12,NO
Civil & Mechanical Engineering,cash,0,12,-12,NO
Civil & Mechanical Engineering,mathcad,0,12,-12,NO
Civil & Mechanical Engineering,robotic systems,0,12,-12,NO
Civil & Mechanical Engineering,pytesseract,0,12,-12,NO
Civil & Mechanical Engineering,requirements gathering,0,12,-12,NO
Civil & Mechanical Engineering,staff development,0,12,-12,NO
Civil & Mechanical Engineering,manufacturing processes,0,12,-12,NO
Civil & Mechanical Engineering,general accounting,0,12,-12,NO
Civil & Mechanical Engineering,equipment maintenance,0,12,-12,NO
Civil & Mechanical Engineering,big data analytics,0,12,-12,NO
Civil & Mechanical Engineering,research analysis,0,12,-12,NO
Civil & Mechanical Engineering,kronos,0,12,-12,NO
Civil & Mechanical Engineering,cashier,0,12,-12,NO
Civil & Mechanical Engineering,hardware design,0,12,-12,NO
Civil & Mechanical Engineering,variance analysis,0,12,-12,NO
Civil & Mechanical Engineering,automation design,0,12,-12,NO
Civil & Mechanical Engineering,systems engineering,0,12,-12,NO
Civil & Mechanical Engineering,ordering,0,12,-12,NO
Civil & Mechanical Engineering,real time,0,12,-12,NO
Civil & Mechanical Engineering,as400,0,12,-12,NO
Civil & Mechanical Engineering,manual testing,0,12,-12,NO
Civil & Mechanical Engineering,mac,0,12,-12,NO
Civil & Mechanical Engineering,budget development,0,12,-12,NO
Civil & Mechanical Engineering,council,0,12,-12,NO
Civil & Mechanical Engineering,sarbanes-oxley,0,12,-12,NO
Civil & Mechanical Engineering,interpersonal,0,12,-12,NO
Civil & Mechanical Engineering,drivers,0,12,-12,NO
Civil & Mechanical Engineering,personnel management,0,12,-12,NO
Civil & Mechanical Engineering,scanners,0,12,-12,NO
Civil & Mechanical Engineering,decision-making,0,12,-12,NO
Civil & Mechanical Engineering,random forest,0,12,-12,NO
Civil & Mechanical Engineering,ifrs,0,12,-12,NO
Civil & Mechanical Engineering,written communication,0,12,-12,NO
Civil & Mechanical Engineering,timberline,0,12,-12,NO
Civil & Mechanical Engineering,bookkeeper,0,12,-12,NO
Civil & Mechanical Engineering,customer analytics,0,12,-12,NO
Civil & Mechanical Engineering,website,0,12,-12,NO
Civil & Mechanical Engineering,decision tree,0,12,-12,NO
Civil & Mechanical Engineering,python programming,0,12,-12,NO
Civil & Mechanical Engineering,market trends,0,12,-12,NO
Civil & Mechanical Engineering,its,0,12,-12,NO
Civil & Mechanical Engineering,debugging,0,12,-12,NO
Civil & Mechanical Engineering,ui design,0,12,-12,NO
Civil & Mechanical Engineering,maintain inventory,0,12,-12,NO
Civil & Mechanical Engineering,human resource,0,12,-12,NO
Civil & Mechanical Engineering,consultant,0,12,-12,NO
Civil & Mechanical Engineering,analytical skills,0,12,-12,NO
Civil & Mechanical Engineering,ms visual studio,0,12,-12,NO
Civil & Mechanical Engineering,sql (postgresql,0,12,-12,NO
Civil & Mechanical Engineering,training programs,0,12,-12,NO
Civil & Mechanical Engineering,risk assessment,0,12,-12,NO
Civil & Mechanical Engineering,html5,0,12,-12,NO
Civil & Mechanical Engineering,design and construction,0,12,-12,NO
Civil & Mechanical Engineering,quickbooks pro,0,12,-12,NO
Civil & Mechanical Engineering,material science,0,12,-12,NO
Civil & Mechanical Engineering,business writing,0,12,-12,NO
Civil & Mechanical Engineering,test plan,0,12,-12,NO
Civil & Mechanical Engineering,windows 7,0,12,-12,NO
Civil & Mechanical Engineering,home health,0,12,-12,NO
Civil & Mechanical Engineering,ims,0,12,-12,NO
Civil & Mechanical Engineering,tango,0,12,-12,NO
Civil & Mechanical Engineering,anova,0,12,-12,NO
Civil & Mechanical Engineering,storage area network,0,12,-12,NO
Civil & Mechanical Engineering,transmission,0,12,-12,NO
Civil & Mechanical Engineering,advanced bookkeeping skills,0,12,-12,NO
Civil & Mechanical Engineering,ieee,0,12,-12,NO
Civil & Mechanical Engineering,lighting,0,12,-12,NO
Civil & Mechanical Engineering,esd,0,12,-12,NO
Civil & Mechanical Engineering,vba,0,12,-12,NO
Civil & Mechanical Engineering,communicator,0,12,-12,NO
Civil & Mechanical Engineering,superior attention to detail,0,12,-12,NO
Civil & Mechanical Engineering,quick,0,12,-12,NO
Civil & Mechanical Engineering,financial accounting,0,12,-12,NO
Civil & Mechanical Engineering,microsoft,0,12,-12,NO
Civil & Mechanical Engineering,hand tools,0,12,-12,NO
Civil & Mechanical Engineering,ruby,0,12,-12,NO
Civil & Mechanical Engineering,plc programming,0,12,-12,NO
Civil & Mechanical Engineering,scala,0,12,-12,NO
Civil & Mechanical Engineering,springboot,0,12,-12,NO
Civil & Mechanical Engineering,quantitative analysis,0,12,-12,NO
Civil & Mechanical Engineering,business solutions,0,12,-12,NO
Civil & Mechanical Engineering,front office,0,12,-12,NO
Civil & Mechanical Engineering,business administration,0,12,-12,NO
Civil & Mechanical Engineering,human resources,0,12,-12,NO
Civil & Mechanical Engineering,food safety,0,12,-12,NO
Civil & Mechanical Engineering,html/css,0,12,-12,NO
Civil & Mechanical Engineering,kanban,0,12,-12,NO
Civil & Mechanical Engineering,ip,0,12,-12,NO
Civil & Mechanical Engineering,integrator,0,12,-12,NO
Civil & Mechanical Engineering,data integration,0,12,-12,NO
Civil & Mechanical Engineering,eda,0,12,-12,NO
Civil & Mechanical Engineering,web design 1,0,12,-12,NO
Civil & Mechanical Engineering,oral,0,12,-12,NO
Civil & Mechanical Engineering,network protocols,0,12,-12,NO
Civil & Mechanical Engineering,mas90,0,12,-12,NO
Civil & Mechanical Engineering,mis,0,12,-12,NO
Civil & Mechanical Engineering,c/c++,0,12,-12,NO
Civil & Mechanical Engineering,strong interpersonal skills,0,12,-12,NO
Civil & Mechanical Engineering,calculator,0,12,-12,NO
Civil & Mechanical Engineering,workshops,0,12,-12,NO
Civil & Mechanical Engineering,marketing plan,0,12,-12,NO
Civil & Mechanical Engineering,svm,0,12,-12,NO
Civil & Mechanical Engineering,scripts,0,12,-12,NO
Civil & Mechanical Engineering,signal generators,0,12,-12,NO
Civil & Mechanical Engineering,github,0,12,-12,NO
Civil & Mechanical Engineering,application support,0,12,-12,NO
Civil & Mechanical Engineering,pycharm,0,12,-12,NO
Civil & Mechanical Engineering,software training,0,12,-12,NO
Civil & Mechanical Engineering,blueprints,0,12,-12,NO
Civil & Mechanical Engineering,integration,0,12,-12,NO
Civil & Mechanical Engineering,consultation,0,12,-12,NO
Civil & Mechanical Engineering,annual reports,0,12,-12,NO
Civil & Mechanical Engineering,fashion,0,12,-12,NO
Civil & Mechanical Engineering,equity,0,12,-12,NO
Civil & Mechanical Engineering,gps,0,12,-12,NO
Civil & Mechanical Engineering,hyperion,0,12,-12,NO
Civil & Mechanical Engineering,netscape,0,12,-12,NO
Civil & Mechanical Engineering,team work,0,12,-12,NO
Civil & Mechanical Engineering,kaizen,0,12,-12,NO
Civil & Mechanical Engineering,bluebeam,0,12,-12,NO
Civil & Mechanical Engineering,investments,0,12,-12,NO
Civil & Mechanical Engineering,outlook),0,12,-12,NO
Civil & Mechanical Engineering,data acquisition,0,12,-12,NO
Civil & Mechanical Engineering,financial operations,0,12,-12,NO
Civil & Mechanical Engineering,supply chain management,0,12,-12,NO
Civil & Mechanical Engineering,proactive,0,12,-12,NO
Civil & Mechanical Engineering,computer systems,0,12,-12,NO
Civil & Mechanical Engineering,windows 2000,0,12,-12,NO
Civil & Mechanical Engineering,visual basics,0,12,-12,NO
Civil & Mechanical Engineering,technical plan execution aptitude,0,12,-12,NO
Civil & Mechanical Engineering,a/p,0,12,-12,NO
Civil & Mechanical Engineering,cash flow analysis,0,12,-12,NO
Civil & Mechanical Engineering,verbal communication skills,0,12,-12,NO
Civil & Mechanical Engineering,budget forecasting expertise,0,12,-12,NO
Civil & Mechanical Engineering,asset management,0,12,-12,NO
Civil & Mechanical Engineering,client relations,0,15,-15,NO
Civil & Mechanical Engineering,financial management,0,15,-15,NO
Civil & Mechanical Engineering,cash management,0,15,-15,NO
Civil & Mechanical Engineering,driving,0,18,-18,NO
Civil & Mechanical Engineering,cost reduction,0,18,-18,NO
Civil & Mechanical Engineering,data processing,0,18,-18,NO
Civil & Mechanical Engineering,image,0,18,-18,NO
Civil & Mechanical Engineering,accounting operations professional,0,18,-18,NO
Civil & Mechanical Engineering,accounts payables,0,18,-18,NO
Civil & Mechanical Engineering,customer relations,0,18,-18,NO
Civil & Mechanical Engineering,type,0,18,-18,NO
Civil & Mechanical Engineering,month-end closing,0,18,-18,NO
Civil & Mechanical Engineering,scheme,0,18,-18,NO
Civil & Mechanical Engineering,vhf,0,18,-18,NO
Civil & Mechanical Engineering,relationship management,0,18,-18,NO
Civil & Mechanical Engineering,experiments,0,18,-18,NO
Civil & Mechanical Engineering,accounting software,0,18,-18,NO
Civil & Mechanical Engineering,gis,0,18,-18,NO
Civil & Mechanical Engineering,windows xp,0,18,-18,NO
Civil & Mechanical Engineering,microstation,0,18,-18,NO
Civil & Mechanical Engineering,interpersonal skills,0,18,-18,NO
Civil & Mechanical Engineering,manufacturing process,0,18,-18,NO
Civil & Mechanical Engineering,c programming,0,18,-18,NO
Civil & Mechanical Engineering,jenkins,0,18,-18,NO
Civil & Mechanical Engineering,asp.net,0,18,-18,NO
Civil & Mechanical Engineering,db2,0,18,-18,NO
Civil & Mechanical Engineering,training materials,0,18,-18,NO
Civil & Mechanical Engineering,grants,0,18,-18,NO
Civil & Mechanical Engineering,project,0,18,-18,NO
Civil & Mechanical Engineering,power supplies,0,18,-18,NO
Civil & Mechanical Engineering,testing,0,18,-18,NO
Civil & Mechanical Engineering,catia,0,18,-18,NO
Civil & Mechanical Engineering,ann,0,18,-18,NO
Civil & Mechanical Engineering,wireshark,0,18,-18,NO
Civil & Mechanical Engineering,inventor,0,18,-18,NO
Civil & Mechanical Engineering,charts,0,18,-18,NO
Civil & Mechanical Engineering,cisco,0,18,-18,NO
Civil & Mechanical Engineering,heuristics,0,18,-18,NO
Civil & Mechanical Engineering,flexible team player,0,18,-18,NO
Civil & Mechanical Engineering,solid works,0,18,-18,NO
Civil & Mechanical Engineering,teamviewer,0,18,-18,NO
Civil & Mechanical Engineering,graphic,0,18,-18,NO
Civil & Mechanical Engineering,multimeters,0,18,-18,NO
Civil & Mechanical Engineering,qa,0,18,-18,NO
Civil & Mechanical Engineering,r programming,0,18,-18,NO
Civil & Mechanical Engineering,carpentry,0,18,-18,NO
Civil & Mechanical Engineering,speaking,0,18,-18,NO
Civil & Mechanical Engineering,negotiations,0,18,-18,NO
Civil & Mechanical Engineering,pick,0,18,-18,NO
Civil & Mechanical Engineering,cobol,0,18,-18,NO
Civil & Mechanical Engineering,window,0,18,-18,NO
Civil & Mechanical Engineering,balance sheets,0,18,-18,NO
Civil & Mechanical Engineering,analyst,0,18,-18,NO
Civil & Mechanical Engineering,android,0,18,-18,NO
Civil & Mechanical Engineering,risk analysis,0,18,-18,NO
Civil & Mechanical Engineering,self-motivated,0,18,-18,NO
Civil & Mechanical Engineering,vb.net,0,18,-18,NO
Civil & Mechanical Engineering,organizing,0,18,-18,NO
Civil & Mechanical Engineering,sop,0,18,-18,NO
Civil & Mechanical Engineering,postman,0,18,-18,NO
Civil & Mechanical Engineering,mailing,0,18,-18,NO
Civil & Mechanical Engineering,process engineering,0,18,-18,NO
Civil & Mechanical Engineering,agile methodology,0,18,-18,NO
Civil & Mechanical Engineering,conferences,0,18,-18,NO
Civil & Mechanical Engineering,data scientist,0,18,-18,NO
Civil & Mechanical Engineering,pivot tables,0,18,-18,NO
Civil & Mechanical Engineering,expense reports,0,18,-18,NO
Civil & Mechanical Engineering,adobe acrobat,0,18,-18,NO
Civil & Mechanical Engineering,fundraising,0,18,-18,NO
Civil & Mechanical Engineering,edge,0,18,-18,NO
Civil & Mechanical Engineering,lotus notes,0,18,-18,NO
Civil & Mechanical Engineering,performance reviews,0,18,-18,NO
Civil & Mechanical Engineering,natural,0,18,-18,NO
Civil & Mechanical Engineering,lstm,0,18,-18,NO
Civil & Mechanical Engineering,visual studio code,0,18,-18,NO
Civil & Mechanical Engineering,conversational ai,0,18,-18,NO
Civil & Mechanical Engineering,communication skills,0,18,-18,NO
Civil & Mechanical Engineering,decision trees,0,18,-18,NO
Civil & Mechanical Engineering,vhdl,0,18,-18,NO
Civil & Mechanical Engineering,law,0,18,-18,NO
Civil & Mechanical Engineering,python (django),0,18,-18,NO
Civil & Mechanical Engineering,upgrades,0,18,-18,NO
Civil & Mechanical Engineering,supply chain,0,18,-18,NO
Civil & Mechanical Engineering,learning algorithm,0,18,-18,NO
Civil & Mechanical Engineering,typing,0,18,-18,NO
Civil & Mechanical Engineering,nodejs,0,18,-18,NO
Civil & Mechanical Engineering,surveys,0,18,-18,NO
Civil & Mechanical Engineering,siemens,0,18,-18,NO
Civil & Mechanical Engineering,team building,0,18,-18,NO
Civil & Mechanical Engineering,websites,0,18,-18,NO
Civil & Mechanical Engineering,tcp/ip,0,18,-18,NO
Civil & Mechanical Engineering,self-starter,0,18,-18,NO
Civil & Mechanical Engineering,eclipse,0,18,-18,NO
Civil & Mechanical Engineering,modems,0,18,-18,NO
Civil & Mechanical Engineering,data management,0,18,-18,NO
Civil & Mechanical Engineering,cloud,0,18,-18,NO
Civil & Mechanical Engineering,monitors,0,18,-18,NO
Civil & Mechanical Engineering,technical documentation,0,18,-18,NO
Civil & Mechanical Engineering,azure,0,18,-18,NO
Civil & Mechanical Engineering,failure analysis,0,18,-18,NO
Civil & Mechanical Engineering,uhf,0,18,-18,NO
Civil & Mechanical Engineering,fast,0,18,-18,NO
Civil & Mechanical Engineering,system integration,0,18,-18,NO
Civil & Mechanical Engineering,technician,0,18,-18,NO
Civil & Mechanical Engineering,problem solving skills,0,18,-18,NO
Civil & Mechanical Engineering,leadership development,0,18,-18,NO
Civil & Mechanical Engineering,customer support,0,18,-18,NO
Civil & Mechanical Engineering,telecommunications,0,18,-18,NO
Civil & Mechanical Engineering,adp,0,18,-18,NO
Civil & Mechanical Engineering,preparation of financial statements,0,18,-18,NO
Civil & Mechanical Engineering,data extraction,0,18,-18,NO
Civil & Mechanical Engineering,streamline,0,18,-18,NO
Civil & Mechanical Engineering,java script,0,18,-18,NO
Civil & Mechanical Engineering,supervisory,0,18,-18,NO
Civil & Mechanical Engineering,configuring,0,18,-18,NO
Civil & Mechanical Engineering,requirement,0,18,-18,NO
Civil & Mechanical Engineering,atm,0,18,-18,NO
Civil & Mechanical Engineering,ms visio,0,18,-18,NO
Civil & Mechanical Engineering,job costing,0,18,-18,NO
Civil & Mechanical Engineering,microsoft applications,0,18,-18,NO
Civil & Mechanical Engineering,adobe photoshop,0,18,-18,NO
Civil & Mechanical Engineering,audit,0,18,-18,NO
Civil & Mechanical Engineering,technical architecture,0,18,-18,NO
Civil & Mechanical Engineering,intel,0,18,-18,NO
Civil & Mechanical Engineering,win,0,18,-18,NO
Civil & Mechanical Engineering,strong organizational skills,0,18,-18,NO
Civil & Mechanical Engineering,agile,0,18,-18,NO
Civil & Mechanical Engineering,iso,0,18,-18,NO
Civil & Mechanical Engineering,flutter,0,18,-18,NO
Civil & Mechanical Engineering,kafka,0,18,-18,NO
Civil & Mechanical Engineering,dynamic html5,0,18,-18,NO
Civil & Mechanical Engineering,invoice coding familiarity,0,18,-18,NO
Civil & Mechanical Engineering,painting,0,18,-18,NO
Civil & Mechanical Engineering,instruction,0,18,-18,NO
Civil & Mechanical Engineering,software testing,0,18,-18,NO
Civil & Mechanical Engineering,imaging,0,18,-18,NO
Civil & Mechanical Engineering,marketing strategies,0,18,-18,NO
Civil & Mechanical Engineering,radar,0,18,-18,NO
Civil & Mechanical Engineering,cnc,0,18,-18,NO
Civil & Mechanical Engineering,producing,0,18,-18,NO
Civil & Mechanical Engineering,rest,0,18,-18,NO
Civil & Mechanical Engineering,trial balance,0,18,-18,NO
Civil & Mechanical Engineering,doors,0,18,-18,NO
Civil & Mechanical Engineering,kubernetes,0,18,-18,NO
Civil & Mechanical Engineering,oil,0,18,-18,NO
Civil & Mechanical Engineering,macros,0,18,-18,NO
Civil & Mechanical Engineering,bridges,0,18,-18,NO
Civil & Mechanical Engineering,general ledger accounting,0,18,-18,NO
Civil & Mechanical Engineering,pspice,0,18,-18,NO
Civil & Mechanical Engineering,logic,0,18,-18,NO
Civil & Mechanical Engineering,team leadership,0,21,-21,NO
Civil & Mechanical Engineering,business management,0,21,-21,NO
Civil & Mechanical Engineering,ms office suite,0,21,-21,NO
Civil & Mechanical Engineering,bi,0,24,-24,NO
Civil & Mechanical Engineering,supervising,0,24,-24,NO
Civil & Mechanical Engineering,visual c++,0,24,-24,NO
Civil & Mechanical Engineering,features,0,24,-24,NO
Civil & Mechanical Engineering,plumbing,0,24,-24,NO
Civil & Mechanical Engineering,invoicing,0,24,-24,NO
Civil & Mechanical Engineering,analytical reasoning,0,24,-24,NO
Civil & Mechanical Engineering,adobe,0,24,-24,NO
Civil & Mechanical Engineering,electrical engineering,0,24,-24,NO
Civil & Mechanical Engineering,microsoft windows,0,24,-24,NO
Civil & Mechanical Engineering,tables,0,24,-24,NO
Civil & Mechanical Engineering,voip,0,24,-24,NO
Civil & Mechanical Engineering,javascript (angular),0,24,-24,NO
Civil & Mechanical Engineering,atl,0,24,-24,NO
Civil & Mechanical Engineering,data cleaning,0,24,-24,NO
Civil & Mechanical Engineering,reading,0,24,-24,NO
Civil & Mechanical Engineering,public relations,0,24,-24,NO
Civil & Mechanical Engineering,bert,0,24,-24,NO
Civil & Mechanical Engineering,organizational,0,24,-24,NO
Civil & Mechanical Engineering,results-oriented,0,24,-24,NO
Civil & Mechanical Engineering,erp,0,24,-24,NO
Civil & Mechanical Engineering,express,0,24,-24,NO
Civil & Mechanical Engineering,scanning,0,24,-24,NO
Civil & Mechanical Engineering,power distribution,0,24,-24,NO
Civil & Mechanical Engineering,operating systems,0,24,-24,NO
Civil & Mechanical Engineering,wiring,0,24,-24,NO
Civil & Mechanical Engineering,cost analysis,0,24,-24,NO
Civil & Mechanical Engineering,mb,0,24,-24,NO
Civil & Mechanical Engineering,threads,0,24,-24,NO
Civil & Mechanical Engineering,communication,0,24,-24,NO
Civil & Mechanical Engineering,ad,0,24,-24,NO
Civil & Mechanical Engineering,explorer,0,24,-24,NO
Civil & Mechanical Engineering,repairing,0,24,-24,NO
Civil & Mechanical Engineering,protocols,0,24,-24,NO
Civil & Mechanical Engineering,operations,0,24,-24,NO
Civil & Mechanical Engineering,databases,0,24,-24,NO
Civil & Mechanical Engineering,machine learning engineer,0,24,-24,NO
Civil & Mechanical Engineering,advanced excel,0,24,-24,NO
Civil & Mechanical Engineering,dbms,0,24,-24,NO
Civil & Mechanical Engineering,os,0,24,-24,NO
Civil & Mechanical Engineering,publisher,0,24,-24,NO
Civil & Mechanical Engineering,leadership skills,0,24,-24,NO
Civil & Mechanical Engineering,dns,0,24,-24,NO
Civil & Mechanical Engineering,nas,0,24,-24,NO
Civil & Mechanical Engineering,rnn,0,24,-24,NO
Civil & Mechanical Engineering,apple,0,24,-24,NO
Civil & Mechanical Engineering,proxy,0,24,-24,NO
Civil & Mechanical Engineering,embedded systems,0,24,-24,NO
Civil & Mechanical Engineering,project plans,0,24,-24,NO
Civil & Mechanical Engineering,nltk,0,24,-24,NO
Civil & Mechanical Engineering,change management,0,24,-24,NO
Civil & Mechanical Engineering,upgrade,0,24,-24,NO
Civil & Mechanical Engineering,fast learner,0,24,-24,NO
Civil & Mechanical Engineering,new product development,0,24,-24,NO
Civil & Mechanical Engineering,accounting systems,0,24,-24,NO
Civil & Mechanical Engineering,supervisor,0,24,-24,NO
Civil & Mechanical Engineering,ms access,0,24,-24,NO
Civil & Mechanical Engineering,hiring,0,24,-24,NO
Civil & Mechanical Engineering,billings,0,24,-24,NO
Civil & Mechanical Engineering,e-mail,0,24,-24,NO
Civil & Mechanical Engineering,new business development,0,24,-24,NO
Civil & Mechanical Engineering,process control,0,24,-24,NO
Civil & Mechanical Engineering,writer,0,24,-24,NO
Civil & Mechanical Engineering,navy,0,24,-24,NO
Civil & Mechanical Engineering,spanish,0,24,-24,NO
Civil & Mechanical Engineering,researching,0,24,-24,NO
Civil & Mechanical Engineering,welding,0,24,-24,NO
Civil & Mechanical Engineering,data warehousing,0,24,-24,NO
Civil & Mechanical Engineering,ap,0,24,-24,NO
Civil & Mechanical Engineering,mathematics,0,24,-24,NO
Civil & Mechanical Engineering,selling,0,24,-24,NO
Civil & Mechanical Engineering,recording,0,24,-24,NO
Civil & Mechanical Engineering,effective time management,0,24,-24,NO
Civil & Mechanical Engineering,statistical process control,0,24,-24,NO
Civil & Mechanical Engineering,encryption,0,24,-24,NO
Civil & Mechanical Engineering,sql server,0,24,-24,NO
Civil & Mechanical Engineering,rdbms,0,24,-24,NO
Civil & Mechanical Engineering,client management,0,24,-24,NO
Civil & Mechanical Engineering,packaging,0,24,-24,NO
Civil & Mechanical Engineering,jd edwards,0,24,-24,NO
Civil & Mechanical Engineering,estimating,0,24,-24,NO
Civil & Mechanical Engineering,soldering,0,24,-24,NO
Civil & Mechanical Engineering,innovation,0,24,-24,NO
Civil & Mechanical Engineering,self motivated,0,24,-24,NO
Civil & Mechanical Engineering,switches,0,24,-24,NO
Civil & Mechanical Engineering,firebase,0,24,-24,NO
Civil & Mechanical Engineering,data validation,0,24,-24,NO
Civil & Mechanical Engineering,dhcp,0,24,-24,NO
Civil & Mechanical Engineering,view,0,24,-24,NO
Civil & Mechanical Engineering,great plains,0,24,-24,NO
Civil & Mechanical Engineering,academic,0,24,-24,NO
Civil & Mechanical Engineering,inventory management,0,24,-24,NO
Civil & Mechanical Engineering,printers,0,24,-24,NO
Civil & Mechanical Engineering,oscilloscopes,0,24,-24,NO
Civil & Mechanical Engineering,root cause analysis,0,24,-24,NO
Civil & Mechanical Engineering,microsoft azure,0,24,-24,NO
Civil & Mechanical Engineering,microsoft visio,0,24,-24,NO
Civil & Mechanical Engineering,application development,0,24,-24,NO
Civil & Mechanical Engineering,developer,0,24,-24,NO
Civil & Mechanical Engineering,rendering,0,24,-24,NO
Civil & Mechanical Engineering,mfc,0,24,-24,NO
Civil & Mechanical Engineering,quicken,0,24,-24,NO
Civil & Mechanical Engineering,directing,0,24,-24,NO
Civil & Mechanical Engineering,organizational skills,0,24,-24,NO
Civil & Mechanical Engineering,data manipulation,0,24,-24,NO
Civil & Mechanical Engineering,ids,0,24,-24,NO
Civil & Mechanical Engineering,transformers,0,24,-24,NO
Civil & Mechanical Engineering,radio,0,24,-24,NO
Civil & Mechanical Engineering,director,0,30,-30,NO
Civil & Mechanical Engineering,peoplesoft,0,30,-30,NO
Civil & Mechanical Engineering,hp,0,30,-30,NO
Civil & Mechanical Engineering,visual studio,0,30,-30,NO
Civil & Mechanical Engineering,video editing,0,30,-30,NO
Civil & Mechanical Engineering,visio,0,30,-30,NO
Civil & Mechanical Engineering,cpa,0,30,-30,NO
Civil & Mechanical Engineering,ansys,0,30,-30,NO
Civil & Mechanical Engineering,audio,0,30,-30,NO
Civil & Mechanical Engineering,ms word,0,30,-30,NO
Civil & Mechanical Engineering,microsoft outlook,0,30,-30,NO
Civil & Mechanical Engineering,mentor,0,30,-30,NO
Civil & Mechanical Engineering,general ledger accounts,0,30,-30,NO
Civil & Mechanical Engineering,teaching,0,30,-30,NO
Civil & Mechanical Engineering,seaborn,0,30,-30,NO
Civil & Mechanical Engineering,text analysis,0,30,-30,NO
Civil & Mechanical Engineering,strong communication skills,0,30,-30,NO
Civil & Mechanical Engineering,hadoop,0,30,-30,NO
Civil & Mechanical Engineering,nosql,0,30,-30,NO
Civil & Mechanical Engineering,spss,0,30,-30,NO
Civil & Mechanical Engineering,jira,0,30,-30,NO
Civil & Mechanical Engineering,enterprise,0,30,-30,NO
Civil & Mechanical Engineering,pattern recognition,0,30,-30,NO
Civil & Mechanical Engineering,tax returns,0,30,-30,NO
Civil & Mechanical Engineering,internet explorer,0,30,-30,NO
Civil & Mechanical Engineering,strategic,0,30,-30,NO
Civil & Mechanical Engineering,modeling,0,30,-30,NO
Civil & Mechanical Engineering,data collection,0,30,-30,NO
Civil & Mechanical Engineering,bank reconciliation,0,30,-30,NO
Civil & Mechanical Engineering,focus,0,30,-30,NO
Civil & Mechanical Engineering,risk management,0,30,-30,NO
Civil & Mechanical Engineering,works,0,30,-30,NO
Civil & Mechanical Engineering,data modelling,0,30,-30,NO
Civil & Mechanical Engineering,physics,0,30,-30,NO
Civil & Mechanical Engineering,layout,0,30,-30,NO
Civil & Mechanical Engineering,text analytics,0,30,-30,NO
Civil & Mechanical Engineering,product development,0,30,-30,NO
Civil & Mechanical Engineering,software engineer,0,30,-30,NO
Civil & Mechanical Engineering,laser,0,30,-30,NO
Civil & Mechanical Engineering,mentoring,0,30,-30,NO
Civil & Mechanical Engineering,transportation,0,30,-30,NO
Civil & Mechanical Engineering,hvac,0,30,-30,NO
Civil & Mechanical Engineering,spark,0,30,-30,NO
Civil & Mechanical Engineering,accounting system,0,30,-30,NO
Civil & Mechanical Engineering,complex problem solving,0,30,-30,NO
Civil & Mechanical Engineering,regression analysis,0,30,-30,NO
Civil & Mechanical Engineering,taxes,0,30,-30,NO
Civil & Mechanical Engineering,accounts receivables,0,30,-30,NO
Civil & Mechanical Engineering,approach,0,30,-30,NO
Civil & Mechanical Engineering,continuous improvement,0,30,-30,NO
Civil & Mechanical Engineering,messaging,0,30,-30,NO
Civil & Mechanical Engineering,oop,0,30,-30,NO
Civil & Mechanical Engineering,http,0,30,-30,NO
Civil & Mechanical Engineering,ms excel,0,30,-30,NO
Civil & Mechanical Engineering,customer relationship management,0,30,-30,NO
Civil & Mechanical Engineering,text mining,0,30,-30,NO
Civil & Mechanical Engineering,power point,0,30,-30,NO
Civil & Mechanical Engineering,instructor,0,30,-30,NO
Civil & Mechanical Engineering,ftp,0,30,-30,NO
Civil & Mechanical Engineering,maintenance,0,30,-30,NO
Civil & Mechanical Engineering,troubleshoot,0,30,-30,NO
Civil & Mechanical Engineering,coding,0,30,-30,NO
Civil & Mechanical Engineering,scikit-learn,0,30,-30,NO
Civil & Mechanical Engineering,cad,0,30,-30,NO
Civil & Mechanical Engineering,account reconciliation,0,30,-30,NO
Civil & Mechanical Engineering,financials,0,30,-30,NO
Civil & Mechanical Engineering,administrative,0,30,-30,NO
Civil & Mechanical Engineering,retail,0,30,-30,NO
Civil & Mechanical Engineering,direction,0,30,-30,NO
Civil & Mechanical Engineering,schematics,0,30,-30,NO
Civil & Mechanical Engineering,test equipment,0,30,-30,NO
Civil & Mechanical Engineering,ar,0,30,-30,NO
Civil & Mechanical Engineering,controller,0,30,-30,NO
Civil & Mechanical Engineering,business analyst,0,30,-30,NO
Civil & Mechanical Engineering,information technology,0,30,-30,NO
Civil & Mechanical Engineering,electrical systems,0,30,-30,NO
Civil & Mechanical Engineering,cli,0,30,-30,NO
Civil & Mechanical Engineering,plc,0,30,-30,NO
Civil & Mechanical Engineering,migration,0,30,-30,NO
Civil & Mechanical Engineering,routers,0,30,-30,NO
Civil & Mechanical Engineering,electronics,0,30,-30,NO
Civil & Mechanical Engineering,hr,0,30,-30,NO
Civil & Mechanical Engineering,payables,0,30,-30,NO
Civil & Mechanical Engineering,spreadsheet,0,30,-30,NO
Civil & Mechanical Engineering,specification,0,30,-30,NO
Civil & Mechanical Engineering,team lead,0,30,-30,NO
Civil & Mechanical Engineering,accruals,0,30,-30,NO
Civil & Mechanical Engineering,read,0,30,-30,NO
Civil & Mechanical Engineering,record keeping,0,30,-30,NO
Civil & Mechanical Engineering,customer satisfaction,0,33,-33,NO
Civil & Mechanical Engineering,balance,0,36,-36,NO
Civil & Mechanical Engineering,microsoft powerpoint,0,36,-36,NO
Civil & Mechanical Engineering,workflow,0,36,-36,NO
Civil & Mechanical Engineering,advertising,0,36,-36,NO
Civil & Mechanical Engineering,account reconciliation expert,0,36,-36,NO
Civil & Mechanical Engineering,assembly,0,36,-36,NO
Civil & Mechanical Engineering,servers,0,36,-36,NO
Civil & Mechanical Engineering,2000,0,36,-36,NO
Civil & Mechanical Engineering,cash flow,0,36,-36,NO
Civil & Mechanical Engineering,labview,0,36,-36,NO
Civil & Mechanical Engineering,team player,0,36,-36,NO
Civil & Mechanical Engineering,bookkeeping,0,36,-36,NO
Civil & Mechanical Engineering,spreadsheets,0,36,-36,NO
Civil & Mechanical Engineering,dc,0,36,-36,NO
Civil & Mechanical Engineering,gui,0,36,-36,NO
Civil & Mechanical Engineering,drawing,0,36,-36,NO
Civil & Mechanical Engineering,clerical,0,36,-36,NO
Civil & Mechanical Engineering,gl,0,36,-36,NO
Civil & Mechanical Engineering,problem solving,0,36,-36,NO
Civil & Mechanical Engineering,program management,0,36,-36,NO
Civil & Mechanical Engineering,calibration,0,36,-36,NO
Civil & Mechanical Engineering,crm,0,36,-36,NO
Civil & Mechanical Engineering,reconciling,0,36,-36,NO
Civil & Mechanical Engineering,lan,0,36,-36,NO
Civil & Mechanical Engineering,auditing,0,36,-36,NO
Civil & Mechanical Engineering,broadcast,0,36,-36,NO
Civil & Mechanical Engineering,backup,0,36,-36,NO
Civil & Mechanical Engineering,business objects,0,36,-36,NO
Civil & Mechanical Engineering,sage,0,36,-36,NO
Civil & Mechanical Engineering,utilities,0,36,-36,NO
Civil & Mechanical Engineering,coaching,0,36,-36,NO
Civil & Mechanical Engineering,minitab,0,36,-36,NO
Civil & Mechanical Engineering,pricing,0,36,-36,NO
Civil & Mechanical Engineering,book,0,36,-36,NO
Civil & Mechanical Engineering,big data,0,36,-36,NO
Civil & Mechanical Engineering,simulation,0,36,-36,NO
Civil & Mechanical Engineering,hive,0,36,-36,NO
Civil & Mechanical Engineering,json,0,36,-36,NO
Civil & Mechanical Engineering,benefits,0,36,-36,NO
Civil & Mechanical Engineering,sas,0,36,-36,NO
Civil & Mechanical Engineering,database management,0,36,-36,NO
Civil & Mechanical Engineering,administrative support,0,36,-36,NO
Civil & Mechanical Engineering,editing,0,36,-36,NO
Civil & Mechanical Engineering,docker,0,36,-36,NO
Civil & Mechanical Engineering,detail-oriented,0,36,-36,NO
Civil & Mechanical Engineering,page,0,36,-36,NO
Civil & Mechanical Engineering,team management,0,36,-36,NO
Civil & Mechanical Engineering,agency,0,36,-36,NO
Civil & Mechanical Engineering,networks,0,36,-36,NO
Civil & Mechanical Engineering,operations management,0,36,-36,NO
Civil & Mechanical Engineering,government,0,36,-36,NO
Civil & Mechanical Engineering,receiving,0,36,-36,NO
Civil & Mechanical Engineering,content,0,36,-36,NO
Civil & Mechanical Engineering,strategic planning,0,39,-39,NO
Civil & Mechanical Engineering,account management,0,39,-39,NO
Civil & Mechanical Engineering,critical thinking,0,42,-42,NO
Civil & Mechanical Engineering,ca,0,42,-42,NO
Civil & Mechanical Engineering,training,0,42,-42,NO
Civil & Mechanical Engineering,postgresql,0,42,-42,NO
Civil & Mechanical Engineering,requirement gathering,0,42,-42,NO
Civil & Mechanical Engineering,software developer,0,42,-42,NO
Civil & Mechanical Engineering,unix,0,42,-42,NO
Civil & Mechanical Engineering,san,0,42,-42,NO
Civil & Mechanical Engineering,php,0,42,-42,NO
Civil & Mechanical Engineering,predictive analytics,0,42,-42,NO
Civil & Mechanical Engineering,concept,0,42,-42,NO
Civil & Mechanical Engineering,optimization,0,42,-42,NO
Civil & Mechanical Engineering,account reconciliations,0,42,-42,NO
Civil & Mechanical Engineering,statistical modeling,0,42,-42,NO
Civil & Mechanical Engineering,mail,0,42,-42,NO
Civil & Mechanical Engineering,staffing,0,42,-42,NO
Civil & Mechanical Engineering,lean manufacturing,0,42,-42,NO
Civil & Mechanical Engineering,microsoft project,0,42,-42,NO
Civil & Mechanical Engineering,drafting,0,42,-42,NO
Civil & Mechanical Engineering,clustering,0,42,-42,NO
Civil & Mechanical Engineering,real estate,0,42,-42,NO
Civil & Mechanical Engineering,legal,0,42,-42,NO
Civil & Mechanical Engineering,time series analysis,0,42,-42,NO
Civil & Mechanical Engineering,strategy,0,42,-42,NO
Civil & Mechanical Engineering,ledger,0,48,-48,NO
Civil & Mechanical Engineering,scrum,0,48,-48,NO
Civil & Mechanical Engineering,bank reconciliations,0,48,-48,NO
Civil & Mechanical Engineering,xml,0,48,-48,NO
Civil & Mechanical Engineering,financial analysis,0,48,-48,NO
Civil & Mechanical Engineering,data entry,0,48,-48,NO
Civil & Mechanical Engineering,flask,0,48,-48,NO
Civil & Mechanical Engineering,english,0,48,-48,NO
Civil & Mechanical Engineering,telephone,0,48,-48,NO
Civil & Mechanical Engineering,statistics,0,48,-48,NO
Civil & Mechanical Engineering,basic,0,48,-48,NO
Civil & Mechanical Engineering,six sigma,0,48,-48,NO
Civil & Mechanical Engineering,django,0,48,-48,NO
Civil & Mechanical Engineering,funds,0,48,-48,NO
Civil & Mechanical Engineering,visual basic,0,48,-48,NO
Civil & Mechanical Engineering,senior management,0,48,-48,NO
Civil & Mechanical Engineering,api,0,48,-48,NO
Civil & Mechanical Engineering,sharepoint,0,48,-48,NO
Civil & Mechanical Engineering,presentations,0,48,-48,NO
Civil & Mechanical Engineering,com,0,48,-48,NO
Civil & Mechanical Engineering,opencv,0,48,-48,NO
Civil & Mechanical Engineering,image processing,0,48,-48,NO
Civil & Mechanical Engineering,power bi,0,48,-48,NO
Civil & Mechanical Engineering,email,0,48,-48,NO
Civil & Mechanical Engineering,accountant,0,48,-48,NO
Civil & Mechanical Engineering,inventory control,0,48,-48,NO
Civil & Mechanical Engineering,written,0,48,-48,NO
Civil & Mechanical Engineering,financial reporting,0,51,-51,NO
Civil & Mechanical Engineering,video,0,54,-54,NO
Civil & Mechanical Engineering,microsoft access,0,54,-54,NO
Civil & Mechanical Engineering,machinery,0,54,-54,NO
Civil & Mechanical Engineering,accounts receivable,0,54,-54,NO
Civil & Mechanical Engineering,shipping,0,54,-54,NO
Civil & Mechanical Engineering,validation,0,54,-54,NO
Civil & Mechanical Engineering,designing,0,54,-54,NO
Civil & Mechanical Engineering,quality control,0,54,-54,NO
Civil & Mechanical Engineering,peachtree,0,54,-54,NO
Civil & Mechanical Engineering,filing,0,54,-54,NO
Civil & Mechanical Engineering,programming,0,54,-54,NO
Civil & Mechanical Engineering,nlp,0,54,-54,NO
Civil & Mechanical Engineering,algorithms,0,54,-54,NO
Civil & Mechanical Engineering,software engineering,0,54,-54,NO
Civil & Mechanical Engineering,procurement,0,54,-54,NO
Civil & Mechanical Engineering,year-end,0,54,-54,NO
Civil & Mechanical Engineering,business development,0,57,-57,NO
Civil & Mechanical Engineering,logistics,0,60,-60,NO
Civil & Mechanical Engineering,banking,0,60,-60,NO
Civil & Mechanical Engineering,time management,0,60,-60,NO
Civil & Mechanical Engineering,phone,0,60,-60,NO
Civil & Mechanical Engineering,financial reports,0,60,-60,NO
Civil & Mechanical Engineering,automation,0,60,-60,NO
Civil & Mechanical Engineering,engineer,0,60,-60,NO
Civil & Mechanical Engineering,repairs,0,60,-60,NO
Civil & Mechanical Engineering,consulting,0,60,-60,NO
Civil & Mechanical Engineering,process improvement,0,66,-66,NO
Civil & Mechanical Engineering,forecasting,0,66,-66,NO
Civil & Mechanical Engineering,technical support,0,66,-66,NO
Civil & Mechanical Engineering,mongodb,0,66,-66,NO
Civil & Mechanical Engineering,purchasing,0,66,-66,NO
Civil & Mechanical Engineering,logistic regression,0,66,-66,NO
Civil & Mechanical Engineering,market,0,66,-66,NO
Civil & Mechanical Engineering,network,0,66,-66,NO
Civil & Mechanical Engineering,tax,0,66,-66,NO
Civil & Mechanical Engineering,oracle,0,66,-66,NO
Civil & Mechanical Engineering,data modeling,0,66,-66,NO
Civil & Mechanical Engineering,networking,0,66,-66,NO
Civil & Mechanical Engineering,meetings,0,72,-72,NO
Civil & Mechanical Engineering,pytorch,0,72,-72,NO
Civil & Mechanical Engineering,predictive modeling,0,72,-72,NO
Civil & Mechanical Engineering,microsoft word,0,72,-72,NO
Civil & Mechanical Engineering,supervision,0,72,-72,NO
Civil & Mechanical Engineering,business intelligence,0,72,-72,NO
Civil & Mechanical Engineering,scikit learn,0,72,-72,NO
Civil & Mechanical Engineering,neural networks,0,72,-72,NO
Civil & Mechanical Engineering,aws,0,72,-72,NO
Civil & Mechanical Engineering,c#,0,78,-78,NO
Civil & Mechanical Engineering,microsoft excel,0,78,-78,NO
Civil & Mechanical Engineering,powerbi,0,78,-78,NO
Civil & Mechanical Engineering,data structures,0,78,-78,NO
Civil & Mechanical Engineering,git,0,78,-78,NO
Civil & Mechanical Engineering,inspection,0,78,-78,NO
Civil & Mechanical Engineering,proposals,0,78,-78,NO
Civil & Mechanical Engineering,balance sheet,0,78,-78,NO
Civil & Mechanical Engineering,business analytics,0,78,-78,NO
Civil & Mechanical Engineering,delivery,0,78,-78,NO
Civil & Mechanical Engineering,fixed assets,0,78,-78,NO
Civil & Mechanical Engineering,pyspark,0,78,-78,NO
Civil & Mechanical Engineering,functional,0,84,-84,NO
Civil & Mechanical Engineering,payroll,0,84,-84,NO
Civil & Mechanical Engineering,quality assurance,0,84,-84,NO
Civil & Mechanical Engineering,keras,0,84,-84,NO
Civil & Mechanical Engineering,insurance,0,84,-84,NO
Civil & Mechanical Engineering,credit,0,84,-84,NO
Civil & Mechanical Engineering,managing,0,84,-84,NO
Civil & Mechanical Engineering,css,0,84,-84,NO
Civil & Mechanical Engineering,statistical analysis,0,84,-84,NO
Civil & Mechanical Engineering,budgeting,0,87,-87,NO
Civil & Mechanical Engineering,forms,0,90,-90,NO
Civil & Mechanical Engineering,accounts payable,0,90,-90,NO
Civil & Mechanical Engineering,hardware,0,90,-90,NO
Civil & Mechanical Engineering,closing,0,90,-90,NO
Civil & Mechanical Engineering,matplotlib,0,90,-90,NO
Civil & Mechanical Engineering,computer vision,0,96,-96,NO
Civil & Mechanical Engineering,finance,0,96,-96,NO
Civil & Mechanical Engineering,budgets,0,96,-96,NO
Civil & Mechanical Engineering,business analysis,0,96,-96,NO
Civil & Mechanical Engineering,general ledger,0,96,-96,NO
Civil & Mechanical Engineering,customer service,0,99,-99,NO
Civil & Mechanical Engineering,marketing,0,102,-102,NO
Civil & Mechanical Engineering,data analyst,0,102,-102,NO
Civil & Mechanical Engineering,matlab,0,102,-102,NO
Civil & Mechanical Engineering,progress,0,102,-102,NO
Civil & Mechanical Engineering,pandas,0,102,-102,NO
Civil & Mechanical Engineering,leadership,0,102,-102,NO
Civil & Mechanical Engineering,linear regression,0,102,-102,NO
Civil & Mechanical Engineering,database,0,108,-108,NO
Civil & Mechanical Engineering,personnel,0,108,-108,NO
Civil & Mechanical Engineering,billing,0,108,-108,NO
Civil & Mechanical Engineering,javascript,0,108,-108,NO
Civil & Mechanical Engineering,safety,0,114,-114,NO
Civil & Mechanical Engineering,linux,0,114,-114,NO
Civil & Mechanical Engineering,scheduling,0,114,-114,NO
Civil & Mechanical Engineering,tensorflow,0,114,-114,NO
Civil & Mechanical Engineering,software development,0,114,-114,NO
Civil & Mechanical Engineering,windows,0,114,-114,NO
Civil & Mechanical Engineering,troubleshooting,0,114,-114,NO
Civil & Mechanical Engineering,financial statements,0,120,-120,NO
Civil & Mechanical Engineering,materials,0,126,-126,NO
Civil & Mechanical Engineering,numpy,0,126,-126,NO
Civil & Mechanical Engineering,reporting,0,129,-129,NO
Civil & Mechanical Engineering,html,0,132,-132,NO
Civil & Mechanical Engineering,office,0,132,-132,NO
Civil & Mechanical Engineering,r,0,132,-132,NO
Civil & Mechanical Engineering,data visualization,0,132,-132,NO
Civil & Mechanical Engineering,mysql,0,138,-138,NO
Civil & Mechanical Engineering,client,0,138,-138,NO
Civil & Mechanical Engineering,research,0,138,-138,NO
Civil & Mechanical Engineering,policies,0,138,-138,NO
Civil & Mechanical Engineering,quickbooks,0,144,-144,NO
Civil & Mechanical Engineering,contracts,0,150,-150,NO
Civil & Mechanical Engineering,financial,0,150,-150,NO
Civil & Mechanical Engineering,word,0,153,-153,NO
Civil & Mechanical Engineering,inventory,0,156,-156,NO
Civil & Mechanical Engineering,budget,0,156,-156,NO
Civil & Mechanical Engineering,sap,0,156,-156,NO
Civil & Mechanical Engineering,access,0,156,-156,NO
Civil & Mechanical Engineering,data analytics,0,156,-156,NO
Civil & Mechanical Engineering,quality,0,162,-162,NO
Civil & Mechanical Engineering,clients,0,162,-162,NO
Civil & Mechanical Engineering,c,0,168,-168,NO
Civil & Mechanical Engineering,data mining,0,174,-174,NO
Civil & Mechanical Engineering,processes,0,174,-174,NO
Civil & Mechanical Engineering,powerpoint,0,174,-174,NO
Civil & Mechanical Engineering,outlook,0,177,-177,NO
Civil & Mechanical Engineering,tableau,0,180,-180,NO
Civil & Mechanical Engineering,microsoft office,0,180,-180,NO
Civil & Mechanical Engineering,accounting,0,183,-183,NO
Civil & Mechanical Engineering,project management,0,198,-198,NO
Civil & Mechanical Engineering,data science,0,198,-198,NO
Civil & Mechanical Engineering,documentation,0,204,-204,NO
Civil & Mechanical Engineering,artificial intelligence,0,210,-210,NO
Civil & Mechanical Engineering,sales,0,231,-231,NO
Civil & Mechanical Engineering,natural language processing,0,234,-234,NO
Civil & Mechanical Engineering,c++,0,252,-252,NO
Civil & Mechanical Engineering,java,0,258,-258,NO
Civil & Mechanical Engineering,deep learning,0,324,-324,NO
Civil & Mechanical Engineering,data analysis,0,336,-336,NO
Civil & Mechanical Engineering,excel,0,357,-357,NO
Civil & Mechanical Engineering,sql,0,378,-378,NO
Civil & Mechanical Engineering,machine learning,0,738,-738,NO
Civil & Mechanical Engineering,python,0,780,-780,NO
Data & AI,scikit-learn.,339,0,339,YES
Data & AI,r or java,339,0,339,YES
Data & AI,soft skills,338,0,338,YES
Data & AI,effective communication skills,338,0,338,YES
Data & AI,rest api design,338,0,338,YES
Data & AI,etl tools,338,0,338,YES
Data & AI,azure,338,9,329,YES
Data & AI,big data,338,18,320,YES
Data & AI,power bi,338,24,314,YES
Data & AI,pytorch,339,36,303,YES
Data & AI,business analysis,338,48,290,YES
Data & AI,tensorflow,339,57,282,YES
Data & AI,software development,338,57,281,YES
Data & AI,data analytics,338,78,260,YES
Data & AI,java,338,129,209,YES
Data & AI,sql,338,189,149,NO
Data & AI,product and service sales,0,2,-2,NO
Data & AI,sap time approval,0,2,-2,NO
Data & AI,purchase reqs in sap,0,2,-2,NO
Data & AI,access database,0,2,-2,NO
Data & AI,relationship building and management,0,2,-2,NO
Data & AI,travel arranger,0,2,-2,NO
Data & AI,account management and development,0,2,-2,NO
Data & AI,excellent at networking,0,2,-2,NO
Data & AI,key decision making,0,2,-2,NO
Data & AI,pcard purchases,0,2,-2,NO
Data & AI,conflict resolution,0,2,-2,NO
Data & AI,ios in sap,0,2,-2,NO
Data & AI,verbal and written communication,0,2,-2,NO
Data & AI,territory management,0,2,-2,NO
Data & AI,goals and performance,0,2,-2,NO
Data & AI,royalty agreement tracking,0,2,-2,NO
Data & AI,brand development,0,3,-3,NO
Data & AI,problem resolution,0,3,-3,NO
Data & AI,3d printing,0,3,-3,NO
Data & AI,mortgage,0,3,-3,NO
Data & AI,pentaho,0,3,-3,NO
Data & AI,erp (alliance,0,3,-3,NO
Data & AI,frontend,0,3,-3,NO
Data & AI,worked with management to document and offset unusual expense variances in their respective areas.,0,3,-3,NO
Data & AI,wap,0,3,-3,NO
Data & AI,workforce management systems,0,3,-3,NO
Data & AI,pos systems: micros,0,3,-3,NO
Data & AI,host software,0,3,-3,NO
Data & AI,microsoft windows 10,0,3,-3,NO
Data & AI,ssis,0,3,-3,NO
Data & AI,coordination,0,3,-3,NO
Data & AI,cbmet,0,3,-3,NO
Data & AI,hardware: dell,0,3,-3,NO
Data & AI,microsoft (ms) access,0,3,-3,NO
Data & AI,rfi,0,3,-3,NO
Data & AI,wan,0,3,-3,NO
Data & AI,google calendar,0,3,-3,NO
Data & AI,lock-out/tag-out,0,3,-3,NO
Data & AI,scorecard,0,3,-3,NO
Data & AI,patience,0,3,-3,NO
Data & AI,5s expert,0,3,-3,NO
Data & AI,excellent problem solver,0,3,-3,NO
Data & AI,peachtree accounting,0,3,-3,NO
Data & AI,develop products in consumer electronics,0,3,-3,NO
Data & AI,troubleshooting and problem solving,0,3,-3,NO
Data & AI,multidisciplinary exposure,0,3,-3,NO
Data & AI,tera term,0,3,-3,NO
Data & AI,customer care and satisfaction,0,3,-3,NO
Data & AI,flexible,0,3,-3,NO
Data & AI,individual tax returns,0,3,-3,NO
Data & AI,motivated,0,3,-3,NO
Data & AI,vehicle ergonomics,0,3,-3,NO
Data & AI,manufacturing process development and improvement,0,3,-3,NO
Data & AI,git-lab,0,3,-3,NO
Data & AI,preparation of financial reports,0,3,-3,NO
Data & AI,xp,0,3,-3,NO
Data & AI,xpert,0,3,-3,NO
Data & AI,dhcp/dns ethernet and firewall proficient,0,3,-3,NO
Data & AI,superior research skills,0,3,-3,NO
Data & AI,identifies vendors requiring an irs form 1099 and prepares the form and transmittal,0,3,-3,NO
Data & AI,biotechnology,0,3,-3,NO
Data & AI,raspberry pi,0,3,-3,NO
Data & AI,windows vista,0,3,-3,NO
Data & AI,software systems engineering,0,3,-3,NO
Data & AI,iis 5,0,3,-3,NO
Data & AI,detail drawings,0,3,-3,NO
Data & AI,aardwolf,0,3,-3,NO
Data & AI,six sigma certified,0,3,-3,NO
Data & AI,general ledger proficiency,0,3,-3,NO
Data & AI,estimation,0,3,-3,NO
Data & AI,laboratory testing,0,3,-3,NO
Data & AI,fm,0,3,-3,NO
Data & AI,automation tools - design and implement,0,3,-3,NO
Data & AI,edit,0,3,-3,NO
Data & AI,business process management,0,3,-3,NO
Data & AI,windows platforms programming,0,3,-3,NO
Data & AI,assist,0,3,-3,NO
Data & AI,peoplesoft hrms,0,3,-3,NO
Data & AI,algebra,0,3,-3,NO
Data & AI,sap),0,3,-3,NO
Data & AI,for selling,0,3,-3,NO
Data & AI,design for manufacturing,0,3,-3,NO
Data & AI,test tools,0,3,-3,NO
Data & AI,pl/pgsql,0,3,-3,NO
Data & AI,interpersonal communication skills,0,3,-3,NO
Data & AI,pearl,0,3,-3,NO
Data & AI,user experience,0,3,-3,NO
Data & AI,demonstrated organizational/planning skills,0,3,-3,NO
Data & AI,apple computers,0,3,-3,NO
Data & AI,software development skills,0,3,-3,NO
Data & AI,ibm-pc,0,3,-3,NO
Data & AI,interpretation,0,3,-3,NO
Data & AI,test engineer,0,3,-3,NO
Data & AI,linux programming,0,3,-3,NO
Data & AI,overall sales,0,3,-3,NO
Data & AI,office suite,0,3,-3,NO
Data & AI,processing payments,0,3,-3,NO
Data & AI,sentiment analysis,0,3,-3,NO
Data & AI,installation and configuration of peripherals,0,3,-3,NO
Data & AI,ii,0,3,-3,NO
Data & AI,oracle database,0,3,-3,NO
Data & AI,document control,0,3,-3,NO
Data & AI,i-max,0,3,-3,NO
Data & AI,chill,0,3,-3,NO
Data & AI,a/r,0,3,-3,NO
Data & AI,sublime 2,0,3,-3,NO
Data & AI,client support,0,3,-3,NO
Data & AI,ms office applications,0,3,-3,NO
Data & AI,self-starter & self-motivated,0,3,-3,NO
Data & AI,white box testing,0,3,-3,NO
Data & AI,pillow,0,3,-3,NO
Data & AI,catalysis,0,3,-3,NO
Data & AI,retention,0,3,-3,NO
Data & AI,microsoft rdp,0,3,-3,NO
Data & AI,investment research,0,3,-3,NO
Data & AI,facilities management,0,3,-3,NO
Data & AI,3dsmax,0,3,-3,NO
Data & AI,mp4,0,3,-3,NO
Data & AI,sarbanes oxley,0,3,-3,NO
Data & AI,marketing collateral,0,3,-3,NO
Data & AI,business to customer,0,3,-3,NO
Data & AI,microsoft windows nt server,0,3,-3,NO
Data & AI,cics,0,3,-3,NO
Data & AI,exceptional telephone etiquette,0,3,-3,NO
Data & AI,industrial automation,0,3,-3,NO
Data & AI,regression testing,0,3,-3,NO
Data & AI,dukpt,0,3,-3,NO
Data & AI,exploratory data analysis,0,3,-3,NO
Data & AI,windows 95 - xp,0,3,-3,NO
Data & AI,layout design,0,3,-3,NO
Data & AI,plc 5,0,3,-3,NO
Data & AI,differential equations,0,3,-3,NO
Data & AI,accounts receivable professional,0,3,-3,NO
Data & AI,oss,0,3,-3,NO
Data & AI,of sales,0,3,-3,NO
Data & AI,engineer-in-training,0,3,-3,NO
Data & AI,suspension and alignment,0,3,-3,NO
Data & AI,interpersonal communication,0,3,-3,NO
Data & AI,profit and loss,0,3,-3,NO
Data & AI,jd edwards/as 400,0,3,-3,NO
Data & AI,college math,0,3,-3,NO
Data & AI,indesign,0,3,-3,NO
Data & AI,excellent written,0,3,-3,NO
Data & AI,very organized,0,3,-3,NO
Data & AI,data preparation,0,3,-3,NO
Data & AI,electrical component repair,0,3,-3,NO
Data & AI,ios9,0,3,-3,NO
Data & AI,osha regulations,0,3,-3,NO
Data & AI,laravel,0,3,-3,NO
Data & AI,manufacturing,0,3,-3,NO
Data & AI,speakers),0,3,-3,NO
Data & AI,reduce waste,0,3,-3,NO
Data & AI,financial controls,0,3,-3,NO
Data & AI,windows 9.x,0,3,-3,NO
Data & AI,solomon,0,3,-3,NO
Data & AI,help desk support,0,3,-3,NO
Data & AI,effective leader,0,3,-3,NO
Data & AI,analog and digital circuitry,0,3,-3,NO
Data & AI,method development,0,3,-3,NO
Data & AI,file maintenance,0,3,-3,NO
Data & AI,clarify,0,3,-3,NO
Data & AI,powershell,0,3,-3,NO
Data & AI,drilling- tapping,0,3,-3,NO
Data & AI,vpn/remote connectivity - openvpn,0,3,-3,NO
Data & AI,team building & leadership,0,3,-3,NO
Data & AI,excellent facilitator,0,3,-3,NO
Data & AI,forward-thinking mindset,0,3,-3,NO
Data & AI,prolith (modeling),0,3,-3,NO
Data & AI,iia,0,3,-3,NO
Data & AI,focus integrated erp software for retail garment stores,0,3,-3,NO
Data & AI,physics i,0,3,-3,NO
Data & AI,re-engineering,0,3,-3,NO
Data & AI,organizational and planning skills,0,3,-3,NO
Data & AI,solidworks 2005,0,3,-3,NO
Data & AI,emv systems : btt (ul),0,3,-3,NO
Data & AI,bluehill testing software,0,3,-3,NO
Data & AI,market analysis/competitive positioning,0,3,-3,NO
Data & AI,data analysis techniques,0,3,-3,NO
Data & AI,lotus sametime,0,3,-3,NO
Data & AI,voice over ip telephone,0,3,-3,NO
Data & AI,data handling,0,3,-3,NO
Data & AI,web design technology,0,3,-3,NO
Data & AI,lx,0,3,-3,NO
Data & AI,energy manager,0,3,-3,NO
Data & AI,saas,0,3,-3,NO
Data & AI,human resource management,0,3,-3,NO
Data & AI,windows nt,0,3,-3,NO
Data & AI,including ordering and canceling cards,0,3,-3,NO
Data & AI,office switchphone,0,3,-3,NO
Data & AI,msra,0,3,-3,NO
Data & AI,statistical solutions,0,3,-3,NO
Data & AI,featurization,0,3,-3,NO
Data & AI,phoenix (e1),0,3,-3,NO
Data & AI,verbal communication,0,3,-3,NO
Data & AI,ms office: outlook,0,3,-3,NO
Data & AI,advanced presentation,0,3,-3,NO
Data & AI,spc++,0,3,-3,NO
Data & AI,create circuits with multisim cad software,0,3,-3,NO
Data & AI,analysis of algorithms,0,3,-3,NO
Data & AI,adc,0,3,-3,NO
Data & AI,sc,0,3,-3,NO
Data & AI,dynamic ax,0,3,-3,NO
Data & AI,visual studio 2008-2010,0,3,-3,NO
Data & AI,fasb & gaap standards,0,3,-3,NO
Data & AI,image scanner asset manager -10-key,0,3,-3,NO
Data & AI,business consulting,0,3,-3,NO
Data & AI,naval,0,3,-3,NO
Data & AI,fetch,0,3,-3,NO
Data & AI,company platforms: eagle,0,3,-3,NO
Data & AI,microsoft accounting office,0,3,-3,NO
Data & AI,computer proficient,0,3,-3,NO
Data & AI,interpersonal and communication,0,3,-3,NO
Data & AI,quick on my feet & with my hands,0,3,-3,NO
Data & AI,professor,0,3,-3,NO
Data & AI,fas asset accounting,0,3,-3,NO
Data & AI,competency in procedure development,0,3,-3,NO
Data & AI,troubleshooting i,0,3,-3,NO
Data & AI,developed reconciliation format,0,3,-3,NO
Data & AI,power supply,0,3,-3,NO
Data & AI,performed debit,0,3,-3,NO
Data & AI,vast technical knowledge,0,3,-3,NO
Data & AI,diagnostic software utilities,0,3,-3,NO
Data & AI,client-focused,0,3,-3,NO
Data & AI,cli knowledge,0,3,-3,NO
Data & AI,received,0,3,-3,NO
Data & AI,tools of operations research,0,3,-3,NO
Data & AI,superb communication skills,0,3,-3,NO
Data & AI,network systems,0,3,-3,NO
Data & AI,operating systems: xp windows professional / windows 7/ windows 8,0,3,-3,NO
Data & AI,test scripts,0,3,-3,NO
Data & AI,advanced anatomy knowledge,0,3,-3,NO
Data & AI,pc repair,0,3,-3,NO
Data & AI,revenue recognition,0,3,-3,NO
Data & AI,microsoft virtual pc/hyper-v,0,3,-3,NO
Data & AI,proficient in avg,0,3,-3,NO
Data & AI,calculus,0,3,-3,NO
Data & AI,cash-flow,0,3,-3,NO
Data & AI,parameter tuning,0,3,-3,NO
Data & AI,needs analysis,0,3,-3,NO
Data & AI,vmware workstation,0,3,-3,NO
Data & AI,critical thinker,0,3,-3,NO
Data & AI,hboc,0,3,-3,NO
Data & AI,estimate,0,3,-3,NO
Data & AI,osx,0,3,-3,NO
Data & AI,complex problem solver,0,3,-3,NO
Data & AI,pluming,0,3,-3,NO
Data & AI,pc security systems,0,3,-3,NO
Data & AI,firefox,0,3,-3,NO
Data & AI,adobe indesign,0,3,-3,NO
Data & AI,supervision and training,0,3,-3,NO
Data & AI,facet,0,3,-3,NO
Data & AI,customer services,0,3,-3,NO
Data & AI,business systems analysis,0,3,-3,NO
Data & AI,generally accepted accounting principles,0,3,-3,NO
Data & AI,producer,0,3,-3,NO
Data & AI,budget planning,0,3,-3,NO
Data & AI,aramark service trained on ge 9600,0,3,-3,NO
Data & AI,excellent verbal and written communication skills,0,3,-3,NO
Data & AI,embedded linux,0,3,-3,NO
Data & AI,memtest86,0,3,-3,NO
Data & AI,project analysis,0,3,-3,NO
Data & AI,8d,0,3,-3,NO
Data & AI,full life cycle,0,3,-3,NO
Data & AI,marketing plans,0,3,-3,NO
Data & AI,erp (enterprise resource planning) software,0,3,-3,NO
Data & AI,management skills,0,3,-3,NO
Data & AI,shielded pair and coaxial,0,3,-3,NO
Data & AI,mathematical modelling,0,3,-3,NO
Data & AI,mckesson,0,3,-3,NO
Data & AI,skilled in the operation of networks,0,3,-3,NO
Data & AI,market basket analysis,0,3,-3,NO
Data & AI,python developer,0,3,-3,NO
Data & AI,data exploration,0,3,-3,NO
Data & AI,business plan,0,3,-3,NO
Data & AI,tensorflow keras,0,3,-3,NO
Data & AI,project management methodologies: agile,0,3,-3,NO
Data & AI,internet,0,3,-3,NO
Data & AI,well organized,0,3,-3,NO
Data & AI,hands on training: electrical,0,3,-3,NO
Data & AI,risk assessment & tracking,0,3,-3,NO
Data & AI,wiring/wire spicing: cat3,0,3,-3,NO
Data & AI,filling,0,3,-3,NO
Data & AI,logic analyzer,0,3,-3,NO
Data & AI,sparkocr,0,3,-3,NO
Data & AI,qa/qm,0,3,-3,NO
Data & AI,emv tags,0,3,-3,NO
Data & AI,tax accounting,0,3,-3,NO
Data & AI,graphic design,0,3,-3,NO
Data & AI,presales,0,3,-3,NO
Data & AI,systems integration,0,3,-3,NO
Data & AI,aderant/cms,0,3,-3,NO
Data & AI,compliance management,0,3,-3,NO
Data & AI,project management & execution,0,3,-3,NO
Data & AI,home office,0,3,-3,NO
Data & AI,order management,0,3,-3,NO
Data & AI,project coordinator,0,3,-3,NO
Data & AI,community outreach,0,3,-3,NO
Data & AI,comprehensive large array data stewardship system,0,3,-3,NO
Data & AI,speak,0,3,-3,NO
Data & AI,xilinx ise,0,3,-3,NO
Data & AI,capital markets,0,3,-3,NO
Data & AI,rtos - os9,0,3,-3,NO
Data & AI,business and requirements analysis,0,3,-3,NO
Data & AI,unsupervised learning,0,3,-3,NO
Data & AI,gse,0,3,-3,NO
Data & AI,sound,0,3,-3,NO
Data & AI,train employees,0,3,-3,NO
Data & AI,active-listening,0,3,-3,NO
Data & AI,graphics and design,0,3,-3,NO
Data & AI,xcode,0,3,-3,NO
Data & AI,experienced manager,0,3,-3,NO
Data & AI,trello,0,3,-3,NO
Data & AI,bounded rationality,0,3,-3,NO
Data & AI,patient and diligent,0,3,-3,NO
Data & AI,powerpoint presentations,0,3,-3,NO
Data & AI,infolease for lease and financial accounting & citconnect research,0,3,-3,NO
Data & AI,mas,0,3,-3,NO
Data & AI,know-your-consumer (kyc),0,3,-3,NO
Data & AI,strong written and verbal communication skills,0,3,-3,NO
Data & AI,fiber brains,0,3,-3,NO
Data & AI,collaborating with stakeholders - roadmap,0,3,-3,NO
Data & AI,office master system,0,3,-3,NO
Data & AI,asp),0,3,-3,NO
Data & AI,java programming,0,3,-3,NO
Data & AI,general ledger accounting skills,0,3,-3,NO
Data & AI,assisted living,0,3,-3,NO
Data & AI,web developer,0,3,-3,NO
Data & AI,sonet,0,3,-3,NO
Data & AI,ifixit pro tech toolkit,0,3,-3,NO
Data & AI,company platforms: business objects,0,3,-3,NO
Data & AI,through-hole,0,3,-3,NO
Data & AI,computer peripherals,0,3,-3,NO
Data & AI,instruction list.),0,3,-3,NO
Data & AI,broadpos,0,3,-3,NO
Data & AI,protocols execution,0,3,-3,NO
Data & AI,us gaap principles,0,3,-3,NO
Data & AI,production and engineering management,0,3,-3,NO
Data & AI,construct,0,3,-3,NO
Data & AI,chromeos,0,3,-3,NO
Data & AI,lasso regression,0,3,-3,NO
Data & AI,ms,0,3,-3,NO
Data & AI,tax slayer,0,3,-3,NO
Data & AI,microsoft technologies,0,3,-3,NO
Data & AI,mediation expertise,0,3,-3,NO
Data & AI,toshiba certified service trained on vantage 1.5 t 8 channel mri,0,3,-3,NO
Data & AI,fannie mae,0,3,-3,NO
Data & AI,gaap understanding,0,3,-3,NO
Data & AI,computer graphics,0,3,-3,NO
Data & AI,radiography,0,3,-3,NO
Data & AI,full finish,0,3,-3,NO
Data & AI,design optimization),0,3,-3,NO
Data & AI,e-business,0,3,-3,NO
Data & AI,requestnet,0,3,-3,NO
Data & AI,e-learning,0,3,-3,NO
Data & AI,architectural drafting,0,3,-3,NO
Data & AI,waterfall,0,3,-3,NO
Data & AI,basic knowledge of microsoft powerpoint and excel,0,3,-3,NO
Data & AI,electronic & mechanical technology,0,3,-3,NO
Data & AI,quickbooks software,0,3,-3,NO
Data & AI,cd-roms,0,3,-3,NO
Data & AI,various testing equipment,0,3,-3,NO
Data & AI,business process,0,3,-3,NO
Data & AI,microcontrollers,0,3,-3,NO
Data & AI,strong collaborative skills,0,3,-3,NO
Data & AI,low voltage power consumption,0,3,-3,NO
Data & AI,quality assurance/control,0,3,-3,NO
Data & AI,manages the corporate visa accounts for managers and volunteers,0,3,-3,NO
Data & AI,marketing research,0,3,-3,NO
Data & AI,product improvement,0,3,-3,NO
Data & AI,application analysis,0,3,-3,NO
Data & AI,linksys,0,3,-3,NO
Data & AI,software engineer/developer,0,3,-3,NO
Data & AI,engineering ethics,0,3,-3,NO
Data & AI,motivation and initiative,0,3,-3,NO
Data & AI,responsible for maintaining fixed assets and prepaid sub-ledger accounts,0,3,-3,NO
Data & AI,driving license,0,3,-3,NO
Data & AI,usb,0,3,-3,NO
Data & AI,developing other business analyst,0,3,-3,NO
Data & AI,erp/accounting systems proficiency,0,3,-3,NO
Data & AI,gdb,0,3,-3,NO
Data & AI,architecting best practice technical solutions,0,3,-3,NO
Data & AI,microsoft teams,0,3,-3,NO
Data & AI,active learning,0,3,-3,NO
Data & AI,sequential analysis,0,3,-3,NO
Data & AI,rcm,0,3,-3,NO
Data & AI,brake systems expertise,0,3,-3,NO
Data & AI,real estate p.m.a.s.,0,3,-3,NO
Data & AI,spc,0,3,-3,NO
Data & AI,proactive and energetic,0,3,-3,NO
Data & AI,inventory management and control,0,3,-3,NO
Data & AI,market evaluation,0,3,-3,NO
Data & AI,collection,0,3,-3,NO
Data & AI,patient safety,0,3,-3,NO
Data & AI,sage fas,0,3,-3,NO
Data & AI,dexterous with hand tools,0,3,-3,NO
Data & AI,ad copy,0,3,-3,NO
Data & AI,windows installation usb/dvd,0,3,-3,NO
Data & AI,xilinx vivado,0,3,-3,NO
Data & AI,call center,0,3,-3,NO
Data & AI,risk mitigation planning,0,3,-3,NO
Data & AI,oracle 8i,0,3,-3,NO
Data & AI,source evaluation and selection,0,3,-3,NO
Data & AI,interoperability,0,3,-3,NO
Data & AI,technical review,0,3,-3,NO
Data & AI,related skills,0,3,-3,NO
Data & AI,identify electronic components and schematic symbols,0,3,-3,NO
Data & AI,solution design,0,3,-3,NO
Data & AI,bind,0,3,-3,NO
Data & AI,aaa security model,0,3,-3,NO
Data & AI,fire protection,0,3,-3,NO
Data & AI,microsoft office software,0,3,-3,NO
Data & AI,ad hoc,0,3,-3,NO
Data & AI,3d modeling,0,3,-3,NO
Data & AI,dashboards,0,3,-3,NO
Data & AI,operating system knowledge,0,3,-3,NO
Data & AI,sales presentations,0,3,-3,NO
Data & AI,tapscan,0,3,-3,NO
Data & AI,configuration management,0,3,-3,NO
Data & AI,validation process specialist,0,3,-3,NO
Data & AI,ccna,0,3,-3,NO
Data & AI,public accounting,0,3,-3,NO
Data & AI,netsuite,0,3,-3,NO
Data & AI,acronis true image,0,3,-3,NO
Data & AI,initiative to work independent,0,3,-3,NO
Data & AI,excellent customer service skills.,0,3,-3,NO
Data & AI,sccm 2012 ios-mdm,0,3,-3,NO
Data & AI,gshell,0,3,-3,NO
Data & AI,art,0,3,-3,NO
Data & AI,and wearables. iphones and ipads. printers,0,3,-3,NO
Data & AI,dotnet,0,3,-3,NO
Data & AI,web-based,0,3,-3,NO
Data & AI,groupwise,0,3,-3,NO
Data & AI,macintosh,0,3,-3,NO
Data & AI,microsoft office including word,0,3,-3,NO
Data & AI,portuguese (fluent),0,3,-3,NO
Data & AI,principal component analysis,0,3,-3,NO
Data & AI,frame,0,3,-3,NO
Data & AI,microprocessors,0,3,-3,NO
Data & AI,along with other finance department staff,0,3,-3,NO
Data & AI,ibm spss,0,3,-3,NO
Data & AI,knn,0,3,-3,NO
Data & AI,ms powerpoint,0,3,-3,NO
Data & AI,issue resolution,0,3,-3,NO
Data & AI,easy power,0,3,-3,NO
Data & AI,bi360 (businessintelligence tool),0,3,-3,NO
Data & AI,engineering cost estimating,0,3,-3,NO
Data & AI,reliability sae standards,0,3,-3,NO
Data & AI,new hire orientation,0,3,-3,NO
Data & AI,classroom monitoring,0,3,-3,NO
Data & AI,visio),0,3,-3,NO
Data & AI,sharepoint & costpoint,0,3,-3,NO
Data & AI,c/python,0,3,-3,NO
Data & AI,tax software,0,3,-3,NO
Data & AI,executive management,0,3,-3,NO
Data & AI,process capability,0,3,-3,NO
Data & AI,doe (design of experiment),0,3,-3,NO
Data & AI,ingenico,0,3,-3,NO
Data & AI,energetic,0,3,-3,NO
Data & AI,webscrapping,0,3,-3,NO
Data & AI,fund accounting,0,3,-3,NO
Data & AI,solar pv systems design,0,3,-3,NO
Data & AI,works with that department manager in preparation of annual budget,0,3,-3,NO
Data & AI,negotiating skills,0,3,-3,NO
Data & AI,proposal,0,3,-3,NO
Data & AI,scanner,0,3,-3,NO
Data & AI,it skills (shopper,0,3,-3,NO
Data & AI,training and development,0,3,-3,NO
Data & AI,product design,0,3,-3,NO
Data & AI,abaqus,0,3,-3,NO
Data & AI,product excellence,0,3,-3,NO
Data & AI,floor plans,0,3,-3,NO
Data & AI,testing and commissioning planning and execution,0,3,-3,NO
Data & AI,tirks,0,3,-3,NO
Data & AI,process analysis,0,3,-3,NO
Data & AI,xa,0,3,-3,NO
Data & AI,quality management,0,3,-3,NO
Data & AI,skilled in the use of hand tools for repairing and installing electronics,0,3,-3,NO
Data & AI,mechanical technician,0,3,-3,NO
Data & AI,hardworking,0,3,-3,NO
Data & AI,embedded c,0,3,-3,NO
Data & AI,electrical mechanical systems,0,3,-3,NO
Data & AI,rehabilitation,0,3,-3,NO
Data & AI,10key by touch,0,3,-3,NO
Data & AI,microsoft word/excel,0,3,-3,NO
Data & AI,profit and loss account,0,3,-3,NO
Data & AI,defect detection,0,3,-3,NO
Data & AI,architect,0,3,-3,NO
Data & AI,pharmacy,0,3,-3,NO
Data & AI,pricing proposal development,0,3,-3,NO
Data & AI,hp alm quality center,0,3,-3,NO
Data & AI,document management testing,0,3,-3,NO
Data & AI,mercurial,0,3,-3,NO
Data & AI,backend,0,3,-3,NO
Data & AI,maintenance schedules,0,3,-3,NO
Data & AI,lean manufacturing and management,0,3,-3,NO
Data & AI,build teams,0,3,-3,NO
Data & AI,industrial machinery,0,3,-3,NO
Data & AI,contract negotiation,0,3,-3,NO
Data & AI,aci-prm,0,3,-3,NO
Data & AI,omb circular a-133,0,3,-3,NO
Data & AI,financial analyst,0,3,-3,NO
Data & AI,database servers,0,3,-3,NO
Data & AI,electrical engineer,0,3,-3,NO
Data & AI,ergonomic and safety conscious,0,3,-3,NO
Data & AI,highly responsible and reliable,0,3,-3,NO
Data & AI,electrical equipment operation,0,3,-3,NO
Data & AI,enterprise software,0,3,-3,NO
Data & AI,computer proficiency,0,3,-3,NO
Data & AI,accounting packages,0,3,-3,NO
Data & AI,gage r & r,0,3,-3,NO
Data & AI,siebel,0,3,-3,NO
Data & AI,trade shows,0,3,-3,NO
Data & AI,budgetary and policy development,0,3,-3,NO
Data & AI,emperical modelling,0,3,-3,NO
Data & AI,equities,0,3,-3,NO
Data & AI,policy/program development,0,3,-3,NO
Data & AI,puppet,0,3,-3,NO
Data & AI,proficiency in tcp/ip protocols,0,3,-3,NO
Data & AI,multi-tasking,0,3,-3,NO
Data & AI,quick test professional,0,3,-3,NO
Data & AI,projectors,0,3,-3,NO
Data & AI,lead development,0,3,-3,NO
Data & AI,hp quality center,0,3,-3,NO
Data & AI,market and development,0,3,-3,NO
Data & AI,cost accounting,0,3,-3,NO
Data & AI,technical: vantive,0,3,-3,NO
Data & AI,cloud infrastructure,0,3,-3,NO
Data & AI,document manager software,0,3,-3,NO
Data & AI,outpatient,0,3,-3,NO
Data & AI,speaker,0,3,-3,NO
Data & AI,performance testing,0,3,-3,NO
Data & AI,stratton warren mms,0,3,-3,NO
Data & AI,sculpting,0,3,-3,NO
Data & AI,sas base,0,3,-3,NO
Data & AI,computer literate,0,3,-3,NO
Data & AI,financial modeling,0,3,-3,NO
Data & AI,applications: ms office 2010-2016 (word,0,3,-3,NO
Data & AI,pneumatics,0,3,-3,NO
Data & AI,compliance testing knowledge,0,3,-3,NO
Data & AI,creative solutions bookkeeping software,0,3,-3,NO
Data & AI,manufacturing systems integration,0,3,-3,NO
Data & AI,business and commercial acumen,0,3,-3,NO
Data & AI,vm,0,3,-3,NO
Data & AI,self-directed,0,3,-3,NO
Data & AI,monthly sales,0,3,-3,NO
Data & AI,very organized & energetic,0,3,-3,NO
Data & AI,macro media director,0,3,-3,NO
Data & AI,keane care,0,3,-3,NO
Data & AI,direct mail,0,3,-3,NO
Data & AI,sheets,0,3,-3,NO
Data & AI,product manager,0,3,-3,NO
Data & AI,hp qtp,0,3,-3,NO
Data & AI,java 2,0,3,-3,NO
Data & AI,student assistance,0,3,-3,NO
Data & AI,stories,0,3,-3,NO
Data & AI,gru,0,3,-3,NO
Data & AI,dynamic,0,3,-3,NO
Data & AI,cyber ethics,0,3,-3,NO
Data & AI,surface mount,0,3,-3,NO
Data & AI,mortgage loan,0,3,-3,NO
Data & AI,reconciled various general ledger fund accounts,0,3,-3,NO
Data & AI,intuit payroll,0,3,-3,NO
Data & AI,strong oral and written communication skills,0,3,-3,NO
Data & AI,familiar in c+,0,3,-3,NO
Data & AI,business growth,0,3,-3,NO
Data & AI,swedish,0,3,-3,NO
Data & AI,great plains dynamics,0,3,-3,NO
Data & AI,adtran,0,3,-3,NO
Data & AI,highly dependable,0,3,-3,NO
Data & AI,test plans,0,3,-3,NO
Data & AI,interface with customers and vendors,0,3,-3,NO
Data & AI,maintenance repair,0,3,-3,NO
Data & AI,skill 5,0,3,-3,NO
Data & AI,annuities,0,3,-3,NO
Data & AI,technical interface,0,3,-3,NO
Data & AI,talent management tools: hireright,0,3,-3,NO
Data & AI,kind,0,3,-3,NO
Data & AI,acrylic,0,3,-3,NO
Data & AI,ngs systems,0,3,-3,NO
Data & AI,munis,0,3,-3,NO
Data & AI,streak crm,0,3,-3,NO
Data & AI,consistently meet goals,0,3,-3,NO
Data & AI,spring,0,3,-3,NO
Data & AI,instructing,0,3,-3,NO
Data & AI,protel,0,3,-3,NO
Data & AI,technical grammar skills,0,3,-3,NO
Data & AI,epicor,0,3,-3,NO
Data & AI,excellent managerial techniques,0,3,-3,NO
Data & AI,algorithms and data structures,0,3,-3,NO
Data & AI,biology,0,3,-3,NO
Data & AI,hospice,0,3,-3,NO
Data & AI,c languages,0,3,-3,NO
Data & AI,validations,0,3,-3,NO
Data & AI,secretarial,0,3,-3,NO
Data & AI,client liaison,0,3,-3,NO
Data & AI,presenter,0,3,-3,NO
Data & AI,solenoid/valves,0,3,-3,NO
Data & AI,neural networks.,0,3,-3,NO
Data & AI,embedded hardware & software,0,3,-3,NO
Data & AI,relational database,0,3,-3,NO
Data & AI,valuation,0,3,-3,NO
Data & AI,siemens step 7,0,3,-3,NO
Data & AI,programming in java,0,3,-3,NO
Data & AI,front end,0,3,-3,NO
Data & AI,bank reconciliations and balancing,0,3,-3,NO
Data & AI,articulate,0,3,-3,NO
Data & AI,budget management,0,3,-3,NO
Data & AI,file,0,3,-3,NO
Data & AI,reception,0,3,-3,NO
Data & AI,mechanically-inclined,0,3,-3,NO
Data & AI,sound cards,0,3,-3,NO
Data & AI,federal acquisition,0,3,-3,NO
Data & AI,communication/presentations,0,3,-3,NO
Data & AI,inspector,0,3,-3,NO
Data & AI,glacier tax prep,0,3,-3,NO
Data & AI,corporate accounting,0,3,-3,NO
Data & AI,quality inspection professional,0,3,-3,NO
Data & AI,assurance analyst,0,3,-3,NO
Data & AI,bug tracking,0,3,-3,NO
Data & AI,systems support,0,3,-3,NO
Data & AI,wsam image,0,3,-3,NO
Data & AI,staff,0,3,-3,NO
Data & AI,structured text,0,3,-3,NO
Data & AI,api design,0,3,-3,NO
Data & AI,sensors,0,3,-3,NO
Data & AI,keep,0,3,-3,NO
Data & AI,netbeans,0,3,-3,NO
Data & AI,astrex,0,3,-3,NO
Data & AI,managerial,0,3,-3,NO
Data & AI,copier,0,3,-3,NO
Data & AI,it support services,0,3,-3,NO
Data & AI,microcontroller,0,3,-3,NO
Data & AI,monitoring and evaluation skills,0,3,-3,NO
Data & AI,business processes,0,3,-3,NO
Data & AI,kibana,0,3,-3,NO
Data & AI,microsoft test manager,0,3,-3,NO
Data & AI,works well under pressure,0,3,-3,NO
Data & AI,linux os,0,3,-3,NO
Data & AI,diagnosis and repair,0,3,-3,NO
Data & AI,retail mortgage,0,3,-3,NO
Data & AI,m&e,0,3,-3,NO
Data & AI,antivirus,0,3,-3,NO
Data & AI,xamarin studio,0,3,-3,NO
Data & AI,security: basic knowledge of ipsec / ssl-vpn / nat / gre,0,3,-3,NO
Data & AI,salesforce lead management,0,3,-3,NO
Data & AI,bilingual spanish (fluent,0,3,-3,NO
Data & AI,erp : microsoft ax dynamics,0,3,-3,NO
Data & AI,developer 2000,0,3,-3,NO
Data & AI,aws view,0,3,-3,NO
Data & AI,openvpn,0,3,-3,NO
Data & AI,letters and memos,0,3,-3,NO
Data & AI,process-engineering,0,3,-3,NO
Data & AI,installation of hardware,0,3,-3,NO
Data & AI,renovations,0,3,-3,NO
Data & AI,mechanical component troubleshooting,0,3,-3,NO
Data & AI,snmp,0,3,-3,NO
Data & AI,analog and digital filter design,0,3,-3,NO
Data & AI,programming language,0,3,-3,NO
Data & AI,sas-stat,0,3,-3,NO
Data & AI,mlops,0,3,-3,NO
Data & AI,mcafee endpoint security,0,3,-3,NO
Data & AI,p&l management,0,3,-3,NO
Data & AI,positouch,0,3,-3,NO
Data & AI,app development (android and ios),0,3,-3,NO
Data & AI,and banked cash,0,3,-3,NO
Data & AI,aci-interchange,0,3,-3,NO
Data & AI,informatica,0,3,-3,NO
Data & AI,integrated reporting information system (iris),0,3,-3,NO
Data & AI,postgresql),0,3,-3,NO
Data & AI,iccverify,0,3,-3,NO
Data & AI,auto-cad,0,3,-3,NO
Data & AI,aviation,0,3,-3,NO
Data & AI,ms office: v-look up,0,3,-3,NO
Data & AI,analyzing market trends,0,3,-3,NO
Data & AI,model development,0,3,-3,NO
Data & AI,mrp,0,3,-3,NO
Data & AI,opengl,0,3,-3,NO
Data & AI,code blocks,0,3,-3,NO
Data & AI,proficient in ms-office (word/excel/powerpoint),0,3,-3,NO
Data & AI,tutoring,0,3,-3,NO
Data & AI,adt,0,3,-3,NO
Data & AI,accounting operations,0,3,-3,NO
Data & AI,socs,0,3,-3,NO
Data & AI,corrective maintenance,0,3,-3,NO
Data & AI,employee relations,0,3,-3,NO
Data & AI,scrum & agile,0,3,-3,NO
Data & AI,digital design,0,3,-3,NO
Data & AI,simulations using witness13 and simio,0,3,-3,NO
Data & AI,dataset management,0,3,-3,NO
Data & AI,office equipment such as copiers,0,3,-3,NO
Data & AI,software/pc/lan troubleshooting,0,3,-3,NO
Data & AI,device drivers,0,3,-3,NO
Data & AI,system administrator,0,3,-3,NO
Data & AI,environmental science,0,3,-3,NO
Data & AI,computer networks,0,3,-3,NO
Data & AI,networking: tcp/ip,0,3,-3,NO
Data & AI,pdf: adobe reader / adobe acrobat x,0,3,-3,NO
Data & AI,technical reviews,0,3,-3,NO
Data & AI,vista),0,3,-3,NO
Data & AI,fabrication,0,3,-3,NO
Data & AI,technical communication skills - bug triage,0,3,-3,NO
Data & AI,junit,0,3,-3,NO
Data & AI,wireless,0,3,-3,NO
Data & AI,iis 6,0,3,-3,NO
Data & AI,rest apis (graphql),0,3,-3,NO
Data & AI,resolve customer complaints,0,3,-3,NO
Data & AI,recruiting,0,3,-3,NO
Data & AI,grinders,0,3,-3,NO
Data & AI,chrome,0,3,-3,NO
Data & AI,real time embedded,0,3,-3,NO
Data & AI,powerworld,0,3,-3,NO
Data & AI,engineering standards expert,0,3,-3,NO
Data & AI,scada,0,3,-3,NO
Data & AI,pascal,0,3,-3,NO
Data & AI,peer review,0,3,-3,NO
Data & AI,automated testing,0,3,-3,NO
Data & AI,critical thinking with root cause analysis,0,3,-3,NO
Data & AI,google apps (drive,0,3,-3,NO
Data & AI,analytics,0,3,-3,NO
Data & AI,advanced problem solving abilities,0,3,-3,NO
Data & AI,professional demeanor,0,3,-3,NO
Data & AI,ms power point,0,3,-3,NO
Data & AI,procedure writing,0,3,-3,NO
Data & AI,technical proposal writing skills,0,3,-3,NO
Data & AI,32 and 64 slice cts,0,3,-3,NO
Data & AI,iso 9000,0,3,-3,NO
Data & AI,to check preparation and mailing,0,3,-3,NO
Data & AI,sublime text,0,3,-3,NO
Data & AI,configuration,0,3,-3,NO
Data & AI,computer applications,0,3,-3,NO
Data & AI,hyperion essbase,0,3,-3,NO
Data & AI,design and drafting of custom seal solutions,0,3,-3,NO
Data & AI,dependable,0,3,-3,NO
Data & AI,falcon dust-off compressed gas duster,0,3,-3,NO
Data & AI,erp-sap,0,3,-3,NO
Data & AI,gpu,0,3,-3,NO
Data & AI,clustering analysis,0,3,-3,NO
Data & AI,version control tools: git-bash,0,3,-3,NO
Data & AI,iso 8583,0,3,-3,NO
Data & AI,node.js,0,3,-3,NO
Data & AI,approval by appropriate party,0,3,-3,NO
Data & AI,geometric dimensioning,0,3,-3,NO
Data & AI,videoscribe software,0,3,-3,NO
Data & AI,orthopedics,0,3,-3,NO
Data & AI,ability to take initiative and exhibit flexibility.,0,3,-3,NO
Data & AI,staff training/development,0,3,-3,NO
Data & AI,aws(emr,0,3,-3,NO
Data & AI,using specialized accounting software.,0,3,-3,NO
Data & AI,financial planner,0,3,-3,NO
Data & AI,brake repair and replacement,0,3,-3,NO
Data & AI,fiscal management,0,3,-3,NO
Data & AI,usability testing,0,3,-3,NO
Data & AI,pivot table,0,3,-3,NO
Data & AI,problem-solver,0,3,-3,NO
Data & AI,machine learning engineering,0,3,-3,NO
Data & AI,skilled in the operation of workstations and servers,0,3,-3,NO
Data & AI,interviewing techniques,0,3,-3,NO
Data & AI,fixed asset solutions software,0,3,-3,NO
Data & AI,iworks,0,3,-3,NO
Data & AI,have interpersonal skills to deal effectively with all business contacts.,0,3,-3,NO
Data & AI,coded the general ledger and processed vendor invoice payments.,0,3,-3,NO
Data & AI,interpersonal and communication skills,0,3,-3,NO
Data & AI,excel training,0,3,-3,NO
Data & AI,desktop support,0,3,-3,NO
Data & AI,dmf and project work process,0,3,-3,NO
Data & AI,clinical research,0,3,-3,NO
Data & AI,technical report writing,0,3,-3,NO
Data & AI,aspen,0,3,-3,NO
Data & AI,database administration,0,3,-3,NO
Data & AI,revit,0,3,-3,NO
Data & AI,some experience with authentication protocols (radius / tacacs),0,3,-3,NO
Data & AI,responsible for preparing and posting entries for the daily posting packet,0,3,-3,NO
Data & AI,itil v,0,3,-3,NO
Data & AI,strong management skills,0,3,-3,NO
Data & AI,mechanical repair,0,3,-3,NO
Data & AI,ibm/lenovo,0,3,-3,NO
Data & AI,content development,0,3,-3,NO
Data & AI,some basic cisco ios,0,3,-3,NO
Data & AI,p & l management,0,3,-3,NO
Data & AI,windows (95,0,3,-3,NO
Data & AI,strong leadership skills,0,3,-3,NO
Data & AI,team-oriented,0,3,-3,NO
Data & AI,lstms,0,3,-3,NO
Data & AI,market analysis,0,3,-3,NO
Data & AI,mas 90,0,3,-3,NO
Data & AI,ssms,0,3,-3,NO
Data & AI,toyota production systems,0,3,-3,NO
Data & AI,tenacity,0,3,-3,NO
Data & AI,law enforcement,0,3,-3,NO
Data & AI,retail sales,0,3,-3,NO
Data & AI,managerial accounting,0,3,-3,NO
Data & AI,voyager),0,3,-3,NO
Data & AI,paperless proposals,0,3,-3,NO
Data & AI,database software,0,3,-3,NO
Data & AI,financial audits,0,3,-3,NO
Data & AI,technical program management,0,3,-3,NO
Data & AI,project management lifecycle,0,3,-3,NO
Data & AI,prosystem,0,3,-3,NO
Data & AI,tesseract,0,3,-3,NO
Data & AI,unix shell scripting (bash),0,3,-3,NO
Data & AI,fiber optics,0,3,-3,NO
Data & AI,vi,0,3,-3,NO
Data & AI,power user of microsoft excel epicor netsuite quickbooks hyperion great plains sage intacct,0,3,-3,NO
Data & AI,series analysis,0,3,-3,NO
Data & AI,katalon studio,0,3,-3,NO
Data & AI,technology architecture analysis,0,3,-3,NO
Data & AI,concur,0,3,-3,NO
Data & AI,initiative to work independently,0,3,-3,NO
Data & AI,sarbanesoxley,0,3,-3,NO
Data & AI,ndt level ii,0,3,-3,NO
Data & AI,catsweb,0,3,-3,NO
Data & AI,media relations,0,3,-3,NO
Data & AI,google documents,0,3,-3,NO
Data & AI,superior analytical skills,0,3,-3,NO
Data & AI,a highly motivated and energetic personality.,0,3,-3,NO
Data & AI,employee training,0,3,-3,NO
Data & AI,microsoft access 2010,0,3,-3,NO
Data & AI,mechanical theory,0,3,-3,NO
Data & AI,telecommunication,0,3,-3,NO
Data & AI,analytical and logical,0,3,-3,NO
Data & AI,the sales,0,3,-3,NO
Data & AI,financial analysis/planning,0,3,-3,NO
Data & AI,cost-benefit analysis,0,3,-3,NO
Data & AI,telecom,0,3,-3,NO
Data & AI,ubuntu 14.04,0,3,-3,NO
Data & AI,database management system and administration,0,3,-3,NO
Data & AI,emacs,0,3,-3,NO
Data & AI,managing releases,0,3,-3,NO
Data & AI,nanovision,0,3,-3,NO
Data & AI,98,0,3,-3,NO
Data & AI,pcb,0,3,-3,NO
Data & AI,functional block diagram,0,3,-3,NO
Data & AI,g/l,0,3,-3,NO
Data & AI,cloud management,0,3,-3,NO
Data & AI,cmpro,0,3,-3,NO
Data & AI,research and development,0,3,-3,NO
Data & AI,facility and plant modifications,0,3,-3,NO
Data & AI,insights,0,3,-3,NO
Data & AI,xls data input,0,3,-3,NO
Data & AI,visual test,0,3,-3,NO
Data & AI,microsoft office (word,0,3,-3,NO
Data & AI,decisive leader,0,3,-3,NO
Data & AI,designer 2000,0,3,-3,NO
Data & AI,scientific,0,3,-3,NO
Data & AI,exchange,0,3,-3,NO
Data & AI,loss optimization,0,3,-3,NO
Data & AI,textpad,0,3,-3,NO
Data & AI,improving accounting and internal control systems,0,3,-3,NO
Data & AI,assisted the cfo with the production of the monthly financials,0,3,-3,NO
Data & AI,jmeter,0,3,-3,NO
Data & AI,traceability matrix,0,3,-3,NO
Data & AI,cdi,0,3,-3,NO
Data & AI,troubleshooting windows,0,3,-3,NO
Data & AI,hpc,0,3,-3,NO
Data & AI,leadership mentoring,0,3,-3,NO
Data & AI,k-means,0,3,-3,NO
Data & AI,ppap,0,3,-3,NO
Data & AI,lan/wan,0,3,-3,NO
Data & AI,excellent writing skills,0,3,-3,NO
Data & AI,microsoft office: word / advanced ms excel skills /ms access / powerpoint / outlook,0,3,-3,NO
Data & AI,ipsec,0,3,-3,NO
Data & AI,s3),0,3,-3,NO
Data & AI,marketing & sales,0,3,-3,NO
Data & AI,html 5,0,3,-3,NO
Data & AI,echimp,0,3,-3,NO
Data & AI,managing multiple priorities,0,3,-3,NO
Data & AI,retail analytics,0,3,-3,NO
Data & AI,pro series,0,3,-3,NO
Data & AI,accounts and group policy,0,3,-3,NO
Data & AI,employee training and development,0,3,-3,NO
Data & AI,act!,0,3,-3,NO
Data & AI,water quality,0,3,-3,NO
Data & AI,business systems,0,3,-3,NO
Data & AI,dropbox,0,3,-3,NO
Data & AI,switchgear,0,3,-3,NO
Data & AI,proxmox,0,3,-3,NO
Data & AI,icims,0,3,-3,NO
Data & AI,implementing,0,3,-3,NO
Data & AI,prepares analyses as requested by manager and other departments,0,3,-3,NO
Data & AI,global shop,0,3,-3,NO
Data & AI,basic financial and operational reporting,0,3,-3,NO
Data & AI,grading and evaluation,0,3,-3,NO
Data & AI,powersteering,0,3,-3,NO
Data & AI,experienced with microsoft office - word,0,3,-3,NO
Data & AI,dbase iv,0,3,-3,NO
Data & AI,vendor management,0,3,-3,NO
Data & AI,white papers,0,3,-3,NO
Data & AI,safety compliance,0,3,-3,NO
Data & AI,portfolio analysis,0,3,-3,NO
Data & AI,process improvement/simplification,0,3,-3,NO
Data & AI,ports,0,3,-3,NO
Data & AI,as 400,0,3,-3,NO
Data & AI,develop drug,0,3,-3,NO
Data & AI,quest,0,3,-3,NO
Data & AI,financial planning and analysis,0,3,-3,NO
Data & AI,struts,0,3,-3,NO
Data & AI,lxc,0,3,-3,NO
Data & AI,administration of windows 2000 server,0,3,-3,NO
Data & AI,sensor,0,3,-3,NO
Data & AI,investor relations,0,3,-3,NO
Data & AI,processing corporate visa accounts for payment,0,3,-3,NO
Data & AI,marketing strategy,0,3,-3,NO
Data & AI,atlas,0,3,-3,NO
Data & AI,integration testing,0,3,-3,NO
Data & AI,inspections,0,3,-3,NO
Data & AI,financial risk management,0,3,-3,NO
Data & AI,networking support,0,3,-3,NO
Data & AI,leadership development program,0,3,-3,NO
Data & AI,business development & sales leadership,0,3,-3,NO
Data & AI,data cleansing,0,3,-3,NO
Data & AI,success factors lms,0,3,-3,NO
Data & AI,strategy/planning,0,3,-3,NO
Data & AI,dmm,0,3,-3,NO
Data & AI,government contracts,0,3,-3,NO
Data & AI,ibm rationale doors,0,3,-3,NO
Data & AI,yearend,0,3,-3,NO
Data & AI,ultra tax,0,3,-3,NO
Data & AI,usda,0,3,-3,NO
Data & AI,maintains files,0,3,-3,NO
Data & AI,upgrading of hardware,0,3,-3,NO
Data & AI,instructional design,0,3,-3,NO
Data & AI,so ware development,0,3,-3,NO
Data & AI,curriculum development,0,3,-3,NO
Data & AI,customer engagement,0,3,-3,NO
Data & AI,adp payroll,0,3,-3,NO
Data & AI,accountable for,0,3,-3,NO
Data & AI,research support,0,3,-3,NO
Data & AI,lending,0,3,-3,NO
Data & AI,established track record of exceptional sales results,0,3,-3,NO
Data & AI,mathematical modeling,0,3,-3,NO
Data & AI,payment terminals: verifone,0,3,-3,NO
Data & AI,office manager,0,3,-3,NO
Data & AI,drilling engineering,0,3,-3,NO
Data & AI,eit,0,3,-3,NO
Data & AI,upgrading,0,3,-3,NO
Data & AI,six-sigma,0,3,-3,NO
Data & AI,sites),0,3,-3,NO
Data & AI,sql developer,0,3,-3,NO
Data & AI,client development,0,3,-3,NO
Data & AI,test and troubleshoot ac/dc circuits,0,3,-3,NO
Data & AI,access database queries & data mining,0,3,-3,NO
Data & AI,ms office: pivot tables,0,3,-3,NO
Data & AI,advanced data analytics,0,3,-3,NO
Data & AI,financing,0,3,-3,NO
Data & AI,engineering standards,0,3,-3,NO
Data & AI,stat graphics,0,3,-3,NO
Data & AI,credit risk modeling,0,3,-3,NO
Data & AI,database systems,0,3,-3,NO
Data & AI,ability to lead and motivate a team,0,3,-3,NO
Data & AI,discrete mathematics,0,3,-3,NO
Data & AI,systems administration,0,3,-3,NO
Data & AI,advanced critical thinking,0,3,-3,NO
Data & AI,journal,0,3,-3,NO
Data & AI,key account management,0,3,-3,NO
Data & AI,trend,0,3,-3,NO
Data & AI,key management,0,3,-3,NO
Data & AI,ability to translate technical specifications,0,3,-3,NO
Data & AI,virtual systems: vmware,0,3,-3,NO
Data & AI,printers & scanners,0,3,-3,NO
Data & AI,programming tools: python,0,3,-3,NO
Data & AI,technician v,0,3,-3,NO
Data & AI,repair and maintenance practice,0,3,-3,NO
Data & AI,linux and os,0,3,-3,NO
Data & AI,knowledge of manufacturing test methodologies.,0,3,-3,NO
Data & AI,de-bugging,0,3,-3,NO
Data & AI,clarity,0,3,-3,NO
Data & AI,structured software,0,3,-3,NO
Data & AI,scheduling appointments,0,3,-3,NO
Data & AI,pages,0,3,-3,NO
Data & AI,linux and os x,0,3,-3,NO
Data & AI,sps,0,3,-3,NO
Data & AI,tornado,0,3,-3,NO
Data & AI,networking i,0,3,-3,NO
Data & AI,vsphere,0,3,-3,NO
Data & AI,ms outlook,0,3,-3,NO
Data & AI,mdfs,0,3,-3,NO
Data & AI,devops,0,3,-3,NO
Data & AI,nics,0,3,-3,NO
Data & AI,architecture,0,3,-3,NO
Data & AI,telephones,0,3,-3,NO
Data & AI,helioscope,0,3,-3,NO
Data & AI,ptc creo),0,3,-3,NO
Data & AI,microsoft office - word,0,3,-3,NO
Data & AI,proe,0,3,-3,NO
Data & AI,preparing financial reports,0,3,-3,NO
Data & AI,fraud detection,0,3,-3,NO
Data & AI,qcc,0,3,-3,NO
Data & AI,production process,0,3,-3,NO
Data & AI,sheet metal,0,3,-3,NO
Data & AI,live electrical,0,3,-3,NO
Data & AI,troubles,0,3,-3,NO
Data & AI,mortgage lending,0,3,-3,NO
Data & AI,astm material testing and chemical evaluations of materials,0,3,-3,NO
Data & AI,network security,0,3,-3,NO
Data & AI,venture capital,0,3,-3,NO
Data & AI,excellent communication,0,3,-3,NO
Data & AI,traffic control and state highway database,0,3,-3,NO
Data & AI,experience with autocad,0,3,-3,NO
Data & AI,supervisory control and data acquisition,0,3,-3,NO
Data & AI,5s,0,3,-3,NO
Data & AI,iterative,0,3,-3,NO
Data & AI,active noise cancelling (anc),0,3,-3,NO
Data & AI,microsoft excel expert - pivot tables,0,3,-3,NO
Data & AI,hive(hql),0,3,-3,NO
Data & AI,siemens plc,0,3,-3,NO
Data & AI,agile coach,0,3,-3,NO
Data & AI,mac ios,0,3,-3,NO
Data & AI,troubleshooting soho networks,0,3,-3,NO
Data & AI,wall paper,0,3,-3,NO
Data & AI,and irregularities to provide accurate records for tfcu and its service organizations,0,3,-3,NO
Data & AI,advanced knowledge of embedded systems,0,3,-3,NO
Data & AI,excellent negotiating tactics,0,3,-3,NO
Data & AI,ms visual basic,0,3,-3,NO
Data & AI,maintain documentation,0,3,-3,NO
Data & AI,sales force,0,3,-3,NO
Data & AI,research scientist,0,3,-3,NO
Data & AI,9900 portable c-arm,0,3,-3,NO
Data & AI,proficient with microsoft word,0,3,-3,NO
Data & AI,system configuration,0,3,-3,NO
Data & AI,mortgage banking,0,3,-3,NO
Data & AI,the sale,0,3,-3,NO
Data & AI,relational databases,0,3,-3,NO
Data & AI,qa testing,0,3,-3,NO
Data & AI,market share,0,3,-3,NO
Data & AI,gantt chart scheduler,0,3,-3,NO
Data & AI,prediction modelling,0,3,-3,NO
Data & AI,wsam-dc fiber,0,3,-3,NO
Data & AI,manages the accounts payable function - including employee/volunteer reimbursement - from processing incoming invoices,0,3,-3,NO
Data & AI,read blueprints,0,3,-3,NO
Data & AI,asset keeper pro software,0,3,-3,NO
Data & AI,social networks,0,3,-3,NO
Data & AI,openssh,0,3,-3,NO
Data & AI,qa engineering,0,3,-3,NO
Data & AI,remedy,0,3,-3,NO
Data & AI,iec 61131 (ladder logic,0,3,-3,NO
Data & AI,pc hardware and software installation,0,3,-3,NO
Data & AI,fds,0,3,-3,NO
Data & AI,ms-dos,0,3,-3,NO
Data & AI,mapreduce,0,3,-3,NO
Data & AI,total quality management,0,3,-3,NO
Data & AI,2008-2010,0,3,-3,NO
Data & AI,ms exchange,0,3,-3,NO
Data & AI,development,0,3,-3,NO
Data & AI,ccp,0,3,-3,NO
Data & AI,microsoft dynamics,0,3,-3,NO
Data & AI,trackwise,0,3,-3,NO
Data & AI,receptionist,0,3,-3,NO
Data & AI,oracledb,0,3,-3,NO
Data & AI,detail oriented,0,3,-3,NO
Data & AI,office party and event planning,0,3,-3,NO
Data & AI,test equipment repair and operation,0,3,-3,NO
Data & AI,web application development,0,3,-3,NO
Data & AI,hls,0,3,-3,NO
Data & AI,e-commerce,0,3,-3,NO
Data & AI,organized and detail-oriented,0,3,-3,NO
Data & AI,seasoned leadership,0,3,-3,NO
Data & AI,sales analysis,0,3,-3,NO
Data & AI,windows 95,0,3,-3,NO
Data & AI,mozilla thunderbird,0,3,-3,NO
Data & AI,out of the box thinking,0,3,-3,NO
Data & AI,good team player,0,3,-3,NO
Data & AI,google docs,0,3,-3,NO
Data & AI,office equipment,0,3,-3,NO
Data & AI,object-oriented programming,0,3,-3,NO
Data & AI,server management,0,3,-3,NO
Data & AI,kpi,0,3,-3,NO
Data & AI,utp,0,3,-3,NO
Data & AI,requirement analysis (static testing),0,3,-3,NO
Data & AI,julia,0,3,-3,NO
Data & AI,sql navigator,0,3,-3,NO
Data & AI,detail-oriented understanding that any downtime must be minimized if not avoidable,0,3,-3,NO
Data & AI,project manager,0,3,-3,NO
Data & AI,educated,0,3,-3,NO
Data & AI,pl/sql,0,3,-3,NO
Data & AI,macess,0,3,-3,NO
Data & AI,comfortable working at heights and odd locations,0,3,-3,NO
Data & AI,sales and management,0,3,-3,NO
Data & AI,customer service skills,0,3,-3,NO
Data & AI,and account,0,3,-3,NO
Data & AI,usability,0,3,-3,NO
Data & AI,systems design i,0,3,-3,NO
Data & AI,creating & updating documentation,0,3,-3,NO
Data & AI,ability to work in a team structure,0,3,-3,NO
Data & AI,white box,0,3,-3,NO
Data & AI,coach,0,3,-3,NO
Data & AI,mobile device support,0,3,-3,NO
Data & AI,net,0,3,-3,NO
Data & AI,optistruct),0,3,-3,NO
Data & AI,production engineering,0,3,-3,NO
Data & AI,etl,0,3,-3,NO
Data & AI,ability of managing multi tasks,0,3,-3,NO
Data & AI,rigging,0,3,-3,NO
Data & AI,tally,0,3,-3,NO
Data & AI,contextual reasoning,0,3,-3,NO
Data & AI,middle school & high school math,0,3,-3,NO
Data & AI,program development,0,3,-3,NO
Data & AI,troubleshoot and identify faulty capacitors,0,3,-3,NO
Data & AI,performance management,0,3,-3,NO
Data & AI,pr soft,0,3,-3,NO
Data & AI,cluster analysis,0,3,-3,NO
Data & AI,metrics,0,3,-3,NO
Data & AI,software practice i/ii,0,3,-3,NO
Data & AI,etap,0,3,-3,NO
Data & AI,and write),0,3,-3,NO
Data & AI,market planning,0,3,-3,NO
Data & AI,digital tv,0,3,-3,NO
Data & AI,lotus i,0,3,-3,NO
Data & AI,gd&t,0,3,-3,NO
Data & AI,jvm,0,3,-3,NO
Data & AI,adobe creative suite,0,3,-3,NO
Data & AI,strong attention to detail,0,3,-3,NO
Data & AI,circuit boards,0,3,-3,NO
Data & AI,bugzilla,0,3,-3,NO
Data & AI,contract negotiations,0,3,-3,NO
Data & AI,therapy,0,3,-3,NO
Data & AI,presenting,0,3,-3,NO
Data & AI,voice,0,3,-3,NO
Data & AI,horizontal,0,3,-3,NO
Data & AI,sharepoint use experience,0,3,-3,NO
Data & AI,ocr,0,3,-3,NO
Data & AI,mainframe,0,3,-3,NO
Data & AI,slides,0,3,-3,NO
Data & AI,ethernet,0,3,-3,NO
Data & AI,marketing strategist,0,3,-3,NO
Data & AI,kek,0,3,-3,NO
Data & AI,excel in areas of expertise,0,3,-3,NO
Data & AI,flash,0,3,-3,NO
Data & AI,typing speed,0,3,-3,NO
Data & AI,autocad civil 3d,0,3,-3,NO
Data & AI,sales objectives,0,3,-3,NO
Data & AI,microsoft office suite (2013),0,3,-3,NO
Data & AI,skill 2,0,3,-3,NO
Data & AI,configuring network and end user security,0,3,-3,NO
Data & AI,budget 5,0,3,-3,NO
Data & AI,book keeping,0,3,-3,NO
Data & AI,reliable,0,3,-3,NO
Data & AI,advertisements,0,3,-3,NO
Data & AI,and works with branch staff to ensure incoming wires are posted and resolve issues,0,3,-3,NO
Data & AI,skills,0,3,-3,NO
Data & AI,lotus,0,3,-3,NO
Data & AI,neural,0,3,-3,NO
Data & AI,and identifies and resolves errors,0,3,-3,NO
Data & AI,cd-rom,0,3,-3,NO
Data & AI,profit pluss 2k8,0,3,-3,NO
Data & AI,apache pig,0,3,-3,NO
Data & AI,firstdata certpro and more,0,3,-3,NO
Data & AI,os x 10.8-10.11,0,3,-3,NO
Data & AI,desktops,0,3,-3,NO
Data & AI,blackboard,0,3,-3,NO
Data & AI,assemble/disassemble pcs and electronics to the component level,0,3,-3,NO
Data & AI,ms office suite (word,0,3,-3,NO
Data & AI,image segmentation,0,3,-3,NO
Data & AI,ms frontpage,0,3,-3,NO
Data & AI,articles,0,3,-3,NO
Data & AI,safety codes,0,3,-3,NO
Data & AI,flask api,0,3,-3,NO
Data & AI,maintenance management,0,3,-3,NO
Data & AI,k-means clustering,0,3,-3,NO
Data & AI,programming languages,0,3,-3,NO
Data & AI,project planning and management,0,3,-3,NO
Data & AI,failure modes and effective analysis (fmea),0,3,-3,NO
Data & AI,conflict management,0,3,-3,NO
Data & AI,pfd,0,3,-3,NO
Data & AI,pq,0,3,-3,NO
Data & AI,forklift,0,3,-3,NO
Data & AI,competitive analysis,0,3,-3,NO
Data & AI,responds to inquiries from that manager regarding budgeted and actual expenses,0,3,-3,NO
Data & AI,information systems,0,3,-3,NO
Data & AI,loans,0,3,-3,NO
Data & AI,functional requirements,0,3,-3,NO
Data & AI,production analytics,0,3,-3,NO
Data & AI,meeting facilitation,0,3,-3,NO
Data & AI,public relations software: bacons mediasource,0,3,-3,NO
Data & AI,reactjs,0,3,-3,NO
Data & AI,pro e,0,3,-3,NO
Data & AI,machining,0,3,-3,NO
Data & AI,attention to detail,0,3,-3,NO
Data & AI,msa,0,3,-3,NO
Data & AI,omissions,0,3,-3,NO
Data & AI,building commissioning experience,0,3,-3,NO
Data & AI,torquisesvn,0,3,-3,NO
Data & AI,influencing and negotiation,0,3,-3,NO
Data & AI,product development and design,0,3,-3,NO
Data & AI,verifies those wires have all required documentation,0,3,-3,NO
Data & AI,sap fi,0,3,-3,NO
Data & AI,scripting,0,3,-3,NO
Data & AI,engineering management,0,3,-3,NO
Data & AI,acquisitions,0,3,-3,NO
Data & AI,sap r/3,0,3,-3,NO
Data & AI,heat,0,3,-3,NO
Data & AI,underwriting,0,3,-3,NO
Data & AI,ceridian,0,3,-3,NO
Data & AI,business associate,0,3,-3,NO
Data & AI,staff development/leadership,0,3,-3,NO
Data & AI,microwave,0,3,-3,NO
Data & AI,software quality engineer,0,3,-3,NO
Data & AI,researched and resolved billing and invoice problems.,0,3,-3,NO
Data & AI,strategy consulting,0,3,-3,NO
Data & AI,integrating content protection systems,0,3,-3,NO
Data & AI,business operations,0,3,-3,NO
Data & AI,icgs / idds,0,3,-3,NO
Data & AI,laundry,0,3,-3,NO
Data & AI,lucidchart,0,3,-3,NO
Data & AI,file structures,0,3,-3,NO
Data & AI,osi,0,3,-3,NO
Data & AI,strong requirement tracing,0,3,-3,NO
Data & AI,applied machine learning,0,3,-3,NO
Data & AI,internal medicine,0,3,-3,NO
Data & AI,ats,0,3,-3,NO
Data & AI,project coordination,0,3,-3,NO
Data & AI,payroll mate,0,3,-3,NO
Data & AI,ruby on rails,0,3,-3,NO
Data & AI,941 withholding accounting,0,3,-3,NO
Data & AI,tsys certifynow,0,3,-3,NO
Data & AI,yarn,0,3,-3,NO
Data & AI,labor relations,0,3,-3,NO
Data & AI,maintain and document.,0,3,-3,NO
Data & AI,skill 3,0,3,-3,NO
Data & AI,data gathering,0,3,-3,NO
Data & AI,lesson planning,0,3,-3,NO
Data & AI,ms-excel,0,3,-3,NO
Data & AI,react native,0,3,-3,NO
Data & AI,management training,0,3,-3,NO
Data & AI,adobe dreamweaver,0,3,-3,NO
Data & AI,data insights,0,3,-3,NO
Data & AI,equipment inventory,0,3,-3,NO
Data & AI,ibm-aix,0,3,-3,NO
Data & AI,excellent time management skills,0,3,-3,NO
Data & AI,vcms,0,3,-3,NO
Data & AI,payroll experts,0,3,-3,NO
Data & AI,automated test scripts,0,3,-3,NO
Data & AI,lighting designs using visual professional,0,3,-3,NO
Data & AI,core java,0,3,-3,NO
Data & AI,processes outgoing and incoming wires,0,3,-3,NO
Data & AI,weka,0,3,-3,NO
Data & AI,pax and innowi,0,3,-3,NO
Data & AI,basis,0,3,-3,NO
Data & AI,maple,0,3,-3,NO
Data & AI,training material,0,3,-3,NO
Data & AI,new products,0,3,-3,NO
Data & AI,user centered design,0,3,-3,NO
Data & AI,full accounting cycle,0,3,-3,NO
Data & AI,chasepaymentech,0,3,-3,NO
Data & AI,data transition,0,3,-3,NO
Data & AI,contract management,0,3,-3,NO
Data & AI,azure data factory,0,3,-3,NO
Data & AI,wago codesys,0,3,-3,NO
Data & AI,managed sales,0,3,-3,NO
Data & AI,.ney(vb,0,3,-3,NO
Data & AI,input into the system,0,3,-3,NO
Data & AI,scrum master,0,3,-3,NO
Data & AI,jquery,0,3,-3,NO
Data & AI,interpersonal communications,0,3,-3,NO
Data & AI,algorithm design,0,3,-3,NO
Data & AI,executive presentations,0,3,-3,NO
Data & AI,performance tracking and evaluation,0,3,-3,NO
Data & AI,automotive,0,3,-3,NO
Data & AI,sql server 2008,0,3,-3,NO
Data & AI,advanced engineering knowledge,0,3,-3,NO
Data & AI,decorating,0,3,-3,NO
Data & AI,training program implementation,0,3,-3,NO
Data & AI,self-motivation,0,3,-3,NO
Data & AI,multi-line telephone,0,3,-3,NO
Data & AI,primary care,0,3,-3,NO
Data & AI,control system design,0,3,-3,NO
Data & AI,5 why,0,3,-3,NO
Data & AI,oracle financials,0,3,-3,NO
Data & AI,aramark service trained on ge amx 4 and amx4+ portable xr unit,0,3,-3,NO
Data & AI,creativity,0,3,-3,NO
Data & AI,analytical thinking,0,3,-3,NO
Data & AI,tear,0,3,-3,NO
Data & AI,sales strategies,0,3,-3,NO
Data & AI,test scenario engineering,0,3,-3,NO
Data & AI,toad,0,3,-3,NO
Data & AI,preventive maintenance,0,3,-3,NO
Data & AI,pico or suri,0,3,-3,NO
Data & AI,oracle experience,0,3,-3,NO
Data & AI,digital communications with fiber optics,0,3,-3,NO
Data & AI,webex,0,3,-3,NO
Data & AI,chemical engineering technician,0,3,-3,NO
Data & AI,netgear,0,3,-3,NO
Data & AI,vbs,0,3,-3,NO
Data & AI,mis reporting,0,3,-3,NO
Data & AI,google drive sync client,0,3,-3,NO
Data & AI,operating systems: unix-aix,0,3,-3,NO
Data & AI,effective multitasking,0,3,-3,NO
Data & AI,aci- adm,0,3,-3,NO
Data & AI,database and tools: oracle 11g,0,3,-3,NO
Data & AI,quality management system implementation,0,3,-3,NO
Data & AI,product project management,0,3,-3,NO
Data & AI,profit and loss statement,0,3,-3,NO
Data & AI,cases,0,3,-3,NO
Data & AI,financials budgeting & forecasting,0,3,-3,NO
Data & AI,service orientation,0,3,-3,NO
Data & AI,sanity testing,0,3,-3,NO
Data & AI,redmine,0,3,-3,NO
Data & AI,equipment calibration,0,3,-3,NO
Data & AI,timberline software,0,3,-3,NO
Data & AI,logo,0,3,-3,NO
Data & AI,fluent in english,0,3,-3,NO
Data & AI,ti),0,3,-3,NO
Data & AI,vmware,0,3,-3,NO
Data & AI,script,0,3,-3,NO
Data & AI,access control,0,3,-3,NO
Data & AI,demand creation pursuits,0,3,-3,NO
Data & AI,database management system,0,3,-3,NO
Data & AI,test and measurement equipment,0,3,-3,NO
Data & AI,dts,0,3,-3,NO
Data & AI,ss7,0,3,-3,NO
Data & AI,kubeflow,0,3,-3,NO
Data & AI,cch & ria tax research,0,3,-3,NO
Data & AI,search algorithms,0,3,-3,NO
Data & AI,system originated interfaces refers to the credit union owned system as well as external systems,0,3,-3,NO
Data & AI,execute,0,3,-3,NO
Data & AI,myob,0,3,-3,NO
Data & AI,video conferencing,0,3,-3,NO
Data & AI,experience in routing & switching (ospf / bgp / vlan / stp),0,3,-3,NO
Data & AI,process development,0,3,-3,NO
Data & AI,accounting software: peoplesoft / quickbooks,0,3,-3,NO
Data & AI,various erp systems,0,3,-3,NO
Data & AI,verifies and balances system originated interfaces and posts non-system generated transactions prepared from other sources,0,3,-3,NO
Data & AI,engineering design,0,3,-3,NO
Data & AI,iso9001 and as9100 auditing,0,3,-3,NO
Data & AI,numerical analysis,0,3,-3,NO
Data & AI,browser support,0,3,-3,NO
Data & AI,circuit design and analysis,0,3,-3,NO
Data & AI,virtual machine,0,3,-3,NO
Data & AI,npi/jdm/odm,0,3,-3,NO
Data & AI,class,0,3,-3,NO
Data & AI,microphones,0,3,-3,NO
Data & AI,gd & t,0,3,-3,NO
Data & AI,adobe analytics,0,3,-3,NO
Data & AI,chemistry,0,3,-3,NO
Data & AI,data computation libraries in python,0,3,-3,NO
Data & AI,investment banking,0,3,-3,NO
Data & AI,oracle 12c,0,3,-3,NO
Data & AI,3d,0,3,-3,NO
Data & AI,learning management: saba lms,0,3,-3,NO
Data & AI,executive management support,0,3,-3,NO
Data & AI,autodesk inventor,0,3,-3,NO
Data & AI,federal government experience,0,3,-3,NO
Data & AI,medical devices,0,3,-3,NO
Data & AI,maintaining inventory,0,3,-3,NO
Data & AI,apache,0,3,-3,NO
Data & AI,verilog hardware language,0,3,-3,NO
Data & AI,business case,0,3,-3,NO
Data & AI,data visualisation,0,3,-3,NO
Data & AI,data view,0,3,-3,NO
Data & AI,six sigma green belt,0,3,-3,NO
Data & AI,and humidity,0,3,-3,NO
Data & AI,quality engineer,0,3,-3,NO
Data & AI,toshiba certified service trained on siemens e-cam nuclear medicine camera,0,3,-3,NO
Data & AI,predict,0,3,-3,NO
Data & AI,sales and,0,3,-3,NO
Data & AI,establishing goals and setting priorities,0,3,-3,NO
Data & AI,abila mip fund accounting software,0,3,-3,NO
Data & AI,drawings,0,3,-3,NO
Data & AI,proficient in polish language,0,3,-3,NO
Data & AI,desktop publishing software: photoshop,0,3,-3,NO
Data & AI,anaconda,0,3,-3,NO
Data & AI,compensation administration,0,3,-3,NO
Data & AI,writing skills,0,3,-3,NO
Data & AI,numbers,0,3,-3,NO
Data & AI,ascertain accuracy of financial reporting,0,3,-3,NO
Data & AI,jupyter notebook,0,3,-3,NO
Data & AI,proposal writing,0,3,-3,NO
Data & AI,fedex,0,3,-3,NO
Data & AI,fluke 115 compact true-rms digital multimeter,0,3,-3,NO
Data & AI,lean/5s,0,3,-3,NO
Data & AI,computer programming,0,3,-3,NO
Data & AI,inside sales,0,3,-3,NO
Data & AI,drive,0,3,-3,NO
Data & AI,administrative manager,0,3,-3,NO
Data & AI,google bigquery,0,3,-3,NO
Data & AI,lacerte tax preparation software,0,3,-3,NO
Data & AI,reading circuit schematics,0,3,-3,NO
Data & AI,printed circuit board cad (protel),0,3,-3,NO
Data & AI,mini-tab,0,3,-3,NO
Data & AI,pro-e,0,3,-3,NO
Data & AI,quickbooks pro 2015/2016/2017,0,3,-3,NO
Data & AI,troubleshooting of hardware failure,0,3,-3,NO
Data & AI,process development and engineering,0,3,-3,NO
Data & AI,sql server 2005,0,3,-3,NO
Data & AI,critical thinking skills,0,3,-3,NO
Data & AI,defect management,0,3,-3,NO
Data & AI,credit and total accounts on computer spreadsheets/databases,0,3,-3,NO
Data & AI,supervising 4,0,3,-3,NO
Data & AI,microsoft team foundation,0,3,-3,NO
Data & AI,dvp&r,0,3,-3,NO
Data & AI,philosophy,0,3,-3,NO
Data & AI,anytime scheduler,0,3,-3,NO
Data & AI,h.264,0,3,-3,NO
Data & AI,ms excel/ ms office,0,3,-3,NO
Data & AI,video chat support,0,3,-3,NO
Data & AI,cold calling,0,3,-3,NO
Data & AI,cash register,0,3,-3,NO
Data & AI,test stand fabrication,0,3,-3,NO
Data & AI,hdfs,0,3,-3,NO
Data & AI,software support,0,3,-3,NO
Data & AI,xlnet,0,3,-3,NO
Data & AI,understand different types of transmission lines: twisted pair,0,3,-3,NO
Data & AI,written and verbal communication skills,0,3,-3,NO
Data & AI,multi-meters,0,3,-3,NO
Data & AI,demos,0,3,-3,NO
Data & AI,alteryx,0,3,-3,NO
Data & AI,energy saving,0,3,-3,NO
Data & AI,federal government,0,3,-3,NO
Data & AI,administrative functions,0,3,-3,NO
Data & AI,safety member,0,3,-3,NO
Data & AI,algore fea,0,3,-3,NO
Data & AI,daily cash receipts,0,3,-3,NO
Data & AI,programmable logic controls (plc),0,3,-3,NO
Data & AI,snowflake,0,3,-3,NO
Data & AI,documenting operational procedures,0,3,-3,NO
Data & AI,computer hardware,0,3,-3,NO
Data & AI,secretary,0,3,-3,NO
Data & AI,iso 9001/as9100 standards,0,3,-3,NO
Data & AI,gcp,0,3,-3,NO
Data & AI,reading schematics,0,3,-3,NO
Data & AI,temperature,0,3,-3,NO
Data & AI,pneumatic and hydraulic theory,0,3,-3,NO
Data & AI,payroll & tax 940,0,3,-3,NO
Data & AI,good analytical skills,0,3,-3,NO
Data & AI,telephony,0,3,-3,NO
Data & AI,web design,0,3,-3,NO
Data & AI,telecom support,0,3,-3,NO
Data & AI,ios,0,3,-3,NO
Data & AI,and scanners,0,3,-3,NO
Data & AI,basic and advanced supervision training courses,0,3,-3,NO
Data & AI,ms office proficient,0,3,-3,NO
Data & AI,3ds max,0,3,-3,NO
Data & AI,econometrics,0,3,-3,NO
Data & AI,system integration testing,0,3,-3,NO
Data & AI,cables,0,3,-3,NO
Data & AI,adjustments,0,3,-3,NO
Data & AI,unix-solaris,0,3,-3,NO
Data & AI,git-stash,0,3,-3,NO
Data & AI,predictive modelling,0,3,-3,NO
Data & AI,friendly,0,3,-3,NO
Data & AI,cpr & first aid certified,0,3,-3,NO
Data & AI,patran,0,3,-3,NO
Data & AI,complyright,0,3,-3,NO
Data & AI,aws deployment,0,3,-3,NO
Data & AI,outlook express,0,3,-3,NO
Data & AI,bgp,0,3,-3,NO
Data & AI,paint,0,3,-3,NO
Data & AI,deadlines focused,0,3,-3,NO
Data & AI,studied and understand programmable logic controllers,0,3,-3,NO
Data & AI,memory,0,3,-3,NO
Data & AI,community health,0,3,-3,NO
Data & AI,pgadmin 4,0,3,-3,NO
Data & AI,strong desire to learn more,0,3,-3,NO
Data & AI,client relations development,0,3,-3,NO
Data & AI,sun,0,3,-3,NO
Data & AI,cat5e,0,3,-3,NO
Data & AI,on-call tech support,0,3,-3,NO
Data & AI,ospf,0,3,-3,NO
Data & AI,data engineer,0,3,-3,NO
Data & AI,appfolio,0,3,-3,NO
Data & AI,product owner,0,3,-3,NO
Data & AI,through cost center coding,0,3,-3,NO
Data & AI,lean manufacturingâ€‹,0,3,-3,NO
Data & AI,lucene,0,3,-3,NO
Data & AI,cloud-testing,0,3,-3,NO
Data & AI,ridge regression,0,3,-3,NO
Data & AI,employee management,0,3,-3,NO
Data & AI,engineering projects,0,3,-3,NO
Data & AI,analysis of financial systems,0,3,-3,NO
Data & AI,gpt,0,3,-3,NO
Data & AI,written communications,0,3,-3,NO
Data & AI,computersavvy,0,3,-3,NO
Data & AI,safari,0,3,-3,NO
Data & AI,tax preparation,0,3,-3,NO
Data & AI,photoshop,0,3,-3,NO
Data & AI,tax software: drake / ultra tax / turbotax,0,3,-3,NO
Data & AI,visual foxpro,0,3,-3,NO
Data & AI,responsible for assisting with the preparation of financial statements,0,3,-3,NO
Data & AI,engineering resource management and forecasting,0,3,-3,NO
Data & AI,crystal reports,0,3,-3,NO
Data & AI,database management and processing,0,3,-3,NO
Data & AI,esl students,0,3,-3,NO
Data & AI,efficient multi-tasker,0,3,-3,NO
Data & AI,one note,0,3,-3,NO
Data & AI,compensation/payroll,0,3,-3,NO
Data & AI,inventory & purchases,0,3,-3,NO
Data & AI,sourcetree,0,3,-3,NO
Data & AI,pagemaker,0,3,-3,NO
Data & AI,proficient in microsoft office,0,3,-3,NO
Data & AI,qa test,0,3,-3,NO
Data & AI,cisco ios,0,3,-3,NO
Data & AI,process invoices,0,3,-3,NO
Data & AI,general office tools,0,3,-3,NO
Data & AI,anatomy,0,3,-3,NO
Data & AI,programmable logic controllers,0,3,-3,NO
Data & AI,relational database design,0,3,-3,NO
Data & AI,adp ezlabor,0,3,-3,NO
Data & AI,dax,0,3,-3,NO
Data & AI,simulink,0,3,-3,NO
Data & AI,manufacturing yield improvement,0,3,-3,NO
Data & AI,electronic circuit analysis,0,3,-3,NO
Data & AI,inspects,0,3,-3,NO
Data & AI,boundary analysis,0,3,-3,NO
Data & AI,training manuals,0,3,-3,NO
Data & AI,special events,0,3,-3,NO
Data & AI,v-lookups,0,3,-3,NO
Data & AI,advanced manufacturing,0,3,-3,NO
Data & AI,9800,0,3,-3,NO
Data & AI,creative thinker,0,3,-3,NO
Data & AI,ringbuilder,0,3,-3,NO
Data & AI,paychex,0,3,-3,NO
Data & AI,sail point,0,3,-3,NO
Data & AI,injection molding,0,3,-3,NO
Data & AI,mechanical test equipment,0,3,-3,NO
Data & AI,preventative maintenance,0,3,-3,NO
Data & AI,accounting manager,0,3,-3,NO
Data & AI,dnn,0,3,-3,NO
Data & AI,copying,0,3,-3,NO
Data & AI,sox compliance,0,3,-3,NO
Data & AI,sklearn,0,3,-3,NO
Data & AI,determined,0,3,-3,NO
Data & AI,web based,0,3,-3,NO
Data & AI,microsoft sql,0,3,-3,NO
Data & AI,objective analysis,0,3,-3,NO
Data & AI,equinox,0,3,-3,NO
Data & AI,test artifacts: test estimation,0,3,-3,NO
Data & AI,iso-9001 standards,0,3,-3,NO
Data & AI,client server,0,3,-3,NO
Data & AI,excellent written and verbal communication skills,0,3,-3,NO
Data & AI,peoplesoft use & knowledge - queries & data mining,0,3,-3,NO
Data & AI,docs,0,3,-3,NO
Data & AI,jdbc,0,3,-3,NO
Data & AI,market expansion,0,3,-3,NO
Data & AI,aramark service trained on ge precision 500 radiology and fluoroscopic image system,0,3,-3,NO
Data & AI,account reconciliation processes,0,3,-3,NO
Data & AI,executive assistant,0,3,-3,NO
Data & AI,equipment operation,0,3,-3,NO
Data & AI,company platforms: workbench,0,3,-3,NO
Data & AI,mechanical design,0,3,-3,NO
Data & AI,six sigma tools and methodologies,0,3,-3,NO
Data & AI,weighing,0,3,-3,NO
Data & AI,dfmea,0,3,-3,NO
Data & AI,microsoft nt server,0,3,-3,NO
Data & AI,cloud architecture,0,3,-3,NO
Data & AI,owasp zap,0,3,-3,NO
Data & AI,issues management,0,3,-3,NO
Data & AI,oral communication,0,3,-3,NO
Data & AI,ms office proficiency,0,3,-3,NO
Data & AI,jax,0,3,-3,NO
Data & AI,selling and,0,3,-3,NO
Data & AI,wireless routers,0,3,-3,NO
Data & AI,counseling,0,3,-3,NO
Data & AI,cnc engineering,0,3,-3,NO
Data & AI,tax return filing,0,3,-3,NO
Data & AI,google colab,0,3,-3,NO
Data & AI,client/server,0,3,-3,NO
Data & AI,troubleshooting hardware,0,3,-3,NO
Data & AI,sorting,0,3,-3,NO
Data & AI,sharepoint foundation 2007/2010,0,3,-3,NO
Data & AI,calculates and posts month end and year-end accruals as needed,0,3,-3,NO
Data & AI,compound synthesis,0,3,-3,NO
Data & AI,sound judgment,0,3,-3,NO
Data & AI,correspondence,0,3,-3,NO
Data & AI,proficient in solidworks,0,3,-3,NO
Data & AI,catboost,0,3,-3,NO
Data & AI,data arbitration,0,3,-3,NO
Data & AI,electrical drafting,0,3,-3,NO
Data & AI,microsoft office 2003-2011,0,3,-3,NO
Data & AI,groovy,0,3,-3,NO
Data & AI,allen bradley rslogix,0,3,-3,NO
Data & AI,cadence,0,3,-3,NO
Data & AI,simultaneous,0,3,-3,NO
Data & AI,relationship building,0,3,-3,NO
Data & AI,honest,0,3,-3,NO
Data & AI,hp netservers,0,3,-3,NO
Data & AI,faxing,0,3,-3,NO
Data & AI,blueprint understanding,0,3,-3,NO
Data & AI,2k,0,3,-3,NO
Data & AI,proficient in microsoft word,0,3,-3,NO
Data & AI,marketing department,0,3,-3,NO
Data & AI,state tax,0,3,-3,NO
Data & AI,sql management studio,0,3,-3,NO
Data & AI,nastran,0,3,-3,NO
Data & AI,hypothesis analysis,0,3,-3,NO
Data & AI,desktop,0,3,-3,NO
Data & AI,correlation analysis,0,3,-3,NO
Data & AI,strong verbal communication,0,3,-3,NO
Data & AI,thoroughness,0,3,-3,NO
Data & AI,venue,0,3,-3,NO
Data & AI,secret clearance,0,3,-3,NO
Data & AI,value stream mapping,0,3,-3,NO
Data & AI,pfmea,0,3,-3,NO
Data & AI,physical therapy,0,3,-3,NO
Data & AI,equipment/wiring installation,0,3,-3,NO
Data & AI,network installation,0,3,-3,NO
Data & AI,monthly bank reconciliations,0,3,-3,NO
Data & AI,deadline compliance,0,3,-3,NO
Data & AI,basic processor design,0,3,-3,NO
Data & AI,audit report,0,3,-3,NO
Data & AI,weld,0,3,-3,NO
Data & AI,clerk,0,3,-3,NO
Data & AI,hwinfo,0,3,-3,NO
Data & AI,printing,0,3,-3,NO
Data & AI,hsrp and lan/wan architecture,0,3,-3,NO
Data & AI,project management: confluence,0,3,-3,NO
Data & AI,data integrity,0,3,-3,NO
Data & AI,ultimate boot cd (ubcd),0,3,-3,NO
Data & AI,hindi,0,3,-3,NO
Data & AI,accounts payable/accounts receivable,0,3,-3,NO
Data & AI,text extraction,0,3,-3,NO
Data & AI,excellent multitasker,0,3,-3,NO
Data & AI,audience,0,3,-3,NO
Data & AI,essbase,0,3,-3,NO
Data & AI,administrative: microsoft office suite,0,3,-3,NO
Data & AI,talend,0,3,-3,NO
Data & AI,proengineer/creo,0,3,-3,NO
Data & AI,assembly (intel,0,3,-3,NO
Data & AI,stat- fsi track,0,3,-3,NO
Data & AI,settlements,0,3,-3,NO
Data & AI,electronics i,0,3,-3,NO
Data & AI,tr069,0,3,-3,NO
Data & AI,bounding algorithms,0,3,-3,NO
Data & AI,asp.net 4.5,0,3,-3,NO
Data & AI,forklift and crane certification,0,3,-3,NO
Data & AI,oil servicing,0,3,-3,NO
Data & AI,real-time,0,3,-3,NO
Data & AI,welder,0,3,-3,NO
Data & AI,engineering economy,0,3,-3,NO
Data & AI,chain management,0,3,-3,NO
Data & AI,forecasting and planning,0,3,-3,NO
Data & AI,microsoft office proficiency,0,3,-3,NO
Data & AI,systems engineering management,0,3,-3,NO
Data & AI,dba,0,3,-3,NO
Data & AI,international business,0,3,-3,NO
Data & AI,raid,0,3,-3,NO
Data & AI,test coverage,0,3,-3,NO
Data & AI,strategic planning & development,0,3,-3,NO
Data & AI,skill 1,0,3,-3,NO
Data & AI,financial statement preparation,0,3,-3,NO
Data & AI,mpeg,0,3,-3,NO
Data & AI,electrical,0,3,-3,NO
Data & AI,data warehouse,0,3,-3,NO
Data & AI,government sell-offs,0,3,-3,NO
Data & AI,skilled multi-tasker,0,3,-3,NO
Data & AI,instrumentation and controls,0,3,-3,NO
Data & AI,combinatorial optimizations,0,3,-3,NO
Data & AI,willingness to go to whatever length it takes to solve a problem or improve a process,0,3,-3,NO
Data & AI,vision systems,0,3,-3,NO
Data & AI,msi,0,3,-3,NO
Data & AI,digital signal processing,0,3,-3,NO
Data & AI,harvard graphics,0,3,-3,NO
Data & AI,tube furnaces,0,3,-3,NO
Data & AI,database programming,0,3,-3,NO
Data & AI,prioritization,0,3,-3,NO
Data & AI,leetcode,0,3,-3,NO
Data & AI,quickbooks payroll systems,0,3,-3,NO
Data & AI,2-tier,0,3,-3,NO
Data & AI,such as shared branching and atm transaction networks,0,3,-3,NO
Data & AI,maintains inventory,0,3,-3,NO
Data & AI,internet accounting,0,3,-3,NO
Data & AI,ml engineer,0,3,-3,NO
Data & AI,panda,0,3,-3,NO
Data & AI,os/2,0,3,-3,NO
Data & AI,discover rct,0,3,-3,NO
Data & AI,seminars,0,3,-3,NO
Data & AI,expert in ms office suite,0,3,-3,NO
Data & AI,hardware and software installation,0,3,-3,NO
Data & AI,geometry,0,3,-3,NO
Data & AI,closings,0,3,-3,NO
Data & AI,low and high voltage devices,0,3,-3,NO
Data & AI,fluent in spanish,0,3,-3,NO
Data & AI,peak,0,3,-3,NO
Data & AI,stk,0,3,-3,NO
Data & AI,valgrind,0,3,-3,NO
Data & AI,power systems analysis,0,3,-3,NO
Data & AI,oral and written communication,0,3,-3,NO
Data & AI,outlook training,0,3,-3,NO
Data & AI,printer support,0,3,-3,NO
Data & AI,sql (mysql,0,3,-3,NO
Data & AI,vendor sourcing/relations,0,3,-3,NO
Data & AI,ssrs,0,3,-3,NO
Data & AI,remote access,0,3,-3,NO
Data & AI,turbo c++,0,3,-3,NO
Data & AI,meticulous attention to detail,0,3,-3,NO
Data & AI,psim,0,3,-3,NO
Data & AI,cost reduction and avoidance,0,3,-3,NO
Data & AI,government contracting,0,3,-3,NO
Data & AI,calculators,0,3,-3,NO
Data & AI,open source,0,3,-3,NO
Data & AI,catalog,0,3,-3,NO
Data & AI,coaxial,0,3,-3,NO
Data & AI,team builder,0,3,-3,NO
Data & AI,technical sales,0,3,-3,NO
Data & AI,environmental health and safety,0,3,-3,NO
Data & AI,executive decision maker,0,3,-3,NO
Data & AI,audio editing,0,3,-3,NO
Data & AI,business requirements,0,3,-3,NO
Data & AI,periodic financial reporting expert,0,3,-3,NO
Data & AI,vpn,0,3,-3,NO
Data & AI,real time embedded systems,0,3,-3,NO
Data & AI,process development and documentation,0,3,-3,NO
Data & AI,ssl,0,3,-3,NO
Data & AI,assured internal controls,0,3,-3,NO
Data & AI,management,0,3,-3,NO
Data & AI,affirmative action compliance,0,3,-3,NO
Data & AI,cryptography,0,3,-3,NO
Data & AI,aws lambda,0,3,-3,NO
Data & AI,recorded,0,3,-3,NO
Data & AI,entry level,0,3,-3,NO
Data & AI,ibm watson,0,3,-3,NO
Data & AI,heroku,0,3,-3,NO
Data & AI,calbench,0,3,-3,NO
Data & AI,develop business,0,3,-3,NO
Data & AI,from sales,0,3,-3,NO
Data & AI,discrete control system (dcs),0,3,-3,NO
Data & AI,network design,0,3,-3,NO
Data & AI,presentation,0,3,-3,NO
Data & AI,hospital pharmacy,0,3,-3,NO
Data & AI,environmental protection,0,3,-3,NO
Data & AI,ms office: database,0,3,-3,NO
Data & AI,mips assembler,0,3,-3,NO
Data & AI,database design,0,3,-3,NO
Data & AI,sales tax,0,3,-3,NO
Data & AI,personnel records maintenance,0,3,-3,NO
Data & AI,benchmarking,0,3,-3,NO
Data & AI,manual testing.,0,3,-3,NO
Data & AI,utilize oscilloscopes to measure ac frequency,0,3,-3,NO
Data & AI,clinical trials,0,3,-3,NO
Data & AI,java 1,0,3,-3,NO
Data & AI,apple lion,0,3,-3,NO
Data & AI,profit improvement,0,3,-3,NO
Data & AI,outgoing,0,3,-3,NO
Data & AI,l1 l2 regression,0,3,-3,NO
Data & AI,adapt to new technology at an accelerated rate,0,3,-3,NO
Data & AI,wireless data,0,3,-3,NO
Data & AI,budget analysis,0,3,-3,NO
Data & AI,hungry for growth and continuous learning,0,3,-3,NO
Data & AI,mcse,0,3,-3,NO
Data & AI,crystal ball,0,3,-3,NO
Data & AI,hiring and retention,0,3,-3,NO
Data & AI,management reports and board packages.,0,3,-3,NO
Data & AI,research associate,0,3,-3,NO
Data & AI,iam,0,3,-3,NO
Data & AI,pega,0,3,-3,NO
Data & AI,compliance audits,0,3,-3,NO
Data & AI,data programming,0,3,-3,NO
Data & AI,terminal services,0,3,-3,NO
Data & AI,data migration,0,3,-3,NO
Data & AI,agile methodologies,0,3,-3,NO
Data & AI,adobe illustrator,0,3,-3,NO
Data & AI,medlin,0,3,-3,NO
Data & AI,sqlite,0,3,-3,NO
Data & AI,event management,0,3,-3,NO
Data & AI,training design and development,0,3,-3,NO
Data & AI,first article inspection,0,3,-3,NO
Data & AI,electrical test,0,3,-3,NO
Data & AI,hydraulic testing,0,3,-3,NO
Data & AI,safety awareness,0,3,-3,NO
Data & AI,dell,0,3,-3,NO
Data & AI,test cases,0,3,-3,NO
Data & AI,factiva,0,3,-3,NO
Data & AI,requirement tracing,0,3,-3,NO
Data & AI,determine voltage,0,3,-3,NO
Data & AI,vss,0,3,-3,NO
Data & AI,erp implementation,0,3,-3,NO
Data & AI,data base,0,3,-3,NO
Data & AI,laptops. android smartphones tables,0,3,-3,NO
Data & AI,local remoter systems support,0,3,-3,NO
Data & AI,industrial electricity,0,3,-3,NO
Data & AI,pcanywhere,0,3,-3,NO
Data & AI,remote desktop and help desk management,0,3,-3,NO
Data & AI,scope and project definition,0,3,-3,NO
Data & AI,cloud computing,0,3,-3,NO
Data & AI,eagle accounting system,0,3,-3,NO
Data & AI,very proficient in soldering,0,3,-3,NO
Data & AI,computer management,0,3,-3,NO
Data & AI,civil engineer,0,3,-3,NO
Data & AI,ability to make decisions and solve problems,0,3,-3,NO
Data & AI,guided mechanisms,0,3,-3,NO
Data & AI,kpis,0,3,-3,NO
Data & AI,sales manager,0,3,-3,NO
Data & AI,understand overtime and on-call basis may be required,0,3,-3,NO
Data & AI,intuit proseries,0,3,-3,NO
Data & AI,office administration,0,3,-3,NO
Data & AI,toshiba certified service trained on aquilion 16,0,3,-3,NO
Data & AI,electrical mechanical,0,3,-3,NO
Data & AI,high attention to details,0,3,-3,NO
Data & AI,netscape messenger,0,3,-3,NO
Data & AI,mechanical/electrical engineer,0,3,-3,NO
Data & AI,data & network management,0,3,-3,NO
Data & AI,unix terminal,0,3,-3,NO
Data & AI,ability to stand and walk for hours at time.,0,3,-3,NO
Data & AI,dvb,0,3,-3,NO
Data & AI,google drive,0,3,-3,NO
Data & AI,lfacs,0,3,-3,NO
Data & AI,marketing/sales,0,3,-3,NO
Data & AI,excellent communication techniques,0,3,-3,NO
Data & AI,sale and,0,3,-3,NO
Data & AI,prepares budget variance reports for various departments as assigned,0,3,-3,NO
Data & AI,economic analysis,0,3,-3,NO
Data & AI,credit risk,0,3,-3,NO
Data & AI,ability to prioritize,0,3,-3,NO
Data & AI,cross-functional team leadership,0,3,-3,NO
Data & AI,ma,0,3,-3,NO
Data & AI,apache hive,0,3,-3,NO
Data & AI,sla,0,3,-3,NO
Data & AI,machine tools,0,3,-3,NO
Data & AI,15+ years of experience in accounting & bookkeeping services,0,3,-3,NO
Data & AI,installation of network components,0,3,-3,NO
Data & AI,ultratax,0,3,-3,NO
Data & AI,multi-task management,0,3,-3,NO
Data & AI,troubleshooting a network failure,0,3,-3,NO
Data & AI,skill 6,0,3,-3,NO
Data & AI,image freeway,0,3,-3,NO
Data & AI,phones,0,3,-3,NO
Data & AI,glove,0,3,-3,NO
Data & AI,statistical analysis: jmp,0,3,-3,NO
Data & AI,b2c,0,3,-3,NO
Data & AI,film,0,3,-3,NO
Data & AI,streamlit,0,3,-3,NO
Data & AI,analysis (linear & non-linear static,0,3,-3,NO
Data & AI,high efficiency,0,3,-3,NO
Data & AI,lean/six sigma principles,0,3,-3,NO
Data & AI,routing,0,3,-3,NO
Data & AI,t1,0,3,-3,NO
Data & AI,public and private accounting,0,3,-3,NO
Data & AI,capital expenditures,0,3,-3,NO
Data & AI,exceptional interpersonal communication,0,3,-3,NO
Data & AI,prepared various specialty reports,0,3,-3,NO
Data & AI,advanced material selection for rapid prototyping,0,3,-3,NO
Data & AI,purchase orders,0,3,-3,NO
Data & AI,csi,0,3,-3,NO
Data & AI,eclipsys,0,3,-3,NO
Data & AI,selenium (automated testing),0,3,-3,NO
Data & AI,staff management,0,3,-3,NO
Data & AI,lean & six sigma practitioner,0,3,-3,NO
Data & AI,measurement and layout,0,3,-3,NO
Data & AI,checks,0,3,-3,NO
Data & AI,exceptional interpersonal skills,0,3,-3,NO
Data & AI,hardware & software design,0,3,-3,NO
Data & AI,work under pressure and deadlines,0,3,-3,NO
Data & AI,administrative assistant,0,3,-3,NO
Data & AI,chemical engineering,0,3,-3,NO
Data & AI,skill 4,0,3,-3,NO
Data & AI,maintain files,0,3,-3,NO
Data & AI,derivatives,0,3,-3,NO
Data & AI,architect end to end,0,3,-3,NO
Data & AI,sales plan,0,3,-3,NO
Data & AI,troubleshooting specialist,0,3,-3,NO
Data & AI,product marketing,0,3,-3,NO
Data & AI,forklifts,0,3,-3,NO
Data & AI,idx,0,3,-3,NO
Data & AI,key aspect analysis,0,3,-3,NO
Data & AI,ec2,0,3,-3,NO
Data & AI,finance and tax research - lexis-nexis,0,3,-3,NO
Data & AI,video conferencing equipment (tv,0,3,-3,NO
Data & AI,research & data gathering,0,3,-3,NO
Data & AI,.net,0,3,-3,NO
Data & AI,resistance and power by calculations and measurements,0,3,-3,NO
Data & AI,vxworks,0,3,-3,NO
Data & AI,plotly,0,3,-3,NO
Data & AI,careful and active listener,0,3,-3,NO
Data & AI,invoice processing,0,3,-3,NO
Data & AI,lombardi,0,3,-3,NO
Data & AI,cms,0,3,-3,NO
Data & AI,qa engineering software expertise - design,0,3,-3,NO
Data & AI,back end,0,3,-3,NO
Data & AI,printer,0,3,-3,NO
Data & AI,adobe captivate,0,3,-3,NO
Data & AI,home care,0,3,-3,NO
Data & AI,analytical process improvement,0,3,-3,NO
Data & AI,vb script,0,3,-3,NO
Data & AI,creative problem solving,0,3,-3,NO
Data & AI,nationalelectric code (nec),0,3,-3,NO
Data & AI,pc law,0,3,-3,NO
Data & AI,microsoft sharepoint,0,3,-3,NO
Data & AI,implementing effective internal controls,0,3,-3,NO
Data & AI,expert in customer relations,0,3,-3,NO
Data & AI,algorithm optimization,0,3,-3,NO
Data & AI,game theory,0,3,-3,NO
Data & AI,cae softwares (hypermesh,0,3,-3,NO
Data & AI,company platforms: dras,0,3,-3,NO
Data & AI,process design & improvement,0,3,-3,NO
Data & AI,amazon redshift,0,3,-3,NO
Data & AI,problem-solving skills,0,3,-3,NO
Data & AI,epic,0,3,-3,NO
Data & AI,creativity and imagination,0,3,-3,NO
Data & AI,audits,0,3,-3,NO
Data & AI,company platforms: lombardi,0,3,-3,NO
Data & AI,passmark memtest86,0,3,-3,NO
Data & AI,firewall setup,0,3,-3,NO
Data & AI,new product design and development,0,3,-3,NO
Data & AI,peoplesoft finance applications,0,3,-3,NO
Data & AI,accounts for,0,3,-3,NO
Data & AI,and vouchers as well as reconciled records of bank transactions.,0,3,-3,NO
Data & AI,bert modelling,0,3,-3,NO
Data & AI,recruitment,0,3,-3,NO
Data & AI,risk analyst,0,3,-3,NO
Data & AI,arcview,0,3,-3,NO
Data & AI,waste reduction,0,3,-3,NO
Data & AI,manufacturing engineer,0,3,-3,NO
Data & AI,responsible and reliable,0,3,-3,NO
Data & AI,proficiency in area,0,3,-3,NO
Data & AI,cost control,0,3,-3,NO
Data & AI,sales reports,0,3,-3,NO
Data & AI,cpr certified,0,3,-3,NO
Data & AI,compounding,0,3,-3,NO
Data & AI,document reports,0,3,-3,NO
Data & AI,cabling and laying of cables,0,3,-3,NO
Data & AI,switch,0,3,-3,NO
Data & AI,advanced utilization microsoft office suite,0,3,-3,NO
Data & AI,symphony,0,3,-3,NO
Data & AI,technology integration,0,3,-3,NO
Data & AI,data storage,0,3,-3,NO
Data & AI,and critical thinking skills,0,3,-3,NO
Data & AI,pr,0,3,-3,NO
Data & AI,plat indexes,0,3,-3,NO
Data & AI,a monitor flow of credit union transactions from the various supporting systems into and out of the general ledger daily,0,3,-3,NO
Data & AI,malwarebytes,0,3,-3,NO
Data & AI,process flow,0,3,-3,NO
Data & AI,frx,0,3,-3,NO
Data & AI,team leadership / cross-team collaboration,0,3,-3,NO
Data & AI,arduino ide,0,3,-3,NO
Data & AI,cpus,0,3,-3,NO
Data & AI,accounts payable & receivable,0,3,-3,NO
Data & AI,iii,0,3,-3,NO
Data & AI,textwrangler,0,3,-3,NO
Data & AI,skilled in the operation of ms 2000,0,3,-3,NO
Data & AI,inductors and transformers,0,3,-3,NO
Data & AI,key accounts,0,3,-3,NO
Data & AI,formulas,0,3,-3,NO
Data & AI,mac osx,0,3,-3,NO
Data & AI,coaching/mentoring,0,3,-3,NO
Data & AI,document management,0,3,-3,NO
Data & AI,elastic search,0,3,-3,NO
Data & AI,er/studio,0,3,-3,NO
Data & AI,windows & mac os,0,3,-3,NO
Data & AI,cat5,0,3,-3,NO
Data & AI,test methodologies: regression testing,0,3,-3,NO
Data & AI,hammer,0,3,-3,NO
Data & AI,foresight imaging systems trained on dicom protocols,0,3,-3,NO
Data & AI,implemented sales,0,3,-3,NO
Data & AI,vts,0,3,-3,NO
Data & AI,ip addressing,0,3,-3,NO
Data & AI,process optimization,0,3,-3,NO
Data & AI,solution engineering,0,3,-3,NO
Data & AI,internet applications,0,3,-3,NO
Data & AI,ml algorithms,0,3,-3,NO
Data & AI,probability and stats,0,3,-3,NO
Data & AI,minute taking,0,3,-3,NO
Data & AI,company platforms: pega,0,3,-3,NO
Data & AI,key injection,0,3,-3,NO
Data & AI,mssql,0,3,-3,NO
Data & AI,water treatment,0,3,-3,NO
Data & AI,lathe,0,3,-3,NO
Data & AI,driver booster,0,3,-3,NO
Data & AI,civil engineering,0,3,-3,NO
Data & AI,project planning,0,3,-3,NO
Data & AI,handling cash,0,3,-3,NO
Data & AI,tender,0,3,-3,NO
Data & AI,accounts receivable accounts payable,0,3,-3,NO
Data & AI,project support,0,3,-3,NO
Data & AI,octave,0,3,-3,NO
Data & AI,curl-siege,0,3,-3,NO
Data & AI,highly organized,0,3,-3,NO
Data & AI,classification,0,3,-3,NO
Data & AI,nds,0,3,-3,NO
Data & AI,pocket pc,0,3,-3,NO
Data & AI,dbase,0,3,-3,NO
Data & AI,multi-state sales tax filing,0,3,-3,NO
Data & AI,paper converting equipment,0,3,-3,NO
Data & AI,plastics manufacturing processes,0,3,-3,NO
Data & AI,motivational,0,3,-3,NO
Data & AI,auto cad,0,3,-3,NO
Data & AI,html programming,0,3,-3,NO
Data & AI,security,0,3,-3,NO
Data & AI,recorded monthly transactions,0,3,-3,NO
Data & AI,lan aptitude,0,3,-3,NO
Data & AI,router,0,3,-3,NO
Data & AI,microsoft power pivot,0,3,-3,NO
Data & AI,ehrs,0,3,-3,NO
Data & AI,author,0,3,-3,NO
Data & AI,proposal development,0,3,-3,NO
Data & AI,microprocessor,0,3,-3,NO
Data & AI,cerner,0,3,-3,NO
Data & AI,mechanical processes,0,3,-3,NO
Data & AI,dasylab,0,3,-3,NO
Data & AI,pedague testing system,0,3,-3,NO
Data & AI,computer system building and repair,0,3,-3,NO
Data & AI,design review,0,3,-3,NO
Data & AI,structured,0,3,-3,NO
Data & AI,user support,0,3,-3,NO
Data & AI,project development,0,3,-3,NO
Data & AI,numerical and analytical ability,0,3,-3,NO
Data & AI,analytical and business acumen,0,3,-3,NO
Data & AI,netbeui,0,3,-3,NO
Data & AI,schematic,0,3,-3,NO
Data & AI,leadership training,0,3,-3,NO
Data & AI,staff training,0,3,-3,NO
Data & AI,business to business,0,3,-3,NO
Data & AI,automation tools,0,3,-3,NO
Data & AI,hotsos training,0,3,-3,NO
Data & AI,proofing,0,3,-3,NO
Data & AI,process engineering & qa management,0,3,-3,NO
Data & AI,cip,0,3,-3,NO
Data & AI,financial and accounting,0,3,-3,NO
Data & AI,time management ability,0,3,-3,NO
Data & AI,selenium,0,3,-3,NO
Data & AI,data interpretation,0,3,-3,NO
Data & AI,research and design,0,3,-3,NO
Data & AI,aws texualizer,0,3,-3,NO
Data & AI,planning modules,0,3,-3,NO
Data & AI,current,0,3,-3,NO
Data & AI,software quality assurance,0,3,-3,NO
Data & AI,cad packages (solidworks,0,3,-3,NO
Data & AI,facility management,0,3,-3,NO
Data & AI,bank reconciliations and general ledger expertise,0,3,-3,NO
Data & AI,black box,0,3,-3,NO
Data & AI,multimedia,0,3,-3,NO
Data & AI,jvs,0,3,-3,NO
Data & AI,life insurance,0,3,-3,NO
Data & AI,tv,0,3,-3,NO
Data & AI,unix shell/perl scripting,0,3,-3,NO
Data & AI,cnns,0,3,-3,NO
Data & AI,webgl,0,3,-3,NO
Data & AI,network management,0,3,-3,NO
Data & AI,unix shell scripts,0,3,-3,NO
Data & AI,operating systems: windows 7-10,0,3,-3,NO
Data & AI,prepare contract,0,3,-3,NO
Data & AI,marconi,0,3,-3,NO
Data & AI,tolerance analysis,0,3,-3,NO
Data & AI,dras,0,3,-3,NO
Data & AI,keynote,0,3,-3,NO
Data & AI,computer sales,0,3,-3,NO
Data & AI,roofing,0,3,-3,NO
Data & AI,arc flash,0,3,-3,NO
Data & AI,sales management,0,3,-3,NO
Data & AI,people development,0,3,-3,NO
Data & AI,marketing material,0,3,-3,NO
Data & AI,skilled concrete finisher,0,3,-3,NO
Data & AI,wonderware,0,3,-3,NO
Data & AI,generating bill of materials,0,3,-3,NO
Data & AI,excellent communication and presentation skills,0,3,-3,NO
Data & AI,photo,0,3,-3,NO
Data & AI,and resolving discrepancies,0,3,-3,NO
Data & AI,analyze financial statements,0,3,-3,NO
Data & AI,network printers,0,3,-3,NO
Data & AI,oscilloscope,0,6,-6,NO
Data & AI,robotics,0,6,-6,NO
Data & AI,angularjs,0,6,-6,NO
Data & AI,and marketing,0,6,-6,NO
Data & AI,pcs,0,6,-6,NO
Data & AI,restaurant manager,0,6,-6,NO
Data & AI,process design,0,6,-6,NO
Data & AI,graphs,0,6,-6,NO
Data & AI,unity,0,6,-6,NO
Data & AI,negotiation,0,6,-6,NO
Data & AI,marketing materials,0,6,-6,NO
Data & AI,office management,0,6,-6,NO
Data & AI,analysis,0,6,-6,NO
Data & AI,quickbooks expert,0,6,-6,NO
Data & AI,iso 9001,0,6,-6,NO
Data & AI,predictive analysis,0,6,-6,NO
Data & AI,people soft,0,6,-6,NO
Data & AI,generally accepted auditing standards,0,6,-6,NO
Data & AI,and troubleshooting,0,6,-6,NO
Data & AI,mac os,0,6,-6,NO
Data & AI,vision,0,6,-6,NO
Data & AI,mba,0,6,-6,NO
Data & AI,spacy,0,6,-6,NO
Data & AI,calm under pressure,0,6,-6,NO
Data & AI,arabic,0,6,-6,NO
Data & AI,balanced,0,6,-6,NO
Data & AI,windows xp/vista,0,6,-6,NO
Data & AI,data reporting,0,6,-6,NO
Data & AI,exceptional time management,0,6,-6,NO
Data & AI,lecturer,0,6,-6,NO
Data & AI,novell,0,6,-6,NO
Data & AI,cognos,0,6,-6,NO
Data & AI,self-motivated professional,0,6,-6,NO
Data & AI,television,0,6,-6,NO
Data & AI,illustrator,0,6,-6,NO
Data & AI,model building,0,6,-6,NO
Data & AI,dec,0,6,-6,NO
Data & AI,profit,0,6,-6,NO
Data & AI,quick books,0,6,-6,NO
Data & AI,ergonomics,0,6,-6,NO
Data & AI,month end close,0,6,-6,NO
Data & AI,retail marketing,0,6,-6,NO
Data & AI,verilog,0,6,-6,NO
Data & AI,power generation,0,6,-6,NO
Data & AI,reconciliations,0,6,-6,NO
Data & AI,ipx,0,6,-6,NO
Data & AI,jupyter,0,6,-6,NO
Data & AI,treasury,0,6,-6,NO
Data & AI,written communication skills,0,6,-6,NO
Data & AI,swift,0,6,-6,NO
Data & AI,arduino,0,6,-6,NO
Data & AI,positioning,0,6,-6,NO
Data & AI,engineering operational functions,0,6,-6,NO
Data & AI,rest apis,0,6,-6,NO
Data & AI,html/ css,0,6,-6,NO
Data & AI,police,0,6,-6,NO
Data & AI,renovation,0,6,-6,NO
Data & AI,motorola,0,6,-6,NO
Data & AI,software installation,0,6,-6,NO
Data & AI,debit,0,6,-6,NO
Data & AI,team leader,0,6,-6,NO
Data & AI,orcad,0,6,-6,NO
Data & AI,inspecting,0,6,-6,NO
Data & AI,payroll processing,0,6,-6,NO
Data & AI,dmaic,0,6,-6,NO
Data & AI,aia,0,6,-6,NO
Data & AI,product management,0,6,-6,NO
Data & AI,letters,0,6,-6,NO
Data & AI,embedded software development,0,6,-6,NO
Data & AI,accounts and,0,6,-6,NO
Data & AI,air force,0,6,-6,NO
Data & AI,competitive,0,6,-6,NO
Data & AI,bonds,0,6,-6,NO
Data & AI,system administration,0,6,-6,NO
Data & AI,cash handling,0,6,-6,NO
Data & AI,dos,0,6,-6,NO
Data & AI,army,0,6,-6,NO
Data & AI,process management,0,6,-6,NO
Data & AI,sales forecasting,0,6,-6,NO
Data & AI,contract administration,0,6,-6,NO
Data & AI,business strategy,0,6,-6,NO
Data & AI,property management,0,6,-6,NO
Data & AI,oracle),0,6,-6,NO
Data & AI,data trending knowledge,0,6,-6,NO
Data & AI,inventory levels,0,6,-6,NO
Data & AI,web development,0,6,-6,NO
Data & AI,active directory,0,6,-6,NO
Data & AI,fax,0,6,-6,NO
Data & AI,automated payroll,0,6,-6,NO
Data & AI,sdlc,0,6,-6,NO
Data & AI,prime,0,6,-6,NO
Data & AI,marketing and sales,0,6,-6,NO
Data & AI,hydraulics,0,6,-6,NO
Data & AI,cable,0,6,-6,NO
Data & AI,merchandising,0,6,-6,NO
Data & AI,decisive,0,6,-6,NO
Data & AI,web design 2,0,6,-6,NO
Data & AI,natural gas,0,6,-6,NO
Data & AI,budget preparation,0,6,-6,NO
Data & AI,asp,0,6,-6,NO
Data & AI,process payroll,0,6,-6,NO
Data & AI,business process improvement,0,6,-6,NO
Data & AI,project and visio,0,6,-6,NO
Data & AI,jde,0,6,-6,NO
Data & AI,maintain records,0,6,-6,NO
Data & AI,financial statement analysis,0,6,-6,NO
Data & AI,advanced computer proficiency (pc and mac),0,6,-6,NO
Data & AI,material management,0,6,-6,NO
Data & AI,cnn,0,6,-6,NO
Data & AI,algorithm development,0,6,-6,NO
Data & AI,accrual,0,6,-6,NO
Data & AI,money,0,6,-6,NO
Data & AI,promotional,0,6,-6,NO
Data & AI,trouble shooting,0,6,-6,NO
Data & AI,newsletter,0,6,-6,NO
Data & AI,functional testing,0,6,-6,NO
Data & AI,cash flow projections,0,6,-6,NO
Data & AI,huggingface,0,6,-6,NO
Data & AI,content management,0,6,-6,NO
Data & AI,laptops,0,6,-6,NO
Data & AI,information security,0,6,-6,NO
Data & AI,recuva,0,6,-6,NO
Data & AI,first aid,0,6,-6,NO
Data & AI,soap,0,6,-6,NO
Data & AI,workbench,0,6,-6,NO
Data & AI,dialysis,0,6,-6,NO
Data & AI,direct marketing,0,6,-6,NO
Data & AI,black box testing,0,6,-6,NO
Data & AI,application programming,0,6,-6,NO
Data & AI,trainer,0,6,-6,NO
Data & AI,requirement analysis,0,6,-6,NO
Data & AI,camera,0,6,-6,NO
Data & AI,salesforce.com crm,0,6,-6,NO
Data & AI,cabling,0,6,-6,NO
Data & AI,azure databricks,0,6,-6,NO
Data & AI,restapi,0,6,-6,NO
Data & AI,chatbot,0,6,-6,NO
Data & AI,ibm,0,6,-6,NO
Data & AI,lacerte,0,6,-6,NO
Data & AI,direct sales,0,6,-6,NO
Data & AI,installing,0,6,-6,NO
Data & AI,control systems,0,6,-6,NO
Data & AI,strategic marketing,0,6,-6,NO
Data & AI,bootstrap,0,6,-6,NO
Data & AI,data structure,0,6,-6,NO
Data & AI,kotlin,0,6,-6,NO
Data & AI,robotic,0,6,-6,NO
Data & AI,objective c,0,6,-6,NO
Data & AI,jcl,0,6,-6,NO
Data & AI,apqp,0,6,-6,NO
Data & AI,construction management,0,6,-6,NO
Data & AI,client relations,0,6,-6,NO
Data & AI,negotiating,0,6,-6,NO
Data & AI,corporate finance,0,6,-6,NO
Data & AI,financial management,0,6,-6,NO
Data & AI,prepare financial statements,0,6,-6,NO
Data & AI,tcp,0,6,-6,NO
Data & AI,microsoft office applications,0,6,-6,NO
Data & AI,sales software: salesforce.com,0,6,-6,NO
Data & AI,perl,0,6,-6,NO
Data & AI,base sas,0,6,-6,NO
Data & AI,deadline-oriented,0,6,-6,NO
Data & AI,fmea,0,6,-6,NO
Data & AI,a+,0,6,-6,NO
Data & AI,regression,0,6,-6,NO
Data & AI,equipment installation,0,6,-6,NO
Data & AI,haskell,0,6,-6,NO
Data & AI,strong leader,0,6,-6,NO
Data & AI,vista,0,6,-6,NO
Data & AI,fortran,0,6,-6,NO
Data & AI,latex,0,6,-6,NO
Data & AI,adaptability,0,6,-6,NO
Data & AI,public speaking,0,6,-6,NO
Data & AI,dispatching,0,6,-6,NO
Data & AI,unit testing,0,6,-6,NO
Data & AI,internet research,0,6,-6,NO
Data & AI,strategic plans,0,6,-6,NO
Data & AI,organization,0,6,-6,NO
Data & AI,languages,0,6,-6,NO
Data & AI,graphical user interface,0,6,-6,NO
Data & AI,tensorflowjs,0,6,-6,NO
Data & AI,branding,0,6,-6,NO
Data & AI,technical writing,0,6,-6,NO
Data & AI,object oriented programming,0,6,-6,NO
Data & AI,reinforcement learning,0,6,-6,NO
Data & AI,conversion,0,6,-6,NO
Data & AI,outside sales,0,6,-6,NO
Data & AI,graphql,0,6,-6,NO
Data & AI,increase,0,6,-6,NO
Data & AI,promotion,0,6,-6,NO
Data & AI,solutions,0,6,-6,NO
Data & AI,system analysis,0,6,-6,NO
Data & AI,firewall,0,6,-6,NO
Data & AI,quick learner,0,6,-6,NO
Data & AI,rfp,0,6,-6,NO
Data & AI,next,0,6,-6,NO
Data & AI,design process,0,6,-6,NO
Data & AI,xgboost,0,6,-6,NO
Data & AI,nec,0,6,-6,NO
Data & AI,operational analysis,0,6,-6,NO
Data & AI,manufacturing process controls,0,6,-6,NO
Data & AI,strategic thinker,0,6,-6,NO
Data & AI,analytical,0,6,-6,NO
Data & AI,customer care,0,6,-6,NO
Data & AI,multivariate analysis,0,6,-6,NO
Data & AI,bash,0,6,-6,NO
Data & AI,experimentation,0,6,-6,NO
Data & AI,market research,0,6,-6,NO
Data & AI,travel arrangements,0,6,-6,NO
Data & AI,invoice,0,6,-6,NO
Data & AI,client engagement,0,6,-6,NO
Data & AI,statistical modelling,0,6,-6,NO
Data & AI,portfolio management,0,6,-6,NO
Data & AI,cash receipts,0,6,-6,NO
Data & AI,digital logic,0,6,-6,NO
Data & AI,data wrangling,0,6,-6,NO
Data & AI,mechanical engineering,0,6,-6,NO
Data & AI,cash,0,6,-6,NO
Data & AI,mathcad,0,6,-6,NO
Data & AI,robotic systems,0,6,-6,NO
Data & AI,pytesseract,0,6,-6,NO
Data & AI,requirements gathering,0,6,-6,NO
Data & AI,staff development,0,6,-6,NO
Data & AI,manufacturing processes,0,6,-6,NO
Data & AI,general accounting,0,6,-6,NO
Data & AI,equipment maintenance,0,6,-6,NO
Data & AI,big data analytics,0,6,-6,NO
Data & AI,research analysis,0,6,-6,NO
Data & AI,kronos,0,6,-6,NO
Data & AI,cashier,0,6,-6,NO
Data & AI,hardware design,0,6,-6,NO
Data & AI,variance analysis,0,6,-6,NO
Data & AI,automation design,0,6,-6,NO
Data & AI,systems engineering,0,6,-6,NO
Data & AI,ordering,0,6,-6,NO
Data & AI,real time,0,6,-6,NO
Data & AI,as400,0,6,-6,NO
Data & AI,manual testing,0,6,-6,NO
Data & AI,mac,0,6,-6,NO
Data & AI,budget development,0,6,-6,NO
Data & AI,council,0,6,-6,NO
Data & AI,sarbanes-oxley,0,6,-6,NO
Data & AI,interpersonal,0,6,-6,NO
Data & AI,drivers,0,6,-6,NO
Data & AI,scanners,0,6,-6,NO
Data & AI,personnel management,0,6,-6,NO
Data & AI,decision-making,0,6,-6,NO
Data & AI,random forest,0,6,-6,NO
Data & AI,ifrs,0,6,-6,NO
Data & AI,written communication,0,6,-6,NO
Data & AI,timberline,0,6,-6,NO
Data & AI,bookkeeper,0,6,-6,NO
Data & AI,customer analytics,0,6,-6,NO
Data & AI,website,0,6,-6,NO
Data & AI,decision tree,0,6,-6,NO
Data & AI,python programming,0,6,-6,NO
Data & AI,market trends,0,6,-6,NO
Data & AI,its,0,6,-6,NO
Data & AI,debugging,0,6,-6,NO
Data & AI,ui design,0,6,-6,NO
Data & AI,maintain inventory,0,6,-6,NO
Data & AI,human resource,0,6,-6,NO
Data & AI,consultant,0,6,-6,NO
Data & AI,analytical skills,0,6,-6,NO
Data & AI,ms visual studio,0,6,-6,NO
Data & AI,sql (postgresql,0,6,-6,NO
Data & AI,training programs,0,6,-6,NO
Data & AI,risk assessment,0,6,-6,NO
Data & AI,html5,0,6,-6,NO
Data & AI,design and construction,0,6,-6,NO
Data & AI,quickbooks pro,0,6,-6,NO
Data & AI,material science,0,6,-6,NO
Data & AI,business writing,0,6,-6,NO
Data & AI,test plan,0,6,-6,NO
Data & AI,windows 7,0,6,-6,NO
Data & AI,home health,0,6,-6,NO
Data & AI,ims,0,6,-6,NO
Data & AI,tango,0,6,-6,NO
Data & AI,anova,0,6,-6,NO
Data & AI,storage area network,0,6,-6,NO
Data & AI,transmission,0,6,-6,NO
Data & AI,advanced bookkeeping skills,0,6,-6,NO
Data & AI,ieee,0,6,-6,NO
Data & AI,lighting,0,6,-6,NO
Data & AI,esd,0,6,-6,NO
Data & AI,vba,0,6,-6,NO
Data & AI,communicator,0,6,-6,NO
Data & AI,superior attention to detail,0,6,-6,NO
Data & AI,quick,0,6,-6,NO
Data & AI,financial accounting,0,6,-6,NO
Data & AI,microsoft,0,6,-6,NO
Data & AI,hand tools,0,6,-6,NO
Data & AI,ruby,0,6,-6,NO
Data & AI,plc programming,0,6,-6,NO
Data & AI,scala,0,6,-6,NO
Data & AI,quantitative analysis,0,6,-6,NO
Data & AI,springboot,0,6,-6,NO
Data & AI,business solutions,0,6,-6,NO
Data & AI,front office,0,6,-6,NO
Data & AI,business administration,0,6,-6,NO
Data & AI,human resources,0,6,-6,NO
Data & AI,food safety,0,6,-6,NO
Data & AI,html/css,0,6,-6,NO
Data & AI,kanban,0,6,-6,NO
Data & AI,ip,0,6,-6,NO
Data & AI,integrator,0,6,-6,NO
Data & AI,data integration,0,6,-6,NO
Data & AI,eda,0,6,-6,NO
Data & AI,web design 1,0,6,-6,NO
Data & AI,oral,0,6,-6,NO
Data & AI,network protocols,0,6,-6,NO
Data & AI,mas90,0,6,-6,NO
Data & AI,ms project,0,6,-6,NO
Data & AI,mis,0,6,-6,NO
Data & AI,calculator,0,6,-6,NO
Data & AI,c/c++,0,6,-6,NO
Data & AI,strong interpersonal skills,0,6,-6,NO
Data & AI,workshops,0,6,-6,NO
Data & AI,marketing plan,0,6,-6,NO
Data & AI,svm,0,6,-6,NO
Data & AI,scripts,0,6,-6,NO
Data & AI,signal generators,0,6,-6,NO
Data & AI,github,0,6,-6,NO
Data & AI,application support,0,6,-6,NO
Data & AI,pycharm,0,6,-6,NO
Data & AI,software training,0,6,-6,NO
Data & AI,blueprints,0,6,-6,NO
Data & AI,integration,0,6,-6,NO
Data & AI,consultation,0,6,-6,NO
Data & AI,annual reports,0,6,-6,NO
Data & AI,fashion,0,6,-6,NO
Data & AI,cash management,0,6,-6,NO
Data & AI,equity,0,6,-6,NO
Data & AI,gps,0,6,-6,NO
Data & AI,netscape,0,6,-6,NO
Data & AI,hyperion,0,6,-6,NO
Data & AI,team work,0,6,-6,NO
Data & AI,kaizen,0,6,-6,NO
Data & AI,bluebeam,0,6,-6,NO
Data & AI,investments,0,6,-6,NO
Data & AI,outlook),0,6,-6,NO
Data & AI,data acquisition,0,6,-6,NO
Data & AI,financial operations,0,6,-6,NO
Data & AI,supply chain management,0,6,-6,NO
Data & AI,proactive,0,6,-6,NO
Data & AI,computer systems,0,6,-6,NO
Data & AI,windows 2000,0,6,-6,NO
Data & AI,visual basics,0,6,-6,NO
Data & AI,technical plan execution aptitude,0,6,-6,NO
Data & AI,a/p,0,6,-6,NO
Data & AI,cash flow analysis,0,6,-6,NO
Data & AI,verbal communication skills,0,6,-6,NO
Data & AI,budget forecasting expertise,0,6,-6,NO
Data & AI,asset management,0,6,-6,NO
Data & AI,driving,0,9,-9,NO
Data & AI,cost reduction,0,9,-9,NO
Data & AI,data processing,0,9,-9,NO
Data & AI,image,0,9,-9,NO
Data & AI,accounting operations professional,0,9,-9,NO
Data & AI,accounts payables,0,9,-9,NO
Data & AI,customer relations,0,9,-9,NO
Data & AI,type,0,9,-9,NO
Data & AI,month-end closing,0,9,-9,NO
Data & AI,scheme,0,9,-9,NO
Data & AI,vhf,0,9,-9,NO
Data & AI,relationship management,0,9,-9,NO
Data & AI,experiments,0,9,-9,NO
Data & AI,accounting software,0,9,-9,NO
Data & AI,gis,0,9,-9,NO
Data & AI,windows xp,0,9,-9,NO
Data & AI,microstation,0,9,-9,NO
Data & AI,interpersonal skills,0,9,-9,NO
Data & AI,manufacturing process,0,9,-9,NO
Data & AI,c programming,0,9,-9,NO
Data & AI,jenkins,0,9,-9,NO
Data & AI,asp.net,0,9,-9,NO
Data & AI,db2,0,9,-9,NO
Data & AI,training materials,0,9,-9,NO
Data & AI,grants,0,9,-9,NO
Data & AI,project,0,9,-9,NO
Data & AI,power supplies,0,9,-9,NO
Data & AI,testing,0,9,-9,NO
Data & AI,catia,0,9,-9,NO
Data & AI,ann,0,9,-9,NO
Data & AI,wireshark,0,9,-9,NO
Data & AI,inventor,0,9,-9,NO
Data & AI,charts,0,9,-9,NO
Data & AI,cisco,0,9,-9,NO
Data & AI,heuristics,0,9,-9,NO
Data & AI,flexible team player,0,9,-9,NO
Data & AI,solid works,0,9,-9,NO
Data & AI,teamviewer,0,9,-9,NO
Data & AI,graphic,0,9,-9,NO
Data & AI,multimeters,0,9,-9,NO
Data & AI,qa,0,9,-9,NO
Data & AI,r programming,0,9,-9,NO
Data & AI,carpentry,0,9,-9,NO
Data & AI,speaking,0,9,-9,NO
Data & AI,negotiations,0,9,-9,NO
Data & AI,pick,0,9,-9,NO
Data & AI,cobol,0,9,-9,NO
Data & AI,window,0,9,-9,NO
Data & AI,balance sheets,0,9,-9,NO
Data & AI,analyst,0,9,-9,NO
Data & AI,android,0,9,-9,NO
Data & AI,risk analysis,0,9,-9,NO
Data & AI,self-motivated,0,9,-9,NO
Data & AI,vb.net,0,9,-9,NO
Data & AI,organizing,0,9,-9,NO
Data & AI,sop,0,9,-9,NO
Data & AI,postman,0,9,-9,NO
Data & AI,mailing,0,9,-9,NO
Data & AI,process engineering,0,9,-9,NO
Data & AI,agile methodology,0,9,-9,NO
Data & AI,conferences,0,9,-9,NO
Data & AI,data scientist,0,9,-9,NO
Data & AI,pivot tables,0,9,-9,NO
Data & AI,expense reports,0,9,-9,NO
Data & AI,adobe acrobat,0,9,-9,NO
Data & AI,fundraising,0,9,-9,NO
Data & AI,edge,0,9,-9,NO
Data & AI,lotus notes,0,9,-9,NO
Data & AI,performance reviews,0,9,-9,NO
Data & AI,natural,0,9,-9,NO
Data & AI,lstm,0,9,-9,NO
Data & AI,visual studio code,0,9,-9,NO
Data & AI,conversational ai,0,9,-9,NO
Data & AI,business management,0,9,-9,NO
Data & AI,communication skills,0,9,-9,NO
Data & AI,decision trees,0,9,-9,NO
Data & AI,law,0,9,-9,NO
Data & AI,vhdl,0,9,-9,NO
Data & AI,python (django),0,9,-9,NO
Data & AI,upgrades,0,9,-9,NO
Data & AI,supply chain,0,9,-9,NO
Data & AI,learning algorithm,0,9,-9,NO
Data & AI,typing,0,9,-9,NO
Data & AI,nodejs,0,9,-9,NO
Data & AI,surveys,0,9,-9,NO
Data & AI,siemens,0,9,-9,NO
Data & AI,team building,0,9,-9,NO
Data & AI,websites,0,9,-9,NO
Data & AI,tcp/ip,0,9,-9,NO
Data & AI,self-starter,0,9,-9,NO
Data & AI,eclipse,0,9,-9,NO
Data & AI,modems,0,9,-9,NO
Data & AI,data management,0,9,-9,NO
Data & AI,cloud,0,9,-9,NO
Data & AI,monitors,0,9,-9,NO
Data & AI,technical documentation,0,9,-9,NO
Data & AI,failure analysis,0,9,-9,NO
Data & AI,uhf,0,9,-9,NO
Data & AI,fast,0,9,-9,NO
Data & AI,system integration,0,9,-9,NO
Data & AI,technician,0,9,-9,NO
Data & AI,problem solving skills,0,9,-9,NO
Data & AI,leadership development,0,9,-9,NO
Data & AI,customer support,0,9,-9,NO
Data & AI,telecommunications,0,9,-9,NO
Data & AI,adp,0,9,-9,NO
Data & AI,preparation of financial statements,0,9,-9,NO
Data & AI,data extraction,0,9,-9,NO
Data & AI,streamline,0,9,-9,NO
Data & AI,java script,0,9,-9,NO
Data & AI,supervisory,0,9,-9,NO
Data & AI,configuring,0,9,-9,NO
Data & AI,requirement,0,9,-9,NO
Data & AI,atm,0,9,-9,NO
Data & AI,ms visio,0,9,-9,NO
Data & AI,job costing,0,9,-9,NO
Data & AI,microsoft applications,0,9,-9,NO
Data & AI,adobe photoshop,0,9,-9,NO
Data & AI,audit,0,9,-9,NO
Data & AI,technical architecture,0,9,-9,NO
Data & AI,intel,0,9,-9,NO
Data & AI,win,0,9,-9,NO
Data & AI,strong organizational skills,0,9,-9,NO
Data & AI,agile,0,9,-9,NO
Data & AI,iso,0,9,-9,NO
Data & AI,flutter,0,9,-9,NO
Data & AI,kafka,0,9,-9,NO
Data & AI,dynamic html5,0,9,-9,NO
Data & AI,invoice coding familiarity,0,9,-9,NO
Data & AI,painting,0,9,-9,NO
Data & AI,instruction,0,9,-9,NO
Data & AI,software testing,0,9,-9,NO
Data & AI,imaging,0,9,-9,NO
Data & AI,ms office suite,0,9,-9,NO
Data & AI,marketing strategies,0,9,-9,NO
Data & AI,radar,0,9,-9,NO
Data & AI,cnc,0,9,-9,NO
Data & AI,producing,0,9,-9,NO
Data & AI,rest,0,9,-9,NO
Data & AI,trial balance,0,9,-9,NO
Data & AI,doors,0,9,-9,NO
Data & AI,kubernetes,0,9,-9,NO
Data & AI,oil,0,9,-9,NO
Data & AI,macros,0,9,-9,NO
Data & AI,bridges,0,9,-9,NO
Data & AI,general ledger accounting,0,9,-9,NO
Data & AI,pspice,0,9,-9,NO
Data & AI,logic,0,9,-9,NO
Data & AI,team leadership,0,11,-11,NO
Data & AI,new business development,0,11,-11,NO
Data & AI,bi,0,12,-12,NO
Data & AI,supervising,0,12,-12,NO
Data & AI,visual c++,0,12,-12,NO
Data & AI,features,0,12,-12,NO
Data & AI,plumbing,0,12,-12,NO
Data & AI,invoicing,0,12,-12,NO
Data & AI,analytical reasoning,0,12,-12,NO
Data & AI,adobe,0,12,-12,NO
Data & AI,electrical engineering,0,12,-12,NO
Data & AI,microsoft windows,0,12,-12,NO
Data & AI,tables,0,12,-12,NO
Data & AI,voip,0,12,-12,NO
Data & AI,javascript (angular),0,12,-12,NO
Data & AI,atl,0,12,-12,NO
Data & AI,data cleaning,0,12,-12,NO
Data & AI,reading,0,12,-12,NO
Data & AI,public relations,0,12,-12,NO
Data & AI,bert,0,12,-12,NO
Data & AI,organizational,0,12,-12,NO
Data & AI,results-oriented,0,12,-12,NO
Data & AI,erp,0,12,-12,NO
Data & AI,express,0,12,-12,NO
Data & AI,scanning,0,12,-12,NO
Data & AI,power distribution,0,12,-12,NO
Data & AI,operating systems,0,12,-12,NO
Data & AI,wiring,0,12,-12,NO
Data & AI,cost analysis,0,12,-12,NO
Data & AI,mb,0,12,-12,NO
Data & AI,threads,0,12,-12,NO
Data & AI,communication,0,12,-12,NO
Data & AI,ad,0,12,-12,NO
Data & AI,explorer,0,12,-12,NO
Data & AI,repairing,0,12,-12,NO
Data & AI,protocols,0,12,-12,NO
Data & AI,operations,0,12,-12,NO
Data & AI,databases,0,12,-12,NO
Data & AI,machine learning engineer,0,12,-12,NO
Data & AI,advanced excel,0,12,-12,NO
Data & AI,dbms,0,12,-12,NO
Data & AI,os,0,12,-12,NO
Data & AI,publisher,0,12,-12,NO
Data & AI,leadership skills,0,12,-12,NO
Data & AI,dns,0,12,-12,NO
Data & AI,nas,0,12,-12,NO
Data & AI,rnn,0,12,-12,NO
Data & AI,apple,0,12,-12,NO
Data & AI,proxy,0,12,-12,NO
Data & AI,embedded systems,0,12,-12,NO
Data & AI,project plans,0,12,-12,NO
Data & AI,nltk,0,12,-12,NO
Data & AI,change management,0,12,-12,NO
Data & AI,upgrade,0,12,-12,NO
Data & AI,fast learner,0,12,-12,NO
Data & AI,new product development,0,12,-12,NO
Data & AI,accounting systems,0,12,-12,NO
Data & AI,supervisor,0,12,-12,NO
Data & AI,ms access,0,12,-12,NO
Data & AI,hiring,0,12,-12,NO
Data & AI,billings,0,12,-12,NO
Data & AI,e-mail,0,12,-12,NO
Data & AI,process control,0,12,-12,NO
Data & AI,writer,0,12,-12,NO
Data & AI,navy,0,12,-12,NO
Data & AI,spanish,0,12,-12,NO
Data & AI,researching,0,12,-12,NO
Data & AI,welding,0,12,-12,NO
Data & AI,data warehousing,0,12,-12,NO
Data & AI,ap,0,12,-12,NO
Data & AI,mathematics,0,12,-12,NO
Data & AI,selling,0,12,-12,NO
Data & AI,recording,0,12,-12,NO
Data & AI,effective time management,0,12,-12,NO
Data & AI,statistical process control,0,12,-12,NO
Data & AI,encryption,0,12,-12,NO
Data & AI,sql server,0,12,-12,NO
Data & AI,rdbms,0,12,-12,NO
Data & AI,client management,0,12,-12,NO
Data & AI,packaging,0,12,-12,NO
Data & AI,jd edwards,0,12,-12,NO
Data & AI,estimating,0,12,-12,NO
Data & AI,soldering,0,12,-12,NO
Data & AI,innovation,0,12,-12,NO
Data & AI,self motivated,0,12,-12,NO
Data & AI,switches,0,12,-12,NO
Data & AI,firebase,0,12,-12,NO
Data & AI,data validation,0,12,-12,NO
Data & AI,dhcp,0,12,-12,NO
Data & AI,view,0,12,-12,NO
Data & AI,great plains,0,12,-12,NO
Data & AI,academic,0,12,-12,NO
Data & AI,inventory management,0,12,-12,NO
Data & AI,printers,0,12,-12,NO
Data & AI,oscilloscopes,0,12,-12,NO
Data & AI,root cause analysis,0,12,-12,NO
Data & AI,microsoft azure,0,12,-12,NO
Data & AI,microsoft visio,0,12,-12,NO
Data & AI,application development,0,12,-12,NO
Data & AI,developer,0,12,-12,NO
Data & AI,rendering,0,12,-12,NO
Data & AI,mfc,0,12,-12,NO
Data & AI,quicken,0,12,-12,NO
Data & AI,directing,0,12,-12,NO
Data & AI,organizational skills,0,12,-12,NO
Data & AI,data manipulation,0,12,-12,NO
Data & AI,ids,0,12,-12,NO
Data & AI,transformers,0,12,-12,NO
Data & AI,radio,0,12,-12,NO
Data & AI,director,0,15,-15,NO
Data & AI,peoplesoft,0,15,-15,NO
Data & AI,hp,0,15,-15,NO
Data & AI,visual studio,0,15,-15,NO
Data & AI,video editing,0,15,-15,NO
Data & AI,visio,0,15,-15,NO
Data & AI,cpa,0,15,-15,NO
Data & AI,ansys,0,15,-15,NO
Data & AI,audio,0,15,-15,NO
Data & AI,ms word,0,15,-15,NO
Data & AI,microsoft outlook,0,15,-15,NO
Data & AI,mentor,0,15,-15,NO
Data & AI,general ledger accounts,0,15,-15,NO
Data & AI,teaching,0,15,-15,NO
Data & AI,seaborn,0,15,-15,NO
Data & AI,text analysis,0,15,-15,NO
Data & AI,strong communication skills,0,15,-15,NO
Data & AI,hadoop,0,15,-15,NO
Data & AI,nosql,0,15,-15,NO
Data & AI,spss,0,15,-15,NO
Data & AI,jira,0,15,-15,NO
Data & AI,enterprise,0,15,-15,NO
Data & AI,pattern recognition,0,15,-15,NO
Data & AI,tax returns,0,15,-15,NO
Data & AI,internet explorer,0,15,-15,NO
Data & AI,strategic,0,15,-15,NO
Data & AI,modeling,0,15,-15,NO
Data & AI,data collection,0,15,-15,NO
Data & AI,bank reconciliation,0,15,-15,NO
Data & AI,focus,0,15,-15,NO
Data & AI,risk management,0,15,-15,NO
Data & AI,works,0,15,-15,NO
Data & AI,data modelling,0,15,-15,NO
Data & AI,physics,0,15,-15,NO
Data & AI,layout,0,15,-15,NO
Data & AI,text analytics,0,15,-15,NO
Data & AI,product development,0,15,-15,NO
Data & AI,software engineer,0,15,-15,NO
Data & AI,laser,0,15,-15,NO
Data & AI,mentoring,0,15,-15,NO
Data & AI,transportation,0,15,-15,NO
Data & AI,hvac,0,15,-15,NO
Data & AI,spark,0,15,-15,NO
Data & AI,accounting system,0,15,-15,NO
Data & AI,complex problem solving,0,15,-15,NO
Data & AI,regression analysis,0,15,-15,NO
Data & AI,taxes,0,15,-15,NO
Data & AI,accounts receivables,0,15,-15,NO
Data & AI,approach,0,15,-15,NO
Data & AI,continuous improvement,0,15,-15,NO
Data & AI,messaging,0,15,-15,NO
Data & AI,oop,0,15,-15,NO
Data & AI,http,0,15,-15,NO
Data & AI,ms excel,0,15,-15,NO
Data & AI,customer relationship management,0,15,-15,NO
Data & AI,text mining,0,15,-15,NO
Data & AI,power point,0,15,-15,NO
Data & AI,instructor,0,15,-15,NO
Data & AI,ftp,0,15,-15,NO
Data & AI,maintenance,0,15,-15,NO
Data & AI,troubleshoot,0,15,-15,NO
Data & AI,coding,0,15,-15,NO
Data & AI,scikit-learn,0,15,-15,NO
Data & AI,cad,0,15,-15,NO
Data & AI,account reconciliation,0,15,-15,NO
Data & AI,customer satisfaction,0,15,-15,NO
Data & AI,financials,0,15,-15,NO
Data & AI,administrative,0,15,-15,NO
Data & AI,retail,0,15,-15,NO
Data & AI,direction,0,15,-15,NO
Data & AI,schematics,0,15,-15,NO
Data & AI,test equipment,0,15,-15,NO
Data & AI,ar,0,15,-15,NO
Data & AI,controller,0,15,-15,NO
Data & AI,business analyst,0,15,-15,NO
Data & AI,information technology,0,15,-15,NO
Data & AI,electrical systems,0,15,-15,NO
Data & AI,cli,0,15,-15,NO
Data & AI,plc,0,15,-15,NO
Data & AI,migration,0,15,-15,NO
Data & AI,routers,0,15,-15,NO
Data & AI,electronics,0,15,-15,NO
Data & AI,hr,0,15,-15,NO
Data & AI,payables,0,15,-15,NO
Data & AI,spreadsheet,0,15,-15,NO
Data & AI,specification,0,15,-15,NO
Data & AI,team lead,0,15,-15,NO
Data & AI,accruals,0,15,-15,NO
Data & AI,read,0,15,-15,NO
Data & AI,record keeping,0,15,-15,NO
Data & AI,balance,0,18,-18,NO
Data & AI,microsoft powerpoint,0,18,-18,NO
Data & AI,workflow,0,18,-18,NO
Data & AI,advertising,0,18,-18,NO
Data & AI,account reconciliation expert,0,18,-18,NO
Data & AI,assembly,0,18,-18,NO
Data & AI,servers,0,18,-18,NO
Data & AI,2000,0,18,-18,NO
Data & AI,cash flow,0,18,-18,NO
Data & AI,labview,0,18,-18,NO
Data & AI,team player,0,18,-18,NO
Data & AI,bookkeeping,0,18,-18,NO
Data & AI,spreadsheets,0,18,-18,NO
Data & AI,dc,0,18,-18,NO
Data & AI,gui,0,18,-18,NO
Data & AI,microsoft office suite,0,18,-18,NO
Data & AI,drawing,0,18,-18,NO
Data & AI,clerical,0,18,-18,NO
Data & AI,gl,0,18,-18,NO
Data & AI,problem solving,0,18,-18,NO
Data & AI,program management,0,18,-18,NO
Data & AI,solidworks,0,18,-18,NO
Data & AI,calibration,0,18,-18,NO
Data & AI,crm,0,18,-18,NO
Data & AI,reconciling,0,18,-18,NO
Data & AI,lan,0,18,-18,NO
Data & AI,auditing,0,18,-18,NO
Data & AI,broadcast,0,18,-18,NO
Data & AI,backup,0,18,-18,NO
Data & AI,business objects,0,18,-18,NO
Data & AI,sage,0,18,-18,NO
Data & AI,utilities,0,18,-18,NO
Data & AI,coaching,0,18,-18,NO
Data & AI,minitab,0,18,-18,NO
Data & AI,pricing,0,18,-18,NO
Data & AI,book,0,18,-18,NO
Data & AI,simulation,0,18,-18,NO
Data & AI,hive,0,18,-18,NO
Data & AI,json,0,18,-18,NO
Data & AI,benefits,0,18,-18,NO
Data & AI,sas,0,18,-18,NO
Data & AI,database management,0,18,-18,NO
Data & AI,administrative support,0,18,-18,NO
Data & AI,editing,0,18,-18,NO
Data & AI,docker,0,18,-18,NO
Data & AI,detail-oriented,0,18,-18,NO
Data & AI,page,0,18,-18,NO
Data & AI,team management,0,18,-18,NO
Data & AI,agency,0,18,-18,NO
Data & AI,networks,0,18,-18,NO
Data & AI,operations management,0,18,-18,NO
Data & AI,government,0,18,-18,NO
Data & AI,receiving,0,18,-18,NO
Data & AI,account management,0,18,-18,NO
Data & AI,content,0,18,-18,NO
Data & AI,strategic planning,0,20,-20,NO
Data & AI,critical thinking,0,21,-21,NO
Data & AI,ca,0,21,-21,NO
Data & AI,training,0,21,-21,NO
Data & AI,postgresql,0,21,-21,NO
Data & AI,requirement gathering,0,21,-21,NO
Data & AI,software developer,0,21,-21,NO
Data & AI,unix,0,21,-21,NO
Data & AI,san,0,21,-21,NO
Data & AI,php,0,21,-21,NO
Data & AI,predictive analytics,0,21,-21,NO
Data & AI,concept,0,21,-21,NO
Data & AI,optimization,0,21,-21,NO
Data & AI,account reconciliations,0,21,-21,NO
Data & AI,statistical modeling,0,21,-21,NO
Data & AI,mail,0,21,-21,NO
Data & AI,staffing,0,21,-21,NO
Data & AI,lean manufacturing,0,21,-21,NO
Data & AI,microsoft project,0,21,-21,NO
Data & AI,drafting,0,21,-21,NO
Data & AI,clustering,0,21,-21,NO
Data & AI,real estate,0,21,-21,NO
Data & AI,legal,0,21,-21,NO
Data & AI,time series analysis,0,21,-21,NO
Data & AI,strategy,0,21,-21,NO
Data & AI,ledger,0,24,-24,NO
Data & AI,scrum,0,24,-24,NO
Data & AI,bank reconciliations,0,24,-24,NO
Data & AI,xml,0,24,-24,NO
Data & AI,financial analysis,0,24,-24,NO
Data & AI,data entry,0,24,-24,NO
Data & AI,flask,0,24,-24,NO
Data & AI,english,0,24,-24,NO
Data & AI,financial reporting,0,24,-24,NO
Data & AI,telephone,0,24,-24,NO
Data & AI,statistics,0,24,-24,NO
Data & AI,basic,0,24,-24,NO
Data & AI,six sigma,0,24,-24,NO
Data & AI,django,0,24,-24,NO
Data & AI,funds,0,24,-24,NO
Data & AI,visual basic,0,24,-24,NO
Data & AI,senior management,0,24,-24,NO
Data & AI,api,0,24,-24,NO
Data & AI,sharepoint,0,24,-24,NO
Data & AI,presentations,0,24,-24,NO
Data & AI,com,0,24,-24,NO
Data & AI,opencv,0,24,-24,NO
Data & AI,image processing,0,24,-24,NO
Data & AI,email,0,24,-24,NO
Data & AI,accountant,0,24,-24,NO
Data & AI,inventory control,0,24,-24,NO
Data & AI,written,0,24,-24,NO
Data & AI,video,0,27,-27,NO
Data & AI,microsoft access,0,27,-27,NO
Data & AI,machinery,0,27,-27,NO
Data & AI,accounts receivable,0,27,-27,NO
Data & AI,shipping,0,27,-27,NO
Data & AI,validation,0,27,-27,NO
Data & AI,designing,0,27,-27,NO
Data & AI,quality control,0,27,-27,NO
Data & AI,peachtree,0,27,-27,NO
Data & AI,filing,0,27,-27,NO
Data & AI,business development,0,27,-27,NO
Data & AI,programming,0,27,-27,NO
Data & AI,nlp,0,27,-27,NO
Data & AI,algorithms,0,27,-27,NO
Data & AI,software engineering,0,27,-27,NO
Data & AI,procurement,0,27,-27,NO
Data & AI,year-end,0,27,-27,NO
Data & AI,logistics,0,30,-30,NO
Data & AI,banking,0,30,-30,NO
Data & AI,time management,0,30,-30,NO
Data & AI,phone,0,30,-30,NO
Data & AI,financial reports,0,30,-30,NO
Data & AI,automation,0,30,-30,NO
Data & AI,engineer,0,30,-30,NO
Data & AI,repairs,0,30,-30,NO
Data & AI,consulting,0,30,-30,NO
Data & AI,process improvement,0,33,-33,NO
Data & AI,forecasting,0,33,-33,NO
Data & AI,technical support,0,33,-33,NO
Data & AI,mongodb,0,33,-33,NO
Data & AI,purchasing,0,33,-33,NO
Data & AI,logistic regression,0,33,-33,NO
Data & AI,market,0,33,-33,NO
Data & AI,network,0,33,-33,NO
Data & AI,tax,0,33,-33,NO
Data & AI,oracle,0,33,-33,NO
Data & AI,data modeling,0,33,-33,NO
Data & AI,networking,0,33,-33,NO
Data & AI,mechanical,0,33,-33,NO
Data & AI,meetings,0,36,-36,NO
Data & AI,predictive modeling,0,36,-36,NO
Data & AI,microsoft word,0,36,-36,NO
Data & AI,supervision,0,36,-36,NO
Data & AI,business intelligence,0,36,-36,NO
Data & AI,scikit learn,0,36,-36,NO
Data & AI,neural networks,0,36,-36,NO
Data & AI,aws,0,36,-36,NO
Data & AI,c#,0,39,-39,NO
Data & AI,microsoft excel,0,39,-39,NO
Data & AI,powerbi,0,39,-39,NO
Data & AI,data structures,0,39,-39,NO
Data & AI,git,0,39,-39,NO
Data & AI,inspection,0,39,-39,NO
Data & AI,proposals,0,39,-39,NO
Data & AI,balance sheet,0,39,-39,NO
Data & AI,business analytics,0,39,-39,NO
Data & AI,delivery,0,39,-39,NO
Data & AI,fixed assets,0,39,-39,NO
Data & AI,pyspark,0,39,-39,NO
Data & AI,functional,0,42,-42,NO
Data & AI,payroll,0,42,-42,NO
Data & AI,quality assurance,0,42,-42,NO
Data & AI,keras,0,42,-42,NO
Data & AI,insurance,0,42,-42,NO
Data & AI,credit,0,42,-42,NO
Data & AI,managing,0,42,-42,NO
Data & AI,css,0,42,-42,NO
Data & AI,budgeting,0,42,-42,NO
Data & AI,statistical analysis,0,42,-42,NO
Data & AI,forms,0,45,-45,NO
Data & AI,accounts payable,0,45,-45,NO
Data & AI,hardware,0,45,-45,NO
Data & AI,closing,0,45,-45,NO
Data & AI,matplotlib,0,45,-45,NO
Data & AI,computer vision,0,48,-48,NO
Data & AI,finance,0,48,-48,NO
Data & AI,budgets,0,48,-48,NO
Data & AI,ms office,0,48,-48,NO
Data & AI,customer service,0,48,-48,NO
Data & AI,general ledger,0,48,-48,NO
Data & AI,marketing,0,50,-50,NO
Data & AI,data analyst,0,51,-51,NO
Data & AI,python,339,390,-51,NO
Data & AI,matlab,0,51,-51,NO
Data & AI,progress,0,51,-51,NO
Data & AI,pandas,0,51,-51,NO
Data & AI,leadership,0,51,-51,NO
Data & AI,linear regression,0,51,-51,NO
Data & AI,database,0,54,-54,NO
Data & AI,personnel,0,54,-54,NO
Data & AI,billing,0,54,-54,NO
Data & AI,javascript,0,54,-54,NO
Data & AI,safety,0,57,-57,NO
Data & AI,linux,0,57,-57,NO
Data & AI,scheduling,0,57,-57,NO
Data & AI,autocad,0,57,-57,NO
Data & AI,windows,0,57,-57,NO
Data & AI,troubleshooting,0,57,-57,NO
Data & AI,financial statements,0,60,-60,NO
Data & AI,reporting,0,63,-63,NO
Data & AI,materials,0,63,-63,NO
Data & AI,numpy,0,63,-63,NO
Data & AI,html,0,66,-66,NO
Data & AI,office,0,66,-66,NO
Data & AI,r,0,66,-66,NO
Data & AI,data visualization,0,66,-66,NO
Data & AI,mysql,0,69,-69,NO
Data & AI,client,0,69,-69,NO
Data & AI,research,0,69,-69,NO
Data & AI,policies,0,69,-69,NO
Data & AI,quickbooks,0,72,-72,NO
Data & AI,contracts,0,75,-75,NO
Data & AI,financial,0,75,-75,NO
Data & AI,word,0,77,-77,NO
Data & AI,inventory,0,78,-78,NO
Data & AI,budget,0,78,-78,NO
Data & AI,sap,0,78,-78,NO
Data & AI,access,0,78,-78,NO
Data & AI,quality,0,81,-81,NO
Data & AI,clients,0,81,-81,NO
Data & AI,c,0,84,-84,NO
Data & AI,data mining,0,87,-87,NO
Data & AI,processes,0,87,-87,NO
Data & AI,powerpoint,0,87,-87,NO
Data & AI,outlook,0,89,-89,NO
Data & AI,accounting,0,90,-90,NO
Data & AI,tableau,0,90,-90,NO
Data & AI,microsoft office,0,90,-90,NO
Data & AI,project management,0,99,-99,NO
Data & AI,data science,0,99,-99,NO
Data & AI,documentation,0,102,-102,NO
Data & AI,artificial intelligence,0,105,-105,NO
Data & AI,sales,0,114,-114,NO
Data & AI,natural language processing,0,117,-117,NO
Data & AI,c++,0,126,-126,NO
Data & AI,deep learning,0,162,-162,NO
Data & AI,data analysis,0,168,-168,NO
Data & AI,excel,0,179,-179,NO
Data & AI,machine learning,0,369,-369,NO
Finance & Audit,vat and tax,339,0,339,YES
Finance & Audit,having cacc from reputed ca firm,339,0,339,YES
Finance & Audit,audit and inspection,339,0,339,YES
Finance & Audit,internal audit,339,0,339,YES
Finance & Audit,internal audit and compliance,339,0,339,YES
Finance & Audit,banking,339,30,309,YES
Finance & Audit,brand development,0,3,-3,NO
Finance & Audit,problem resolution,0,3,-3,NO
Finance & Audit,mortgage,0,3,-3,NO
Finance & Audit,3d printing,0,3,-3,NO
Finance & Audit,pentaho,0,3,-3,NO
Finance & Audit,erp (alliance,0,3,-3,NO
Finance & Audit,frontend,0,3,-3,NO
Finance & Audit,product and service sales,0,3,-3,NO
Finance & Audit,worked with management to document and offset unusual expense variances in their respective areas.,0,3,-3,NO
Finance & Audit,wap,0,3,-3,NO
Finance & Audit,workforce management systems,0,3,-3,NO
Finance & Audit,pos systems: micros,0,3,-3,NO
Finance & Audit,host software,0,3,-3,NO
Finance & Audit,microsoft windows 10,0,3,-3,NO
Finance & Audit,ssis,0,3,-3,NO
Finance & Audit,cbmet,0,3,-3,NO
Finance & Audit,coordination,0,3,-3,NO
Finance & Audit,hardware: dell,0,3,-3,NO
Finance & Audit,microsoft (ms) access,0,3,-3,NO
Finance & Audit,rfi,0,3,-3,NO
Finance & Audit,wan,0,3,-3,NO
Finance & Audit,google calendar,0,3,-3,NO
Finance & Audit,lock-out/tag-out,0,3,-3,NO
Finance & Audit,scorecard,0,3,-3,NO
Finance & Audit,patience,0,3,-3,NO
Finance & Audit,5s expert,0,3,-3,NO
Finance & Audit,excellent problem solver,0,3,-3,NO
Finance & Audit,peachtree accounting,0,3,-3,NO
Finance & Audit,develop products in consumer electronics,0,3,-3,NO
Finance & Audit,troubleshooting and problem solving,0,3,-3,NO
Finance & Audit,multidisciplinary exposure,0,3,-3,NO
Finance & Audit,tera term,0,3,-3,NO
Finance & Audit,flexible,0,3,-3,NO
Finance & Audit,customer care and satisfaction,0,3,-3,NO
Finance & Audit,individual tax returns,0,3,-3,NO
Finance & Audit,motivated,0,3,-3,NO
Finance & Audit,vehicle ergonomics,0,3,-3,NO
Finance & Audit,manufacturing process development and improvement,0,3,-3,NO
Finance & Audit,git-lab,0,3,-3,NO
Finance & Audit,preparation of financial reports,0,3,-3,NO
Finance & Audit,xp,0,3,-3,NO
Finance & Audit,xpert,0,3,-3,NO
Finance & Audit,dhcp/dns ethernet and firewall proficient,0,3,-3,NO
Finance & Audit,superior research skills,0,3,-3,NO
Finance & Audit,biotechnology,0,3,-3,NO
Finance & Audit,identifies vendors requiring an irs form 1099 and prepares the form and transmittal,0,3,-3,NO
Finance & Audit,windows vista,0,3,-3,NO
Finance & Audit,aardwolf,0,3,-3,NO
Finance & Audit,iis 5,0,3,-3,NO
Finance & Audit,software systems engineering,0,3,-3,NO
Finance & Audit,raspberry pi,0,3,-3,NO
Finance & Audit,detail drawings,0,3,-3,NO
Finance & Audit,six sigma certified,0,3,-3,NO
Finance & Audit,general ledger proficiency,0,3,-3,NO
Finance & Audit,estimation,0,3,-3,NO
Finance & Audit,laboratory testing,0,3,-3,NO
Finance & Audit,fm,0,3,-3,NO
Finance & Audit,automation tools - design and implement,0,3,-3,NO
Finance & Audit,business process management,0,3,-3,NO
Finance & Audit,edit,0,3,-3,NO
Finance & Audit,windows platforms programming,0,3,-3,NO
Finance & Audit,assist,0,3,-3,NO
Finance & Audit,peoplesoft hrms,0,3,-3,NO
Finance & Audit,sap),0,3,-3,NO
Finance & Audit,algebra,0,3,-3,NO
Finance & Audit,for selling,0,3,-3,NO
Finance & Audit,design for manufacturing,0,3,-3,NO
Finance & Audit,test tools,0,3,-3,NO
Finance & Audit,pl/pgsql,0,3,-3,NO
Finance & Audit,interpersonal communication skills,0,3,-3,NO
Finance & Audit,pearl,0,3,-3,NO
Finance & Audit,user experience,0,3,-3,NO
Finance & Audit,demonstrated organizational/planning skills,0,3,-3,NO
Finance & Audit,software development skills,0,3,-3,NO
Finance & Audit,apple computers,0,3,-3,NO
Finance & Audit,ibm-pc,0,3,-3,NO
Finance & Audit,test engineer,0,3,-3,NO
Finance & Audit,linux programming,0,3,-3,NO
Finance & Audit,interpretation,0,3,-3,NO
Finance & Audit,overall sales,0,3,-3,NO
Finance & Audit,office suite,0,3,-3,NO
Finance & Audit,processing payments,0,3,-3,NO
Finance & Audit,sentiment analysis,0,3,-3,NO
Finance & Audit,installation and configuration of peripherals,0,3,-3,NO
Finance & Audit,ii,0,3,-3,NO
Finance & Audit,oracle database,0,3,-3,NO
Finance & Audit,document control,0,3,-3,NO
Finance & Audit,i-max,0,3,-3,NO
Finance & Audit,chill,0,3,-3,NO
Finance & Audit,a/r,0,3,-3,NO
Finance & Audit,sublime 2,0,3,-3,NO
Finance & Audit,ms office applications,0,3,-3,NO
Finance & Audit,client support,0,3,-3,NO
Finance & Audit,self-starter & self-motivated,0,3,-3,NO
Finance & Audit,white box testing,0,3,-3,NO
Finance & Audit,pillow,0,3,-3,NO
Finance & Audit,catalysis,0,3,-3,NO
Finance & Audit,microsoft rdp,0,3,-3,NO
Finance & Audit,retention,0,3,-3,NO
Finance & Audit,investment research,0,3,-3,NO
Finance & Audit,facilities management,0,3,-3,NO
Finance & Audit,salesforce / crm,0,3,-3,NO
Finance & Audit,3dsmax,0,3,-3,NO
Finance & Audit,mp4,0,3,-3,NO
Finance & Audit,sarbanes oxley,0,3,-3,NO
Finance & Audit,marketing collateral,0,3,-3,NO
Finance & Audit,business to customer,0,3,-3,NO
Finance & Audit,microsoft windows nt server,0,3,-3,NO
Finance & Audit,cics,0,3,-3,NO
Finance & Audit,exceptional telephone etiquette,0,3,-3,NO
Finance & Audit,industrial automation,0,3,-3,NO
Finance & Audit,regression testing,0,3,-3,NO
Finance & Audit,dukpt,0,3,-3,NO
Finance & Audit,exploratory data analysis,0,3,-3,NO
Finance & Audit,windows 95 - xp,0,3,-3,NO
Finance & Audit,layout design,0,3,-3,NO
Finance & Audit,plc 5,0,3,-3,NO
Finance & Audit,differential equations,0,3,-3,NO
Finance & Audit,accounts receivable professional,0,3,-3,NO
Finance & Audit,oss,0,3,-3,NO
Finance & Audit,engineer-in-training,0,3,-3,NO
Finance & Audit,suspension and alignment,0,3,-3,NO
Finance & Audit,of sales,0,3,-3,NO
Finance & Audit,interpersonal communication,0,3,-3,NO
Finance & Audit,profit and loss,0,3,-3,NO
Finance & Audit,jd edwards/as 400,0,3,-3,NO
Finance & Audit,college math,0,3,-3,NO
Finance & Audit,indesign,0,3,-3,NO
Finance & Audit,excellent written,0,3,-3,NO
Finance & Audit,very organized,0,3,-3,NO
Finance & Audit,data preparation,0,3,-3,NO
Finance & Audit,electrical component repair,0,3,-3,NO
Finance & Audit,ios9,0,3,-3,NO
Finance & Audit,osha regulations,0,3,-3,NO
Finance & Audit,laravel,0,3,-3,NO
Finance & Audit,manufacturing,0,3,-3,NO
Finance & Audit,speakers),0,3,-3,NO
Finance & Audit,reduce waste,0,3,-3,NO
Finance & Audit,financial controls,0,3,-3,NO
Finance & Audit,windows 9.x,0,3,-3,NO
Finance & Audit,solomon,0,3,-3,NO
Finance & Audit,help desk support,0,3,-3,NO
Finance & Audit,effective leader,0,3,-3,NO
Finance & Audit,analog and digital circuitry,0,3,-3,NO
Finance & Audit,method development,0,3,-3,NO
Finance & Audit,file maintenance,0,3,-3,NO
Finance & Audit,clarify,0,3,-3,NO
Finance & Audit,powershell,0,3,-3,NO
Finance & Audit,drilling- tapping,0,3,-3,NO
Finance & Audit,vpn/remote connectivity - openvpn,0,3,-3,NO
Finance & Audit,team building & leadership,0,3,-3,NO
Finance & Audit,excellent facilitator,0,3,-3,NO
Finance & Audit,forward-thinking mindset,0,3,-3,NO
Finance & Audit,prolith (modeling),0,3,-3,NO
Finance & Audit,iia,0,3,-3,NO
Finance & Audit,focus integrated erp software for retail garment stores,0,3,-3,NO
Finance & Audit,physics i,0,3,-3,NO
Finance & Audit,re-engineering,0,3,-3,NO
Finance & Audit,organizational and planning skills,0,3,-3,NO
Finance & Audit,solidworks 2005,0,3,-3,NO
Finance & Audit,emv systems : btt (ul),0,3,-3,NO
Finance & Audit,bluehill testing software,0,3,-3,NO
Finance & Audit,market analysis/competitive positioning,0,3,-3,NO
Finance & Audit,data analysis techniques,0,3,-3,NO
Finance & Audit,lotus sametime,0,3,-3,NO
Finance & Audit,voice over ip telephone,0,3,-3,NO
Finance & Audit,data handling,0,3,-3,NO
Finance & Audit,web design technology,0,3,-3,NO
Finance & Audit,lx,0,3,-3,NO
Finance & Audit,energy manager,0,3,-3,NO
Finance & Audit,saas,0,3,-3,NO
Finance & Audit,human resource management,0,3,-3,NO
Finance & Audit,windows nt,0,3,-3,NO
Finance & Audit,office switchphone,0,3,-3,NO
Finance & Audit,including ordering and canceling cards,0,3,-3,NO
Finance & Audit,msra,0,3,-3,NO
Finance & Audit,statistical solutions,0,3,-3,NO
Finance & Audit,featurization,0,3,-3,NO
Finance & Audit,phoenix (e1),0,3,-3,NO
Finance & Audit,verbal communication,0,3,-3,NO
Finance & Audit,ms office: outlook,0,3,-3,NO
Finance & Audit,advanced presentation,0,3,-3,NO
Finance & Audit,spc++,0,3,-3,NO
Finance & Audit,create circuits with multisim cad software,0,3,-3,NO
Finance & Audit,analysis of algorithms,0,3,-3,NO
Finance & Audit,adc,0,3,-3,NO
Finance & Audit,sc,0,3,-3,NO
Finance & Audit,dynamic ax,0,3,-3,NO
Finance & Audit,visual studio 2008-2010,0,3,-3,NO
Finance & Audit,fasb & gaap standards,0,3,-3,NO
Finance & Audit,image scanner asset manager -10-key,0,3,-3,NO
Finance & Audit,business consulting,0,3,-3,NO
Finance & Audit,naval,0,3,-3,NO
Finance & Audit,fetch,0,3,-3,NO
Finance & Audit,company platforms: eagle,0,3,-3,NO
Finance & Audit,microsoft accounting office,0,3,-3,NO
Finance & Audit,computer proficient,0,3,-3,NO
Finance & Audit,interpersonal and communication,0,3,-3,NO
Finance & Audit,quick on my feet & with my hands,0,3,-3,NO
Finance & Audit,professor,0,3,-3,NO
Finance & Audit,fas asset accounting,0,3,-3,NO
Finance & Audit,competency in procedure development,0,3,-3,NO
Finance & Audit,troubleshooting i,0,3,-3,NO
Finance & Audit,developed reconciliation format,0,3,-3,NO
Finance & Audit,power supply,0,3,-3,NO
Finance & Audit,performed debit,0,3,-3,NO
Finance & Audit,vast technical knowledge,0,3,-3,NO
Finance & Audit,diagnostic software utilities,0,3,-3,NO
Finance & Audit,client-focused,0,3,-3,NO
Finance & Audit,cli knowledge,0,3,-3,NO
Finance & Audit,received,0,3,-3,NO
Finance & Audit,tools of operations research,0,3,-3,NO
Finance & Audit,superb communication skills,0,3,-3,NO
Finance & Audit,operating systems: xp windows professional / windows 7/ windows 8,0,3,-3,NO
Finance & Audit,network systems,0,3,-3,NO
Finance & Audit,test scripts,0,3,-3,NO
Finance & Audit,advanced anatomy knowledge,0,3,-3,NO
Finance & Audit,microsoft virtual pc/hyper-v,0,3,-3,NO
Finance & Audit,pc repair,0,3,-3,NO
Finance & Audit,revenue recognition,0,3,-3,NO
Finance & Audit,proficient in avg,0,3,-3,NO
Finance & Audit,calculus,0,3,-3,NO
Finance & Audit,cash-flow,0,3,-3,NO
Finance & Audit,parameter tuning,0,3,-3,NO
Finance & Audit,needs analysis,0,3,-3,NO
Finance & Audit,vmware workstation,0,3,-3,NO
Finance & Audit,critical thinker,0,3,-3,NO
Finance & Audit,hboc,0,3,-3,NO
Finance & Audit,estimate,0,3,-3,NO
Finance & Audit,complex problem solver,0,3,-3,NO
Finance & Audit,osx,0,3,-3,NO
Finance & Audit,pluming,0,3,-3,NO
Finance & Audit,pc security systems,0,3,-3,NO
Finance & Audit,firefox,0,3,-3,NO
Finance & Audit,adobe indesign,0,3,-3,NO
Finance & Audit,supervision and training,0,3,-3,NO
Finance & Audit,facet,0,3,-3,NO
Finance & Audit,customer services,0,3,-3,NO
Finance & Audit,business systems analysis,0,3,-3,NO
Finance & Audit,generally accepted accounting principles,0,3,-3,NO
Finance & Audit,producer,0,3,-3,NO
Finance & Audit,budget planning,0,3,-3,NO
Finance & Audit,aramark service trained on ge 9600,0,3,-3,NO
Finance & Audit,embedded linux,0,3,-3,NO
Finance & Audit,excellent verbal and written communication skills,0,3,-3,NO
Finance & Audit,memtest86,0,3,-3,NO
Finance & Audit,project analysis,0,3,-3,NO
Finance & Audit,8d,0,3,-3,NO
Finance & Audit,full life cycle,0,3,-3,NO
Finance & Audit,marketing plans,0,3,-3,NO
Finance & Audit,erp (enterprise resource planning) software,0,3,-3,NO
Finance & Audit,management skills,0,3,-3,NO
Finance & Audit,shielded pair and coaxial,0,3,-3,NO
Finance & Audit,mathematical modelling,0,3,-3,NO
Finance & Audit,mckesson,0,3,-3,NO
Finance & Audit,skilled in the operation of networks,0,3,-3,NO
Finance & Audit,market basket analysis,0,3,-3,NO
Finance & Audit,python developer,0,3,-3,NO
Finance & Audit,data exploration,0,3,-3,NO
Finance & Audit,business plan,0,3,-3,NO
Finance & Audit,tensorflow keras,0,3,-3,NO
Finance & Audit,project management methodologies: agile,0,3,-3,NO
Finance & Audit,internet,0,3,-3,NO
Finance & Audit,well organized,0,3,-3,NO
Finance & Audit,hands on training: electrical,0,3,-3,NO
Finance & Audit,risk assessment & tracking,0,3,-3,NO
Finance & Audit,wiring/wire spicing: cat3,0,3,-3,NO
Finance & Audit,logic analyzer,0,3,-3,NO
Finance & Audit,filling,0,3,-3,NO
Finance & Audit,tax accounting,0,3,-3,NO
Finance & Audit,sparkocr,0,3,-3,NO
Finance & Audit,emv tags,0,3,-3,NO
Finance & Audit,qa/qm,0,3,-3,NO
Finance & Audit,graphic design,0,3,-3,NO
Finance & Audit,presales,0,3,-3,NO
Finance & Audit,systems integration,0,3,-3,NO
Finance & Audit,aderant/cms,0,3,-3,NO
Finance & Audit,compliance management,0,3,-3,NO
Finance & Audit,home office,0,3,-3,NO
Finance & Audit,project management & execution,0,3,-3,NO
Finance & Audit,order management,0,3,-3,NO
Finance & Audit,project coordinator,0,3,-3,NO
Finance & Audit,community outreach,0,3,-3,NO
Finance & Audit,comprehensive large array data stewardship system,0,3,-3,NO
Finance & Audit,xilinx ise,0,3,-3,NO
Finance & Audit,speak,0,3,-3,NO
Finance & Audit,capital markets,0,3,-3,NO
Finance & Audit,rtos - os9,0,3,-3,NO
Finance & Audit,business and requirements analysis,0,3,-3,NO
Finance & Audit,unsupervised learning,0,3,-3,NO
Finance & Audit,gse,0,3,-3,NO
Finance & Audit,sound,0,3,-3,NO
Finance & Audit,train employees,0,3,-3,NO
Finance & Audit,active-listening,0,3,-3,NO
Finance & Audit,graphics and design,0,3,-3,NO
Finance & Audit,xcode,0,3,-3,NO
Finance & Audit,experienced manager,0,3,-3,NO
Finance & Audit,trello,0,3,-3,NO
Finance & Audit,bounded rationality,0,3,-3,NO
Finance & Audit,patient and diligent,0,3,-3,NO
Finance & Audit,powerpoint presentations,0,3,-3,NO
Finance & Audit,infolease for lease and financial accounting & citconnect research,0,3,-3,NO
Finance & Audit,mas,0,3,-3,NO
Finance & Audit,know-your-consumer (kyc),0,3,-3,NO
Finance & Audit,strong written and verbal communication skills,0,3,-3,NO
Finance & Audit,fiber brains,0,3,-3,NO
Finance & Audit,collaborating with stakeholders - roadmap,0,3,-3,NO
Finance & Audit,office master system,0,3,-3,NO
Finance & Audit,asp),0,3,-3,NO
Finance & Audit,java programming,0,3,-3,NO
Finance & Audit,assisted living,0,3,-3,NO
Finance & Audit,general ledger accounting skills,0,3,-3,NO
Finance & Audit,web developer,0,3,-3,NO
Finance & Audit,sonet,0,3,-3,NO
Finance & Audit,ifixit pro tech toolkit,0,3,-3,NO
Finance & Audit,company platforms: business objects,0,3,-3,NO
Finance & Audit,through-hole,0,3,-3,NO
Finance & Audit,computer peripherals,0,3,-3,NO
Finance & Audit,instruction list.),0,3,-3,NO
Finance & Audit,broadpos,0,3,-3,NO
Finance & Audit,protocols execution,0,3,-3,NO
Finance & Audit,us gaap principles,0,3,-3,NO
Finance & Audit,production and engineering management,0,3,-3,NO
Finance & Audit,construct,0,3,-3,NO
Finance & Audit,chromeos,0,3,-3,NO
Finance & Audit,lasso regression,0,3,-3,NO
Finance & Audit,ms,0,3,-3,NO
Finance & Audit,tax slayer,0,3,-3,NO
Finance & Audit,microsoft technologies,0,3,-3,NO
Finance & Audit,mediation expertise,0,3,-3,NO
Finance & Audit,toshiba certified service trained on vantage 1.5 t 8 channel mri,0,3,-3,NO
Finance & Audit,fannie mae,0,3,-3,NO
Finance & Audit,gaap understanding,0,3,-3,NO
Finance & Audit,computer graphics,0,3,-3,NO
Finance & Audit,radiography,0,3,-3,NO
Finance & Audit,full finish,0,3,-3,NO
Finance & Audit,design optimization),0,3,-3,NO
Finance & Audit,e-business,0,3,-3,NO
Finance & Audit,requestnet,0,3,-3,NO
Finance & Audit,e-learning,0,3,-3,NO
Finance & Audit,architectural drafting,0,3,-3,NO
Finance & Audit,waterfall,0,3,-3,NO
Finance & Audit,basic knowledge of microsoft powerpoint and excel,0,3,-3,NO
Finance & Audit,electronic & mechanical technology,0,3,-3,NO
Finance & Audit,quickbooks software,0,3,-3,NO
Finance & Audit,cd-roms,0,3,-3,NO
Finance & Audit,various testing equipment,0,3,-3,NO
Finance & Audit,business process,0,3,-3,NO
Finance & Audit,microcontrollers,0,3,-3,NO
Finance & Audit,low voltage power consumption,0,3,-3,NO
Finance & Audit,strong collaborative skills,0,3,-3,NO
Finance & Audit,quality assurance/control,0,3,-3,NO
Finance & Audit,manages the corporate visa accounts for managers and volunteers,0,3,-3,NO
Finance & Audit,marketing research,0,3,-3,NO
Finance & Audit,product improvement,0,3,-3,NO
Finance & Audit,application analysis,0,3,-3,NO
Finance & Audit,linksys,0,3,-3,NO
Finance & Audit,software engineer/developer,0,3,-3,NO
Finance & Audit,engineering ethics,0,3,-3,NO
Finance & Audit,motivation and initiative,0,3,-3,NO
Finance & Audit,responsible for maintaining fixed assets and prepaid sub-ledger accounts,0,3,-3,NO
Finance & Audit,driving license,0,3,-3,NO
Finance & Audit,usb,0,3,-3,NO
Finance & Audit,developing other business analyst,0,3,-3,NO
Finance & Audit,erp/accounting systems proficiency,0,3,-3,NO
Finance & Audit,gdb,0,3,-3,NO
Finance & Audit,microsoft teams,0,3,-3,NO
Finance & Audit,architecting best practice technical solutions,0,3,-3,NO
Finance & Audit,sequential analysis,0,3,-3,NO
Finance & Audit,active learning,0,3,-3,NO
Finance & Audit,rcm,0,3,-3,NO
Finance & Audit,brake systems expertise,0,3,-3,NO
Finance & Audit,real estate p.m.a.s.,0,3,-3,NO
Finance & Audit,spc,0,3,-3,NO
Finance & Audit,proactive and energetic,0,3,-3,NO
Finance & Audit,inventory management and control,0,3,-3,NO
Finance & Audit,market evaluation,0,3,-3,NO
Finance & Audit,collection,0,3,-3,NO
Finance & Audit,patient safety,0,3,-3,NO
Finance & Audit,sage fas,0,3,-3,NO
Finance & Audit,dexterous with hand tools,0,3,-3,NO
Finance & Audit,ad copy,0,3,-3,NO
Finance & Audit,windows installation usb/dvd,0,3,-3,NO
Finance & Audit,call center,0,3,-3,NO
Finance & Audit,xilinx vivado,0,3,-3,NO
Finance & Audit,risk mitigation planning,0,3,-3,NO
Finance & Audit,oracle 8i,0,3,-3,NO
Finance & Audit,source evaluation and selection,0,3,-3,NO
Finance & Audit,interoperability,0,3,-3,NO
Finance & Audit,technical review,0,3,-3,NO
Finance & Audit,related skills,0,3,-3,NO
Finance & Audit,identify electronic components and schematic symbols,0,3,-3,NO
Finance & Audit,solution design,0,3,-3,NO
Finance & Audit,aaa security model,0,3,-3,NO
Finance & Audit,bind,0,3,-3,NO
Finance & Audit,fire protection,0,3,-3,NO
Finance & Audit,microsoft office software,0,3,-3,NO
Finance & Audit,ad hoc,0,3,-3,NO
Finance & Audit,3d modeling,0,3,-3,NO
Finance & Audit,dashboards,0,3,-3,NO
Finance & Audit,operating system knowledge,0,3,-3,NO
Finance & Audit,sales presentations,0,3,-3,NO
Finance & Audit,tapscan,0,3,-3,NO
Finance & Audit,configuration management,0,3,-3,NO
Finance & Audit,validation process specialist,0,3,-3,NO
Finance & Audit,ccna,0,3,-3,NO
Finance & Audit,public accounting,0,3,-3,NO
Finance & Audit,netsuite,0,3,-3,NO
Finance & Audit,acronis true image,0,3,-3,NO
Finance & Audit,initiative to work independent,0,3,-3,NO
Finance & Audit,excellent customer service skills.,0,3,-3,NO
Finance & Audit,sccm 2012 ios-mdm,0,3,-3,NO
Finance & Audit,gshell,0,3,-3,NO
Finance & Audit,art,0,3,-3,NO
Finance & Audit,and wearables. iphones and ipads. printers,0,3,-3,NO
Finance & Audit,dotnet,0,3,-3,NO
Finance & Audit,web-based,0,3,-3,NO
Finance & Audit,groupwise,0,3,-3,NO
Finance & Audit,macintosh,0,3,-3,NO
Finance & Audit,microsoft office including word,0,3,-3,NO
Finance & Audit,portuguese (fluent),0,3,-3,NO
Finance & Audit,principal component analysis,0,3,-3,NO
Finance & Audit,frame,0,3,-3,NO
Finance & Audit,microprocessors,0,3,-3,NO
Finance & Audit,along with other finance department staff,0,3,-3,NO
Finance & Audit,ibm spss,0,3,-3,NO
Finance & Audit,knn,0,3,-3,NO
Finance & Audit,ms powerpoint,0,3,-3,NO
Finance & Audit,issue resolution,0,3,-3,NO
Finance & Audit,easy power,0,3,-3,NO
Finance & Audit,bi360 (businessintelligence tool),0,3,-3,NO
Finance & Audit,engineering cost estimating,0,3,-3,NO
Finance & Audit,reliability sae standards,0,3,-3,NO
Finance & Audit,new hire orientation,0,3,-3,NO
Finance & Audit,classroom monitoring,0,3,-3,NO
Finance & Audit,visio),0,3,-3,NO
Finance & Audit,sharepoint & costpoint,0,3,-3,NO
Finance & Audit,c/python,0,3,-3,NO
Finance & Audit,tax software,0,3,-3,NO
Finance & Audit,executive management,0,3,-3,NO
Finance & Audit,process capability,0,3,-3,NO
Finance & Audit,doe (design of experiment),0,3,-3,NO
Finance & Audit,ingenico,0,3,-3,NO
Finance & Audit,energetic,0,3,-3,NO
Finance & Audit,webscrapping,0,3,-3,NO
Finance & Audit,fund accounting,0,3,-3,NO
Finance & Audit,solar pv systems design,0,3,-3,NO
Finance & Audit,works with that department manager in preparation of annual budget,0,3,-3,NO
Finance & Audit,negotiating skills,0,3,-3,NO
Finance & Audit,proposal,0,3,-3,NO
Finance & Audit,scanner,0,3,-3,NO
Finance & Audit,it skills (shopper,0,3,-3,NO
Finance & Audit,training and development,0,3,-3,NO
Finance & Audit,product design,0,3,-3,NO
Finance & Audit,product excellence,0,3,-3,NO
Finance & Audit,floor plans,0,3,-3,NO
Finance & Audit,abaqus,0,3,-3,NO
Finance & Audit,tirks,0,3,-3,NO
Finance & Audit,testing and commissioning planning and execution,0,3,-3,NO
Finance & Audit,process analysis,0,3,-3,NO
Finance & Audit,xa,0,3,-3,NO
Finance & Audit,skilled in the use of hand tools for repairing and installing electronics,0,3,-3,NO
Finance & Audit,quality management,0,3,-3,NO
Finance & Audit,mechanical technician,0,3,-3,NO
Finance & Audit,hardworking,0,3,-3,NO
Finance & Audit,electrical mechanical systems,0,3,-3,NO
Finance & Audit,embedded c,0,3,-3,NO
Finance & Audit,rehabilitation,0,3,-3,NO
Finance & Audit,10key by touch,0,3,-3,NO
Finance & Audit,microsoft word/excel,0,3,-3,NO
Finance & Audit,profit and loss account,0,3,-3,NO
Finance & Audit,defect detection,0,3,-3,NO
Finance & Audit,architect,0,3,-3,NO
Finance & Audit,pharmacy,0,3,-3,NO
Finance & Audit,pricing proposal development,0,3,-3,NO
Finance & Audit,hp alm quality center,0,3,-3,NO
Finance & Audit,document management testing,0,3,-3,NO
Finance & Audit,backend,0,3,-3,NO
Finance & Audit,mercurial,0,3,-3,NO
Finance & Audit,maintenance schedules,0,3,-3,NO
Finance & Audit,lean manufacturing and management,0,3,-3,NO
Finance & Audit,build teams,0,3,-3,NO
Finance & Audit,industrial machinery,0,3,-3,NO
Finance & Audit,contract negotiation,0,3,-3,NO
Finance & Audit,aci-prm,0,3,-3,NO
Finance & Audit,omb circular a-133,0,3,-3,NO
Finance & Audit,financial analyst,0,3,-3,NO
Finance & Audit,database servers,0,3,-3,NO
Finance & Audit,electrical engineer,0,3,-3,NO
Finance & Audit,ergonomic and safety conscious,0,3,-3,NO
Finance & Audit,enterprise software,0,3,-3,NO
Finance & Audit,accounting packages,0,3,-3,NO
Finance & Audit,electrical equipment operation,0,3,-3,NO
Finance & Audit,highly responsible and reliable,0,3,-3,NO
Finance & Audit,computer proficiency,0,3,-3,NO
Finance & Audit,gage r & r,0,3,-3,NO
Finance & Audit,siebel,0,3,-3,NO
Finance & Audit,trade shows,0,3,-3,NO
Finance & Audit,budgetary and policy development,0,3,-3,NO
Finance & Audit,emperical modelling,0,3,-3,NO
Finance & Audit,equities,0,3,-3,NO
Finance & Audit,policy/program development,0,3,-3,NO
Finance & Audit,puppet,0,3,-3,NO
Finance & Audit,proficiency in tcp/ip protocols,0,3,-3,NO
Finance & Audit,multi-tasking,0,3,-3,NO
Finance & Audit,quick test professional,0,3,-3,NO
Finance & Audit,lead development,0,3,-3,NO
Finance & Audit,projectors,0,3,-3,NO
Finance & Audit,hp quality center,0,3,-3,NO
Finance & Audit,market and development,0,3,-3,NO
Finance & Audit,cost accounting,0,3,-3,NO
Finance & Audit,technical: vantive,0,3,-3,NO
Finance & Audit,cloud infrastructure,0,3,-3,NO
Finance & Audit,document manager software,0,3,-3,NO
Finance & Audit,outpatient,0,3,-3,NO
Finance & Audit,speaker,0,3,-3,NO
Finance & Audit,performance testing,0,3,-3,NO
Finance & Audit,stratton warren mms,0,3,-3,NO
Finance & Audit,sas base,0,3,-3,NO
Finance & Audit,sculpting,0,3,-3,NO
Finance & Audit,computer literate,0,3,-3,NO
Finance & Audit,applications: ms office 2010-2016 (word,0,3,-3,NO
Finance & Audit,financial modeling,0,3,-3,NO
Finance & Audit,pneumatics,0,3,-3,NO
Finance & Audit,compliance testing knowledge,0,3,-3,NO
Finance & Audit,creative solutions bookkeeping software,0,3,-3,NO
Finance & Audit,manufacturing systems integration,0,3,-3,NO
Finance & Audit,business and commercial acumen,0,3,-3,NO
Finance & Audit,vm,0,3,-3,NO
Finance & Audit,self-directed,0,3,-3,NO
Finance & Audit,monthly sales,0,3,-3,NO
Finance & Audit,very organized & energetic,0,3,-3,NO
Finance & Audit,macro media director,0,3,-3,NO
Finance & Audit,keane care,0,3,-3,NO
Finance & Audit,direct mail,0,3,-3,NO
Finance & Audit,sheets,0,3,-3,NO
Finance & Audit,product manager,0,3,-3,NO
Finance & Audit,hp qtp,0,3,-3,NO
Finance & Audit,java 2,0,3,-3,NO
Finance & Audit,student assistance,0,3,-3,NO
Finance & Audit,cyber ethics,0,3,-3,NO
Finance & Audit,gru,0,3,-3,NO
Finance & Audit,stories,0,3,-3,NO
Finance & Audit,dynamic,0,3,-3,NO
Finance & Audit,surface mount,0,3,-3,NO
Finance & Audit,mortgage loan,0,3,-3,NO
Finance & Audit,intuit payroll,0,3,-3,NO
Finance & Audit,reconciled various general ledger fund accounts,0,3,-3,NO
Finance & Audit,strong oral and written communication skills,0,3,-3,NO
Finance & Audit,familiar in c+,0,3,-3,NO
Finance & Audit,business growth,0,3,-3,NO
Finance & Audit,swedish,0,3,-3,NO
Finance & Audit,great plains dynamics,0,3,-3,NO
Finance & Audit,adtran,0,3,-3,NO
Finance & Audit,highly dependable,0,3,-3,NO
Finance & Audit,test plans,0,3,-3,NO
Finance & Audit,interface with customers and vendors,0,3,-3,NO
Finance & Audit,skill 5,0,3,-3,NO
Finance & Audit,maintenance repair,0,3,-3,NO
Finance & Audit,annuities,0,3,-3,NO
Finance & Audit,technical interface,0,3,-3,NO
Finance & Audit,relationship building and management,0,3,-3,NO
Finance & Audit,talent management tools: hireright,0,3,-3,NO
Finance & Audit,kind,0,3,-3,NO
Finance & Audit,acrylic,0,3,-3,NO
Finance & Audit,ngs systems,0,3,-3,NO
Finance & Audit,munis,0,3,-3,NO
Finance & Audit,streak crm,0,3,-3,NO
Finance & Audit,consistently meet goals,0,3,-3,NO
Finance & Audit,spring,0,3,-3,NO
Finance & Audit,instructing,0,3,-3,NO
Finance & Audit,protel,0,3,-3,NO
Finance & Audit,epicor,0,3,-3,NO
Finance & Audit,technical grammar skills,0,3,-3,NO
Finance & Audit,excellent managerial techniques,0,3,-3,NO
Finance & Audit,algorithms and data structures,0,3,-3,NO
Finance & Audit,biology,0,3,-3,NO
Finance & Audit,hospice,0,3,-3,NO
Finance & Audit,c languages,0,3,-3,NO
Finance & Audit,validations,0,3,-3,NO
Finance & Audit,secretarial,0,3,-3,NO
Finance & Audit,client liaison,0,3,-3,NO
Finance & Audit,presenter,0,3,-3,NO
Finance & Audit,solenoid/valves,0,3,-3,NO
Finance & Audit,neural networks.,0,3,-3,NO
Finance & Audit,embedded hardware & software,0,3,-3,NO
Finance & Audit,relational database,0,3,-3,NO
Finance & Audit,valuation,0,3,-3,NO
Finance & Audit,siemens step 7,0,3,-3,NO
Finance & Audit,programming in java,0,3,-3,NO
Finance & Audit,front end,0,3,-3,NO
Finance & Audit,bank reconciliations and balancing,0,3,-3,NO
Finance & Audit,file,0,3,-3,NO
Finance & Audit,budget management,0,3,-3,NO
Finance & Audit,articulate,0,3,-3,NO
Finance & Audit,reception,0,3,-3,NO
Finance & Audit,glacier tax prep,0,3,-3,NO
Finance & Audit,mechanically-inclined,0,3,-3,NO
Finance & Audit,federal acquisition,0,3,-3,NO
Finance & Audit,communication/presentations,0,3,-3,NO
Finance & Audit,inspector,0,3,-3,NO
Finance & Audit,sound cards,0,3,-3,NO
Finance & Audit,corporate accounting,0,3,-3,NO
Finance & Audit,quality inspection professional,0,3,-3,NO
Finance & Audit,assurance analyst,0,3,-3,NO
Finance & Audit,bug tracking,0,3,-3,NO
Finance & Audit,systems support,0,3,-3,NO
Finance & Audit,wsam image,0,3,-3,NO
Finance & Audit,structured text,0,3,-3,NO
Finance & Audit,staff,0,3,-3,NO
Finance & Audit,api design,0,3,-3,NO
Finance & Audit,sensors,0,3,-3,NO
Finance & Audit,keep,0,3,-3,NO
Finance & Audit,netbeans,0,3,-3,NO
Finance & Audit,astrex,0,3,-3,NO
Finance & Audit,managerial,0,3,-3,NO
Finance & Audit,copier,0,3,-3,NO
Finance & Audit,it support services,0,3,-3,NO
Finance & Audit,microcontroller,0,3,-3,NO
Finance & Audit,monitoring and evaluation skills,0,3,-3,NO
Finance & Audit,business processes,0,3,-3,NO
Finance & Audit,kibana,0,3,-3,NO
Finance & Audit,microsoft test manager,0,3,-3,NO
Finance & Audit,works well under pressure,0,3,-3,NO
Finance & Audit,linux os,0,3,-3,NO
Finance & Audit,diagnosis and repair,0,3,-3,NO
Finance & Audit,retail mortgage,0,3,-3,NO
Finance & Audit,m&e,0,3,-3,NO
Finance & Audit,antivirus,0,3,-3,NO
Finance & Audit,xamarin studio,0,3,-3,NO
Finance & Audit,security: basic knowledge of ipsec / ssl-vpn / nat / gre,0,3,-3,NO
Finance & Audit,salesforce lead management,0,3,-3,NO
Finance & Audit,bilingual spanish (fluent,0,3,-3,NO
Finance & Audit,erp : microsoft ax dynamics,0,3,-3,NO
Finance & Audit,developer 2000,0,3,-3,NO
Finance & Audit,aws view,0,3,-3,NO
Finance & Audit,openvpn,0,3,-3,NO
Finance & Audit,letters and memos,0,3,-3,NO
Finance & Audit,process-engineering,0,3,-3,NO
Finance & Audit,renovations,0,3,-3,NO
Finance & Audit,installation of hardware,0,3,-3,NO
Finance & Audit,mechanical component troubleshooting,0,3,-3,NO
Finance & Audit,snmp,0,3,-3,NO
Finance & Audit,analog and digital filter design,0,3,-3,NO
Finance & Audit,programming language,0,3,-3,NO
Finance & Audit,sas-stat,0,3,-3,NO
Finance & Audit,mlops,0,3,-3,NO
Finance & Audit,mcafee endpoint security,0,3,-3,NO
Finance & Audit,p&l management,0,3,-3,NO
Finance & Audit,positouch,0,3,-3,NO
Finance & Audit,app development (android and ios),0,3,-3,NO
Finance & Audit,and banked cash,0,3,-3,NO
Finance & Audit,aci-interchange,0,3,-3,NO
Finance & Audit,informatica,0,3,-3,NO
Finance & Audit,integrated reporting information system (iris),0,3,-3,NO
Finance & Audit,postgresql),0,3,-3,NO
Finance & Audit,iccverify,0,3,-3,NO
Finance & Audit,auto-cad,0,3,-3,NO
Finance & Audit,aviation,0,3,-3,NO
Finance & Audit,ms office: v-look up,0,3,-3,NO
Finance & Audit,analyzing market trends,0,3,-3,NO
Finance & Audit,model development,0,3,-3,NO
Finance & Audit,mrp,0,3,-3,NO
Finance & Audit,opengl,0,3,-3,NO
Finance & Audit,code blocks,0,3,-3,NO
Finance & Audit,proficient in ms-office (word/excel/powerpoint),0,3,-3,NO
Finance & Audit,accounting operations,0,3,-3,NO
Finance & Audit,adt,0,3,-3,NO
Finance & Audit,tutoring,0,3,-3,NO
Finance & Audit,socs,0,3,-3,NO
Finance & Audit,corrective maintenance,0,3,-3,NO
Finance & Audit,scrum & agile,0,3,-3,NO
Finance & Audit,digital design,0,3,-3,NO
Finance & Audit,employee relations,0,3,-3,NO
Finance & Audit,simulations using witness13 and simio,0,3,-3,NO
Finance & Audit,dataset management,0,3,-3,NO
Finance & Audit,office equipment such as copiers,0,3,-3,NO
Finance & Audit,software/pc/lan troubleshooting,0,3,-3,NO
Finance & Audit,device drivers,0,3,-3,NO
Finance & Audit,system administrator,0,3,-3,NO
Finance & Audit,environmental science,0,3,-3,NO
Finance & Audit,computer networks,0,3,-3,NO
Finance & Audit,networking: tcp/ip,0,3,-3,NO
Finance & Audit,pdf: adobe reader / adobe acrobat x,0,3,-3,NO
Finance & Audit,technical reviews,0,3,-3,NO
Finance & Audit,vista),0,3,-3,NO
Finance & Audit,fabrication,0,3,-3,NO
Finance & Audit,technical communication skills - bug triage,0,3,-3,NO
Finance & Audit,junit,0,3,-3,NO
Finance & Audit,wireless,0,3,-3,NO
Finance & Audit,iis 6,0,3,-3,NO
Finance & Audit,resolve customer complaints,0,3,-3,NO
Finance & Audit,rest apis (graphql),0,3,-3,NO
Finance & Audit,recruiting,0,3,-3,NO
Finance & Audit,grinders,0,3,-3,NO
Finance & Audit,chrome,0,3,-3,NO
Finance & Audit,real time embedded,0,3,-3,NO
Finance & Audit,powerworld,0,3,-3,NO
Finance & Audit,engineering standards expert,0,3,-3,NO
Finance & Audit,scada,0,3,-3,NO
Finance & Audit,automated testing,0,3,-3,NO
Finance & Audit,critical thinking with root cause analysis,0,3,-3,NO
Finance & Audit,pascal,0,3,-3,NO
Finance & Audit,google apps (drive,0,3,-3,NO
Finance & Audit,peer review,0,3,-3,NO
Finance & Audit,analytics,0,3,-3,NO
Finance & Audit,advanced problem solving abilities,0,3,-3,NO
Finance & Audit,professional demeanor,0,3,-3,NO
Finance & Audit,ms power point,0,3,-3,NO
Finance & Audit,technical proposal writing skills,0,3,-3,NO
Finance & Audit,32 and 64 slice cts,0,3,-3,NO
Finance & Audit,procedure writing,0,3,-3,NO
Finance & Audit,iso 9000,0,3,-3,NO
Finance & Audit,to check preparation and mailing,0,3,-3,NO
Finance & Audit,sublime text,0,3,-3,NO
Finance & Audit,configuration,0,3,-3,NO
Finance & Audit,computer applications,0,3,-3,NO
Finance & Audit,hyperion essbase,0,3,-3,NO
Finance & Audit,design and drafting of custom seal solutions,0,3,-3,NO
Finance & Audit,dependable,0,3,-3,NO
Finance & Audit,falcon dust-off compressed gas duster,0,3,-3,NO
Finance & Audit,erp-sap,0,3,-3,NO
Finance & Audit,gpu,0,3,-3,NO
Finance & Audit,clustering analysis,0,3,-3,NO
Finance & Audit,version control tools: git-bash,0,3,-3,NO
Finance & Audit,iso 8583,0,3,-3,NO
Finance & Audit,node.js,0,3,-3,NO
Finance & Audit,approval by appropriate party,0,3,-3,NO
Finance & Audit,geometric dimensioning,0,3,-3,NO
Finance & Audit,videoscribe software,0,3,-3,NO
Finance & Audit,orthopedics,0,3,-3,NO
Finance & Audit,ability to take initiative and exhibit flexibility.,0,3,-3,NO
Finance & Audit,using specialized accounting software.,0,3,-3,NO
Finance & Audit,staff training/development,0,3,-3,NO
Finance & Audit,aws(emr,0,3,-3,NO
Finance & Audit,financial planner,0,3,-3,NO
Finance & Audit,brake repair and replacement,0,3,-3,NO
Finance & Audit,fiscal management,0,3,-3,NO
Finance & Audit,pivot table,0,3,-3,NO
Finance & Audit,usability testing,0,3,-3,NO
Finance & Audit,problem-solver,0,3,-3,NO
Finance & Audit,machine learning engineering,0,3,-3,NO
Finance & Audit,skilled in the operation of workstations and servers,0,3,-3,NO
Finance & Audit,account management and development,0,3,-3,NO
Finance & Audit,interviewing techniques,0,3,-3,NO
Finance & Audit,fixed asset solutions software,0,3,-3,NO
Finance & Audit,iworks,0,3,-3,NO
Finance & Audit,interpersonal and communication skills,0,3,-3,NO
Finance & Audit,coded the general ledger and processed vendor invoice payments.,0,3,-3,NO
Finance & Audit,have interpersonal skills to deal effectively with all business contacts.,0,3,-3,NO
Finance & Audit,excel training,0,3,-3,NO
Finance & Audit,technical report writing,0,3,-3,NO
Finance & Audit,dmf and project work process,0,3,-3,NO
Finance & Audit,desktop support,0,3,-3,NO
Finance & Audit,clinical research,0,3,-3,NO
Finance & Audit,aspen,0,3,-3,NO
Finance & Audit,database administration,0,3,-3,NO
Finance & Audit,revit,0,3,-3,NO
Finance & Audit,some experience with authentication protocols (radius / tacacs),0,3,-3,NO
Finance & Audit,responsible for preparing and posting entries for the daily posting packet,0,3,-3,NO
Finance & Audit,itil v,0,3,-3,NO
Finance & Audit,strong management skills,0,3,-3,NO
Finance & Audit,mechanical repair,0,3,-3,NO
Finance & Audit,ibm/lenovo,0,3,-3,NO
Finance & Audit,content development,0,3,-3,NO
Finance & Audit,some basic cisco ios,0,3,-3,NO
Finance & Audit,p & l management,0,3,-3,NO
Finance & Audit,windows (95,0,3,-3,NO
Finance & Audit,strong leadership skills,0,3,-3,NO
Finance & Audit,team-oriented,0,3,-3,NO
Finance & Audit,market analysis,0,3,-3,NO
Finance & Audit,lstms,0,3,-3,NO
Finance & Audit,tenacity,0,3,-3,NO
Finance & Audit,ssms,0,3,-3,NO
Finance & Audit,toyota production systems,0,3,-3,NO
Finance & Audit,mas 90,0,3,-3,NO
Finance & Audit,law enforcement,0,3,-3,NO
Finance & Audit,retail sales,0,3,-3,NO
Finance & Audit,managerial accounting,0,3,-3,NO
Finance & Audit,voyager),0,3,-3,NO
Finance & Audit,paperless proposals,0,3,-3,NO
Finance & Audit,database software,0,3,-3,NO
Finance & Audit,financial audits,0,3,-3,NO
Finance & Audit,technical program management,0,3,-3,NO
Finance & Audit,project management lifecycle,0,3,-3,NO
Finance & Audit,prosystem,0,3,-3,NO
Finance & Audit,tesseract,0,3,-3,NO
Finance & Audit,unix shell scripting (bash),0,3,-3,NO
Finance & Audit,fiber optics,0,3,-3,NO
Finance & Audit,vi,0,3,-3,NO
Finance & Audit,power user of microsoft excel epicor netsuite quickbooks hyperion great plains sage intacct,0,3,-3,NO
Finance & Audit,series analysis,0,3,-3,NO
Finance & Audit,katalon studio,0,3,-3,NO
Finance & Audit,technology architecture analysis,0,3,-3,NO
Finance & Audit,concur,0,3,-3,NO
Finance & Audit,initiative to work independently,0,3,-3,NO
Finance & Audit,sarbanesoxley,0,3,-3,NO
Finance & Audit,ndt level ii,0,3,-3,NO
Finance & Audit,google documents,0,3,-3,NO
Finance & Audit,media relations,0,3,-3,NO
Finance & Audit,catsweb,0,3,-3,NO
Finance & Audit,superior analytical skills,0,3,-3,NO
Finance & Audit,a highly motivated and energetic personality.,0,3,-3,NO
Finance & Audit,employee training,0,3,-3,NO
Finance & Audit,microsoft access 2010,0,3,-3,NO
Finance & Audit,mechanical theory,0,3,-3,NO
Finance & Audit,telecommunication,0,3,-3,NO
Finance & Audit,analytical and logical,0,3,-3,NO
Finance & Audit,the sales,0,3,-3,NO
Finance & Audit,financial analysis/planning,0,3,-3,NO
Finance & Audit,cost-benefit analysis,0,3,-3,NO
Finance & Audit,telecom,0,3,-3,NO
Finance & Audit,ubuntu 14.04,0,3,-3,NO
Finance & Audit,database management system and administration,0,3,-3,NO
Finance & Audit,emacs,0,3,-3,NO
Finance & Audit,managing releases,0,3,-3,NO
Finance & Audit,nanovision,0,3,-3,NO
Finance & Audit,98,0,3,-3,NO
Finance & Audit,pcb,0,3,-3,NO
Finance & Audit,functional block diagram,0,3,-3,NO
Finance & Audit,g/l,0,3,-3,NO
Finance & Audit,cloud management,0,3,-3,NO
Finance & Audit,cmpro,0,3,-3,NO
Finance & Audit,research and development,0,3,-3,NO
Finance & Audit,facility and plant modifications,0,3,-3,NO
Finance & Audit,insights,0,3,-3,NO
Finance & Audit,xls data input,0,3,-3,NO
Finance & Audit,visual test,0,3,-3,NO
Finance & Audit,decisive leader,0,3,-3,NO
Finance & Audit,microsoft office (word,0,3,-3,NO
Finance & Audit,designer 2000,0,3,-3,NO
Finance & Audit,scientific,0,3,-3,NO
Finance & Audit,exchange,0,3,-3,NO
Finance & Audit,loss optimization,0,3,-3,NO
Finance & Audit,textpad,0,3,-3,NO
Finance & Audit,improving accounting and internal control systems,0,3,-3,NO
Finance & Audit,assisted the cfo with the production of the monthly financials,0,3,-3,NO
Finance & Audit,jmeter,0,3,-3,NO
Finance & Audit,traceability matrix,0,3,-3,NO
Finance & Audit,hpc,0,3,-3,NO
Finance & Audit,troubleshooting windows,0,3,-3,NO
Finance & Audit,cdi,0,3,-3,NO
Finance & Audit,leadership mentoring,0,3,-3,NO
Finance & Audit,k-means,0,3,-3,NO
Finance & Audit,ppap,0,3,-3,NO
Finance & Audit,lan/wan,0,3,-3,NO
Finance & Audit,excellent writing skills,0,3,-3,NO
Finance & Audit,microsoft office: word / advanced ms excel skills /ms access / powerpoint / outlook,0,3,-3,NO
Finance & Audit,ipsec,0,3,-3,NO
Finance & Audit,s3),0,3,-3,NO
Finance & Audit,marketing & sales,0,3,-3,NO
Finance & Audit,html 5,0,3,-3,NO
Finance & Audit,echimp,0,3,-3,NO
Finance & Audit,managing multiple priorities,0,3,-3,NO
Finance & Audit,retail analytics,0,3,-3,NO
Finance & Audit,pro series,0,3,-3,NO
Finance & Audit,accounts and group policy,0,3,-3,NO
Finance & Audit,employee training and development,0,3,-3,NO
Finance & Audit,act!,0,3,-3,NO
Finance & Audit,water quality,0,3,-3,NO
Finance & Audit,business systems,0,3,-3,NO
Finance & Audit,dropbox,0,3,-3,NO
Finance & Audit,switchgear,0,3,-3,NO
Finance & Audit,proxmox,0,3,-3,NO
Finance & Audit,icims,0,3,-3,NO
Finance & Audit,implementing,0,3,-3,NO
Finance & Audit,prepares analyses as requested by manager and other departments,0,3,-3,NO
Finance & Audit,global shop,0,3,-3,NO
Finance & Audit,basic financial and operational reporting,0,3,-3,NO
Finance & Audit,grading and evaluation,0,3,-3,NO
Finance & Audit,powersteering,0,3,-3,NO
Finance & Audit,experienced with microsoft office - word,0,3,-3,NO
Finance & Audit,dbase iv,0,3,-3,NO
Finance & Audit,vendor management,0,3,-3,NO
Finance & Audit,white papers,0,3,-3,NO
Finance & Audit,safety compliance,0,3,-3,NO
Finance & Audit,portfolio analysis,0,3,-3,NO
Finance & Audit,ports,0,3,-3,NO
Finance & Audit,process improvement/simplification,0,3,-3,NO
Finance & Audit,as 400,0,3,-3,NO
Finance & Audit,develop drug,0,3,-3,NO
Finance & Audit,quest,0,3,-3,NO
Finance & Audit,financial planning and analysis,0,3,-3,NO
Finance & Audit,struts,0,3,-3,NO
Finance & Audit,lxc,0,3,-3,NO
Finance & Audit,administration of windows 2000 server,0,3,-3,NO
Finance & Audit,sensor,0,3,-3,NO
Finance & Audit,investor relations,0,3,-3,NO
Finance & Audit,marketing strategy,0,3,-3,NO
Finance & Audit,atlas,0,3,-3,NO
Finance & Audit,processing corporate visa accounts for payment,0,3,-3,NO
Finance & Audit,integration testing,0,3,-3,NO
Finance & Audit,financial risk management,0,3,-3,NO
Finance & Audit,inspections,0,3,-3,NO
Finance & Audit,networking support,0,3,-3,NO
Finance & Audit,leadership development program,0,3,-3,NO
Finance & Audit,business development & sales leadership,0,3,-3,NO
Finance & Audit,data cleansing,0,3,-3,NO
Finance & Audit,success factors lms,0,3,-3,NO
Finance & Audit,strategy/planning,0,3,-3,NO
Finance & Audit,dmm,0,3,-3,NO
Finance & Audit,yearend,0,3,-3,NO
Finance & Audit,ibm rationale doors,0,3,-3,NO
Finance & Audit,government contracts,0,3,-3,NO
Finance & Audit,ultra tax,0,3,-3,NO
Finance & Audit,usda,0,3,-3,NO
Finance & Audit,maintains files,0,3,-3,NO
Finance & Audit,instructional design,0,3,-3,NO
Finance & Audit,upgrading of hardware,0,3,-3,NO
Finance & Audit,so ware development,0,3,-3,NO
Finance & Audit,curriculum development,0,3,-3,NO
Finance & Audit,customer engagement,0,3,-3,NO
Finance & Audit,adp payroll,0,3,-3,NO
Finance & Audit,accountable for,0,3,-3,NO
Finance & Audit,research support,0,3,-3,NO
Finance & Audit,lending,0,3,-3,NO
Finance & Audit,established track record of exceptional sales results,0,3,-3,NO
Finance & Audit,mathematical modeling,0,3,-3,NO
Finance & Audit,payment terminals: verifone,0,3,-3,NO
Finance & Audit,office manager,0,3,-3,NO
Finance & Audit,eit,0,3,-3,NO
Finance & Audit,drilling engineering,0,3,-3,NO
Finance & Audit,upgrading,0,3,-3,NO
Finance & Audit,six-sigma,0,3,-3,NO
Finance & Audit,sites),0,3,-3,NO
Finance & Audit,sql developer,0,3,-3,NO
Finance & Audit,client development,0,3,-3,NO
Finance & Audit,test and troubleshoot ac/dc circuits,0,3,-3,NO
Finance & Audit,ms office: pivot tables,0,3,-3,NO
Finance & Audit,access database queries & data mining,0,3,-3,NO
Finance & Audit,advanced data analytics,0,3,-3,NO
Finance & Audit,engineering standards,0,3,-3,NO
Finance & Audit,financing,0,3,-3,NO
Finance & Audit,credit risk modeling,0,3,-3,NO
Finance & Audit,stat graphics,0,3,-3,NO
Finance & Audit,ability to lead and motivate a team,0,3,-3,NO
Finance & Audit,database systems,0,3,-3,NO
Finance & Audit,discrete mathematics,0,3,-3,NO
Finance & Audit,advanced critical thinking,0,3,-3,NO
Finance & Audit,systems administration,0,3,-3,NO
Finance & Audit,journal,0,3,-3,NO
Finance & Audit,key account management,0,3,-3,NO
Finance & Audit,trend,0,3,-3,NO
Finance & Audit,key management,0,3,-3,NO
Finance & Audit,ability to translate technical specifications,0,3,-3,NO
Finance & Audit,virtual systems: vmware,0,3,-3,NO
Finance & Audit,printers & scanners,0,3,-3,NO
Finance & Audit,programming tools: python,0,3,-3,NO
Finance & Audit,repair and maintenance practice,0,3,-3,NO
Finance & Audit,technician v,0,3,-3,NO
Finance & Audit,linux and os,0,3,-3,NO
Finance & Audit,knowledge of manufacturing test methodologies.,0,3,-3,NO
Finance & Audit,de-bugging,0,3,-3,NO
Finance & Audit,clarity,0,3,-3,NO
Finance & Audit,structured software,0,3,-3,NO
Finance & Audit,scheduling appointments,0,3,-3,NO
Finance & Audit,pages,0,3,-3,NO
Finance & Audit,linux and os x,0,3,-3,NO
Finance & Audit,sps,0,3,-3,NO
Finance & Audit,tornado,0,3,-3,NO
Finance & Audit,networking i,0,3,-3,NO
Finance & Audit,vsphere,0,3,-3,NO
Finance & Audit,ms outlook,0,3,-3,NO
Finance & Audit,mdfs,0,3,-3,NO
Finance & Audit,devops,0,3,-3,NO
Finance & Audit,nics,0,3,-3,NO
Finance & Audit,helioscope,0,3,-3,NO
Finance & Audit,telephones,0,3,-3,NO
Finance & Audit,architecture,0,3,-3,NO
Finance & Audit,microsoft office - word,0,3,-3,NO
Finance & Audit,ptc creo),0,3,-3,NO
Finance & Audit,proe,0,3,-3,NO
Finance & Audit,fraud detection,0,3,-3,NO
Finance & Audit,preparing financial reports,0,3,-3,NO
Finance & Audit,qcc,0,3,-3,NO
Finance & Audit,production process,0,3,-3,NO
Finance & Audit,live electrical,0,3,-3,NO
Finance & Audit,sheet metal,0,3,-3,NO
Finance & Audit,troubles,0,3,-3,NO
Finance & Audit,mortgage lending,0,3,-3,NO
Finance & Audit,astm material testing and chemical evaluations of materials,0,3,-3,NO
Finance & Audit,network security,0,3,-3,NO
Finance & Audit,venture capital,0,3,-3,NO
Finance & Audit,excellent communication,0,3,-3,NO
Finance & Audit,traffic control and state highway database,0,3,-3,NO
Finance & Audit,experience with autocad,0,3,-3,NO
Finance & Audit,supervisory control and data acquisition,0,3,-3,NO
Finance & Audit,5s,0,3,-3,NO
Finance & Audit,iterative,0,3,-3,NO
Finance & Audit,active noise cancelling (anc),0,3,-3,NO
Finance & Audit,microsoft excel expert - pivot tables,0,3,-3,NO
Finance & Audit,hive(hql),0,3,-3,NO
Finance & Audit,siemens plc,0,3,-3,NO
Finance & Audit,agile coach,0,3,-3,NO
Finance & Audit,mac ios,0,3,-3,NO
Finance & Audit,troubleshooting soho networks,0,3,-3,NO
Finance & Audit,wall paper,0,3,-3,NO
Finance & Audit,and irregularities to provide accurate records for tfcu and its service organizations,0,3,-3,NO
Finance & Audit,advanced knowledge of embedded systems,0,3,-3,NO
Finance & Audit,excellent negotiating tactics,0,3,-3,NO
Finance & Audit,sales force,0,3,-3,NO
Finance & Audit,proficient with microsoft word,0,3,-3,NO
Finance & Audit,ms visual basic,0,3,-3,NO
Finance & Audit,9900 portable c-arm,0,3,-3,NO
Finance & Audit,research scientist,0,3,-3,NO
Finance & Audit,maintain documentation,0,3,-3,NO
Finance & Audit,system configuration,0,3,-3,NO
Finance & Audit,mortgage banking,0,3,-3,NO
Finance & Audit,the sale,0,3,-3,NO
Finance & Audit,relational databases,0,3,-3,NO
Finance & Audit,qa testing,0,3,-3,NO
Finance & Audit,market share,0,3,-3,NO
Finance & Audit,gantt chart scheduler,0,3,-3,NO
Finance & Audit,prediction modelling,0,3,-3,NO
Finance & Audit,wsam-dc fiber,0,3,-3,NO
Finance & Audit,manages the accounts payable function - including employee/volunteer reimbursement - from processing incoming invoices,0,3,-3,NO
Finance & Audit,read blueprints,0,3,-3,NO
Finance & Audit,asset keeper pro software,0,3,-3,NO
Finance & Audit,social networks,0,3,-3,NO
Finance & Audit,openssh,0,3,-3,NO
Finance & Audit,qa engineering,0,3,-3,NO
Finance & Audit,iec 61131 (ladder logic,0,3,-3,NO
Finance & Audit,remedy,0,3,-3,NO
Finance & Audit,pc hardware and software installation,0,3,-3,NO
Finance & Audit,excellent at networking,0,3,-3,NO
Finance & Audit,fds,0,3,-3,NO
Finance & Audit,ms-dos,0,3,-3,NO
Finance & Audit,mapreduce,0,3,-3,NO
Finance & Audit,total quality management,0,3,-3,NO
Finance & Audit,2008-2010,0,3,-3,NO
Finance & Audit,ms exchange,0,3,-3,NO
Finance & Audit,development,0,3,-3,NO
Finance & Audit,ccp,0,3,-3,NO
Finance & Audit,microsoft dynamics,0,3,-3,NO
Finance & Audit,trackwise,0,3,-3,NO
Finance & Audit,receptionist,0,3,-3,NO
Finance & Audit,oracledb,0,3,-3,NO
Finance & Audit,detail oriented,0,3,-3,NO
Finance & Audit,office party and event planning,0,3,-3,NO
Finance & Audit,test equipment repair and operation,0,3,-3,NO
Finance & Audit,hls,0,3,-3,NO
Finance & Audit,web application development,0,3,-3,NO
Finance & Audit,e-commerce,0,3,-3,NO
Finance & Audit,organized and detail-oriented,0,3,-3,NO
Finance & Audit,seasoned leadership,0,3,-3,NO
Finance & Audit,sales analysis,0,3,-3,NO
Finance & Audit,windows 95,0,3,-3,NO
Finance & Audit,out of the box thinking,0,3,-3,NO
Finance & Audit,mozilla thunderbird,0,3,-3,NO
Finance & Audit,good team player,0,3,-3,NO
Finance & Audit,google docs,0,3,-3,NO
Finance & Audit,object-oriented programming,0,3,-3,NO
Finance & Audit,office equipment,0,3,-3,NO
Finance & Audit,server management,0,3,-3,NO
Finance & Audit,kpi,0,3,-3,NO
Finance & Audit,utp,0,3,-3,NO
Finance & Audit,sql navigator,0,3,-3,NO
Finance & Audit,requirement analysis (static testing),0,3,-3,NO
Finance & Audit,julia,0,3,-3,NO
Finance & Audit,detail-oriented understanding that any downtime must be minimized if not avoidable,0,3,-3,NO
Finance & Audit,project manager,0,3,-3,NO
Finance & Audit,educated,0,3,-3,NO
Finance & Audit,pl/sql,0,3,-3,NO
Finance & Audit,macess,0,3,-3,NO
Finance & Audit,comfortable working at heights and odd locations,0,3,-3,NO
Finance & Audit,sales and management,0,3,-3,NO
Finance & Audit,customer service skills,0,3,-3,NO
Finance & Audit,and account,0,3,-3,NO
Finance & Audit,systems design i,0,3,-3,NO
Finance & Audit,usability,0,3,-3,NO
Finance & Audit,creating & updating documentation,0,3,-3,NO
Finance & Audit,ability to work in a team structure,0,3,-3,NO
Finance & Audit,white box,0,3,-3,NO
Finance & Audit,coach,0,3,-3,NO
Finance & Audit,mobile device support,0,3,-3,NO
Finance & Audit,net,0,3,-3,NO
Finance & Audit,optistruct),0,3,-3,NO
Finance & Audit,production engineering,0,3,-3,NO
Finance & Audit,etl,0,3,-3,NO
Finance & Audit,ability of managing multi tasks,0,3,-3,NO
Finance & Audit,rigging,0,3,-3,NO
Finance & Audit,tally,0,3,-3,NO
Finance & Audit,contextual reasoning,0,3,-3,NO
Finance & Audit,middle school & high school math,0,3,-3,NO
Finance & Audit,program development,0,3,-3,NO
Finance & Audit,troubleshoot and identify faulty capacitors,0,3,-3,NO
Finance & Audit,performance management,0,3,-3,NO
Finance & Audit,pr soft,0,3,-3,NO
Finance & Audit,cluster analysis,0,3,-3,NO
Finance & Audit,metrics,0,3,-3,NO
Finance & Audit,software practice i/ii,0,3,-3,NO
Finance & Audit,etap,0,3,-3,NO
Finance & Audit,and write),0,3,-3,NO
Finance & Audit,market planning,0,3,-3,NO
Finance & Audit,digital tv,0,3,-3,NO
Finance & Audit,gd&t,0,3,-3,NO
Finance & Audit,lotus i,0,3,-3,NO
Finance & Audit,jvm,0,3,-3,NO
Finance & Audit,adobe creative suite,0,3,-3,NO
Finance & Audit,strong attention to detail,0,3,-3,NO
Finance & Audit,circuit boards,0,3,-3,NO
Finance & Audit,bugzilla,0,3,-3,NO
Finance & Audit,contract negotiations,0,3,-3,NO
Finance & Audit,therapy,0,3,-3,NO
Finance & Audit,presenting,0,3,-3,NO
Finance & Audit,voice,0,3,-3,NO
Finance & Audit,horizontal,0,3,-3,NO
Finance & Audit,sharepoint use experience,0,3,-3,NO
Finance & Audit,ocr,0,3,-3,NO
Finance & Audit,mainframe,0,3,-3,NO
Finance & Audit,slides,0,3,-3,NO
Finance & Audit,ethernet,0,3,-3,NO
Finance & Audit,marketing strategist,0,3,-3,NO
Finance & Audit,kek,0,3,-3,NO
Finance & Audit,flash,0,3,-3,NO
Finance & Audit,excel in areas of expertise,0,3,-3,NO
Finance & Audit,typing speed,0,3,-3,NO
Finance & Audit,autocad civil 3d,0,3,-3,NO
Finance & Audit,sales objectives,0,3,-3,NO
Finance & Audit,microsoft office suite (2013),0,3,-3,NO
Finance & Audit,skill 2,0,3,-3,NO
Finance & Audit,configuring network and end user security,0,3,-3,NO
Finance & Audit,budget 5,0,3,-3,NO
Finance & Audit,book keeping,0,3,-3,NO
Finance & Audit,reliable,0,3,-3,NO
Finance & Audit,advertisements,0,3,-3,NO
Finance & Audit,and works with branch staff to ensure incoming wires are posted and resolve issues,0,3,-3,NO
Finance & Audit,skills,0,3,-3,NO
Finance & Audit,lotus,0,3,-3,NO
Finance & Audit,neural,0,3,-3,NO
Finance & Audit,cd-rom,0,3,-3,NO
Finance & Audit,and identifies and resolves errors,0,3,-3,NO
Finance & Audit,profit pluss 2k8,0,3,-3,NO
Finance & Audit,apache pig,0,3,-3,NO
Finance & Audit,firstdata certpro and more,0,3,-3,NO
Finance & Audit,os x 10.8-10.11,0,3,-3,NO
Finance & Audit,desktops,0,3,-3,NO
Finance & Audit,blackboard,0,3,-3,NO
Finance & Audit,assemble/disassemble pcs and electronics to the component level,0,3,-3,NO
Finance & Audit,ms office suite (word,0,3,-3,NO
Finance & Audit,image segmentation,0,3,-3,NO
Finance & Audit,articles,0,3,-3,NO
Finance & Audit,ms frontpage,0,3,-3,NO
Finance & Audit,safety codes,0,3,-3,NO
Finance & Audit,flask api,0,3,-3,NO
Finance & Audit,maintenance management,0,3,-3,NO
Finance & Audit,project planning and management,0,3,-3,NO
Finance & Audit,programming languages,0,3,-3,NO
Finance & Audit,k-means clustering,0,3,-3,NO
Finance & Audit,failure modes and effective analysis (fmea),0,3,-3,NO
Finance & Audit,conflict management,0,3,-3,NO
Finance & Audit,pfd,0,3,-3,NO
Finance & Audit,pq,0,3,-3,NO
Finance & Audit,forklift,0,3,-3,NO
Finance & Audit,competitive analysis,0,3,-3,NO
Finance & Audit,responds to inquiries from that manager regarding budgeted and actual expenses,0,3,-3,NO
Finance & Audit,loans,0,3,-3,NO
Finance & Audit,information systems,0,3,-3,NO
Finance & Audit,functional requirements,0,3,-3,NO
Finance & Audit,production analytics,0,3,-3,NO
Finance & Audit,meeting facilitation,0,3,-3,NO
Finance & Audit,public relations software: bacons mediasource,0,3,-3,NO
Finance & Audit,reactjs,0,3,-3,NO
Finance & Audit,pro e,0,3,-3,NO
Finance & Audit,attention to detail,0,3,-3,NO
Finance & Audit,machining,0,3,-3,NO
Finance & Audit,msa,0,3,-3,NO
Finance & Audit,building commissioning experience,0,3,-3,NO
Finance & Audit,omissions,0,3,-3,NO
Finance & Audit,torquisesvn,0,3,-3,NO
Finance & Audit,influencing and negotiation,0,3,-3,NO
Finance & Audit,product development and design,0,3,-3,NO
Finance & Audit,verifies those wires have all required documentation,0,3,-3,NO
Finance & Audit,scripting,0,3,-3,NO
Finance & Audit,engineering management,0,3,-3,NO
Finance & Audit,sap fi,0,3,-3,NO
Finance & Audit,acquisitions,0,3,-3,NO
Finance & Audit,sap r/3,0,3,-3,NO
Finance & Audit,heat,0,3,-3,NO
Finance & Audit,underwriting,0,3,-3,NO
Finance & Audit,ceridian,0,3,-3,NO
Finance & Audit,business associate,0,3,-3,NO
Finance & Audit,staff development/leadership,0,3,-3,NO
Finance & Audit,microwave,0,3,-3,NO
Finance & Audit,software quality engineer,0,3,-3,NO
Finance & Audit,researched and resolved billing and invoice problems.,0,3,-3,NO
Finance & Audit,strategy consulting,0,3,-3,NO
Finance & Audit,integrating content protection systems,0,3,-3,NO
Finance & Audit,icgs / idds,0,3,-3,NO
Finance & Audit,business operations,0,3,-3,NO
Finance & Audit,laundry,0,3,-3,NO
Finance & Audit,lucidchart,0,3,-3,NO
Finance & Audit,file structures,0,3,-3,NO
Finance & Audit,osi,0,3,-3,NO
Finance & Audit,applied machine learning,0,3,-3,NO
Finance & Audit,strong requirement tracing,0,3,-3,NO
Finance & Audit,internal medicine,0,3,-3,NO
Finance & Audit,ats,0,3,-3,NO
Finance & Audit,project coordination,0,3,-3,NO
Finance & Audit,ruby on rails,0,3,-3,NO
Finance & Audit,payroll mate,0,3,-3,NO
Finance & Audit,941 withholding accounting,0,3,-3,NO
Finance & Audit,tsys certifynow,0,3,-3,NO
Finance & Audit,yarn,0,3,-3,NO
Finance & Audit,labor relations,0,3,-3,NO
Finance & Audit,skill 3,0,3,-3,NO
Finance & Audit,maintain and document.,0,3,-3,NO
Finance & Audit,data gathering,0,3,-3,NO
Finance & Audit,ms-excel,0,3,-3,NO
Finance & Audit,lesson planning,0,3,-3,NO
Finance & Audit,react native,0,3,-3,NO
Finance & Audit,management training,0,3,-3,NO
Finance & Audit,adobe dreamweaver,0,3,-3,NO
Finance & Audit,equipment inventory,0,3,-3,NO
Finance & Audit,data insights,0,3,-3,NO
Finance & Audit,ibm-aix,0,3,-3,NO
Finance & Audit,vcms,0,3,-3,NO
Finance & Audit,excellent time management skills,0,3,-3,NO
Finance & Audit,automated test scripts,0,3,-3,NO
Finance & Audit,payroll experts,0,3,-3,NO
Finance & Audit,lighting designs using visual professional,0,3,-3,NO
Finance & Audit,core java,0,3,-3,NO
Finance & Audit,processes outgoing and incoming wires,0,3,-3,NO
Finance & Audit,weka,0,3,-3,NO
Finance & Audit,pax and innowi,0,3,-3,NO
Finance & Audit,basis,0,3,-3,NO
Finance & Audit,maple,0,3,-3,NO
Finance & Audit,training material,0,3,-3,NO
Finance & Audit,key decision making,0,3,-3,NO
Finance & Audit,new products,0,3,-3,NO
Finance & Audit,user centered design,0,3,-3,NO
Finance & Audit,full accounting cycle,0,3,-3,NO
Finance & Audit,chasepaymentech,0,3,-3,NO
Finance & Audit,data transition,0,3,-3,NO
Finance & Audit,contract management,0,3,-3,NO
Finance & Audit,azure data factory,0,3,-3,NO
Finance & Audit,wago codesys,0,3,-3,NO
Finance & Audit,managed sales,0,3,-3,NO
Finance & Audit,.ney(vb,0,3,-3,NO
Finance & Audit,input into the system,0,3,-3,NO
Finance & Audit,scrum master,0,3,-3,NO
Finance & Audit,jquery,0,3,-3,NO
Finance & Audit,interpersonal communications,0,3,-3,NO
Finance & Audit,algorithm design,0,3,-3,NO
Finance & Audit,executive presentations,0,3,-3,NO
Finance & Audit,performance tracking and evaluation,0,3,-3,NO
Finance & Audit,automotive,0,3,-3,NO
Finance & Audit,sql server 2008,0,3,-3,NO
Finance & Audit,advanced engineering knowledge,0,3,-3,NO
Finance & Audit,decorating,0,3,-3,NO
Finance & Audit,self-motivation,0,3,-3,NO
Finance & Audit,training program implementation,0,3,-3,NO
Finance & Audit,multi-line telephone,0,3,-3,NO
Finance & Audit,primary care,0,3,-3,NO
Finance & Audit,control system design,0,3,-3,NO
Finance & Audit,5 why,0,3,-3,NO
Finance & Audit,aramark service trained on ge amx 4 and amx4+ portable xr unit,0,3,-3,NO
Finance & Audit,oracle financials,0,3,-3,NO
Finance & Audit,creativity,0,3,-3,NO
Finance & Audit,analytical thinking,0,3,-3,NO
Finance & Audit,tear,0,3,-3,NO
Finance & Audit,preventive maintenance,0,3,-3,NO
Finance & Audit,test scenario engineering,0,3,-3,NO
Finance & Audit,toad,0,3,-3,NO
Finance & Audit,digital communications with fiber optics,0,3,-3,NO
Finance & Audit,pico or suri,0,3,-3,NO
Finance & Audit,oracle experience,0,3,-3,NO
Finance & Audit,sales strategies,0,3,-3,NO
Finance & Audit,webex,0,3,-3,NO
Finance & Audit,chemical engineering technician,0,3,-3,NO
Finance & Audit,netgear,0,3,-3,NO
Finance & Audit,vbs,0,3,-3,NO
Finance & Audit,mis reporting,0,3,-3,NO
Finance & Audit,google drive sync client,0,3,-3,NO
Finance & Audit,operating systems: unix-aix,0,3,-3,NO
Finance & Audit,effective multitasking,0,3,-3,NO
Finance & Audit,aci- adm,0,3,-3,NO
Finance & Audit,database and tools: oracle 11g,0,3,-3,NO
Finance & Audit,quality management system implementation,0,3,-3,NO
Finance & Audit,product project management,0,3,-3,NO
Finance & Audit,profit and loss statement,0,3,-3,NO
Finance & Audit,cases,0,3,-3,NO
Finance & Audit,financials budgeting & forecasting,0,3,-3,NO
Finance & Audit,service orientation,0,3,-3,NO
Finance & Audit,sanity testing,0,3,-3,NO
Finance & Audit,redmine,0,3,-3,NO
Finance & Audit,equipment calibration,0,3,-3,NO
Finance & Audit,timberline software,0,3,-3,NO
Finance & Audit,fluent in english,0,3,-3,NO
Finance & Audit,logo,0,3,-3,NO
Finance & Audit,ti),0,3,-3,NO
Finance & Audit,vmware,0,3,-3,NO
Finance & Audit,script,0,3,-3,NO
Finance & Audit,access control,0,3,-3,NO
Finance & Audit,demand creation pursuits,0,3,-3,NO
Finance & Audit,database management system,0,3,-3,NO
Finance & Audit,test and measurement equipment,0,3,-3,NO
Finance & Audit,dts,0,3,-3,NO
Finance & Audit,ss7,0,3,-3,NO
Finance & Audit,kubeflow,0,3,-3,NO
Finance & Audit,cch & ria tax research,0,3,-3,NO
Finance & Audit,search algorithms,0,3,-3,NO
Finance & Audit,video conferencing,0,3,-3,NO
Finance & Audit,execute,0,3,-3,NO
Finance & Audit,myob,0,3,-3,NO
Finance & Audit,system originated interfaces refers to the credit union owned system as well as external systems,0,3,-3,NO
Finance & Audit,experience in routing & switching (ospf / bgp / vlan / stp),0,3,-3,NO
Finance & Audit,process development,0,3,-3,NO
Finance & Audit,accounting software: peoplesoft / quickbooks,0,3,-3,NO
Finance & Audit,various erp systems,0,3,-3,NO
Finance & Audit,verifies and balances system originated interfaces and posts non-system generated transactions prepared from other sources,0,3,-3,NO
Finance & Audit,engineering design,0,3,-3,NO
Finance & Audit,iso9001 and as9100 auditing,0,3,-3,NO
Finance & Audit,browser support,0,3,-3,NO
Finance & Audit,numerical analysis,0,3,-3,NO
Finance & Audit,circuit design and analysis,0,3,-3,NO
Finance & Audit,virtual machine,0,3,-3,NO
Finance & Audit,npi/jdm/odm,0,3,-3,NO
Finance & Audit,microphones,0,3,-3,NO
Finance & Audit,class,0,3,-3,NO
Finance & Audit,adobe analytics,0,3,-3,NO
Finance & Audit,gd & t,0,3,-3,NO
Finance & Audit,chemistry,0,3,-3,NO
Finance & Audit,data computation libraries in python,0,3,-3,NO
Finance & Audit,investment banking,0,3,-3,NO
Finance & Audit,oracle 12c,0,3,-3,NO
Finance & Audit,3d,0,3,-3,NO
Finance & Audit,learning management: saba lms,0,3,-3,NO
Finance & Audit,executive management support,0,3,-3,NO
Finance & Audit,autodesk inventor,0,3,-3,NO
Finance & Audit,federal government experience,0,3,-3,NO
Finance & Audit,medical devices,0,3,-3,NO
Finance & Audit,maintaining inventory,0,3,-3,NO
Finance & Audit,apache,0,3,-3,NO
Finance & Audit,verilog hardware language,0,3,-3,NO
Finance & Audit,business case,0,3,-3,NO
Finance & Audit,data visualisation,0,3,-3,NO
Finance & Audit,data view,0,3,-3,NO
Finance & Audit,six sigma green belt,0,3,-3,NO
Finance & Audit,and humidity,0,3,-3,NO
Finance & Audit,quality engineer,0,3,-3,NO
Finance & Audit,toshiba certified service trained on siemens e-cam nuclear medicine camera,0,3,-3,NO
Finance & Audit,predict,0,3,-3,NO
Finance & Audit,sales and,0,3,-3,NO
Finance & Audit,abila mip fund accounting software,0,3,-3,NO
Finance & Audit,establishing goals and setting priorities,0,3,-3,NO
Finance & Audit,drawings,0,3,-3,NO
Finance & Audit,proficient in polish language,0,3,-3,NO
Finance & Audit,conflict resolution,0,3,-3,NO
Finance & Audit,desktop publishing software: photoshop,0,3,-3,NO
Finance & Audit,anaconda,0,3,-3,NO
Finance & Audit,compensation administration,0,3,-3,NO
Finance & Audit,writing skills,0,3,-3,NO
Finance & Audit,numbers,0,3,-3,NO
Finance & Audit,ascertain accuracy of financial reporting,0,3,-3,NO
Finance & Audit,jupyter notebook,0,3,-3,NO
Finance & Audit,proposal writing,0,3,-3,NO
Finance & Audit,fedex,0,3,-3,NO
Finance & Audit,fluke 115 compact true-rms digital multimeter,0,3,-3,NO
Finance & Audit,computer programming,0,3,-3,NO
Finance & Audit,lean/5s,0,3,-3,NO
Finance & Audit,inside sales,0,3,-3,NO
Finance & Audit,drive,0,3,-3,NO
Finance & Audit,administrative manager,0,3,-3,NO
Finance & Audit,google bigquery,0,3,-3,NO
Finance & Audit,lacerte tax preparation software,0,3,-3,NO
Finance & Audit,printed circuit board cad (protel),0,3,-3,NO
Finance & Audit,reading circuit schematics,0,3,-3,NO
Finance & Audit,mini-tab,0,3,-3,NO
Finance & Audit,pro-e,0,3,-3,NO
Finance & Audit,quickbooks pro 2015/2016/2017,0,3,-3,NO
Finance & Audit,troubleshooting of hardware failure,0,3,-3,NO
Finance & Audit,process development and engineering,0,3,-3,NO
Finance & Audit,sql server 2005,0,3,-3,NO
Finance & Audit,critical thinking skills,0,3,-3,NO
Finance & Audit,defect management,0,3,-3,NO
Finance & Audit,credit and total accounts on computer spreadsheets/databases,0,3,-3,NO
Finance & Audit,supervising 4,0,3,-3,NO
Finance & Audit,microsoft team foundation,0,3,-3,NO
Finance & Audit,dvp&r,0,3,-3,NO
Finance & Audit,philosophy,0,3,-3,NO
Finance & Audit,anytime scheduler,0,3,-3,NO
Finance & Audit,h.264,0,3,-3,NO
Finance & Audit,ms excel/ ms office,0,3,-3,NO
Finance & Audit,video chat support,0,3,-3,NO
Finance & Audit,cold calling,0,3,-3,NO
Finance & Audit,test stand fabrication,0,3,-3,NO
Finance & Audit,cash register,0,3,-3,NO
Finance & Audit,hdfs,0,3,-3,NO
Finance & Audit,software support,0,3,-3,NO
Finance & Audit,xlnet,0,3,-3,NO
Finance & Audit,understand different types of transmission lines: twisted pair,0,3,-3,NO
Finance & Audit,written and verbal communication skills,0,3,-3,NO
Finance & Audit,multi-meters,0,3,-3,NO
Finance & Audit,demos,0,3,-3,NO
Finance & Audit,alteryx,0,3,-3,NO
Finance & Audit,energy saving,0,3,-3,NO
Finance & Audit,federal government,0,3,-3,NO
Finance & Audit,administrative functions,0,3,-3,NO
Finance & Audit,safety member,0,3,-3,NO
Finance & Audit,algore fea,0,3,-3,NO
Finance & Audit,daily cash receipts,0,3,-3,NO
Finance & Audit,programmable logic controls (plc),0,3,-3,NO
Finance & Audit,snowflake,0,3,-3,NO
Finance & Audit,documenting operational procedures,0,3,-3,NO
Finance & Audit,computer hardware,0,3,-3,NO
Finance & Audit,secretary,0,3,-3,NO
Finance & Audit,iso 9001/as9100 standards,0,3,-3,NO
Finance & Audit,gcp,0,3,-3,NO
Finance & Audit,reading schematics,0,3,-3,NO
Finance & Audit,temperature,0,3,-3,NO
Finance & Audit,pneumatic and hydraulic theory,0,3,-3,NO
Finance & Audit,payroll & tax 940,0,3,-3,NO
Finance & Audit,good analytical skills,0,3,-3,NO
Finance & Audit,telephony,0,3,-3,NO
Finance & Audit,web design,0,3,-3,NO
Finance & Audit,telecom support,0,3,-3,NO
Finance & Audit,ios,0,3,-3,NO
Finance & Audit,and scanners,0,3,-3,NO
Finance & Audit,basic and advanced supervision training courses,0,3,-3,NO
Finance & Audit,ms office proficient,0,3,-3,NO
Finance & Audit,3ds max,0,3,-3,NO
Finance & Audit,econometrics,0,3,-3,NO
Finance & Audit,system integration testing,0,3,-3,NO
Finance & Audit,cables,0,3,-3,NO
Finance & Audit,adjustments,0,3,-3,NO
Finance & Audit,unix-solaris,0,3,-3,NO
Finance & Audit,git-stash,0,3,-3,NO
Finance & Audit,friendly,0,3,-3,NO
Finance & Audit,predictive modelling,0,3,-3,NO
Finance & Audit,cpr & first aid certified,0,3,-3,NO
Finance & Audit,patran,0,3,-3,NO
Finance & Audit,complyright,0,3,-3,NO
Finance & Audit,aws deployment,0,3,-3,NO
Finance & Audit,outlook express,0,3,-3,NO
Finance & Audit,bgp,0,3,-3,NO
Finance & Audit,paint,0,3,-3,NO
Finance & Audit,deadlines focused,0,3,-3,NO
Finance & Audit,studied and understand programmable logic controllers,0,3,-3,NO
Finance & Audit,memory,0,3,-3,NO
Finance & Audit,community health,0,3,-3,NO
Finance & Audit,pgadmin 4,0,3,-3,NO
Finance & Audit,strong desire to learn more,0,3,-3,NO
Finance & Audit,client relations development,0,3,-3,NO
Finance & Audit,sun,0,3,-3,NO
Finance & Audit,cat5e,0,3,-3,NO
Finance & Audit,on-call tech support,0,3,-3,NO
Finance & Audit,ospf,0,3,-3,NO
Finance & Audit,data engineer,0,3,-3,NO
Finance & Audit,appfolio,0,3,-3,NO
Finance & Audit,product owner,0,3,-3,NO
Finance & Audit,through cost center coding,0,3,-3,NO
Finance & Audit,lean manufacturingâ€‹,0,3,-3,NO
Finance & Audit,lucene,0,3,-3,NO
Finance & Audit,employee management,0,3,-3,NO
Finance & Audit,ridge regression,0,3,-3,NO
Finance & Audit,cloud-testing,0,3,-3,NO
Finance & Audit,engineering projects,0,3,-3,NO
Finance & Audit,analysis of financial systems,0,3,-3,NO
Finance & Audit,gpt,0,3,-3,NO
Finance & Audit,computersavvy,0,3,-3,NO
Finance & Audit,safari,0,3,-3,NO
Finance & Audit,written communications,0,3,-3,NO
Finance & Audit,tax preparation,0,3,-3,NO
Finance & Audit,photoshop,0,3,-3,NO
Finance & Audit,tax software: drake / ultra tax / turbotax,0,3,-3,NO
Finance & Audit,engineering resource management and forecasting,0,3,-3,NO
Finance & Audit,visual foxpro,0,3,-3,NO
Finance & Audit,crystal reports,0,3,-3,NO
Finance & Audit,responsible for assisting with the preparation of financial statements,0,3,-3,NO
Finance & Audit,database management and processing,0,3,-3,NO
Finance & Audit,esl students,0,3,-3,NO
Finance & Audit,efficient multi-tasker,0,3,-3,NO
Finance & Audit,one note,0,3,-3,NO
Finance & Audit,compensation/payroll,0,3,-3,NO
Finance & Audit,inventory & purchases,0,3,-3,NO
Finance & Audit,sourcetree,0,3,-3,NO
Finance & Audit,pagemaker,0,3,-3,NO
Finance & Audit,proficient in microsoft office,0,3,-3,NO
Finance & Audit,qa test,0,3,-3,NO
Finance & Audit,cisco ios,0,3,-3,NO
Finance & Audit,general office tools,0,3,-3,NO
Finance & Audit,anatomy,0,3,-3,NO
Finance & Audit,process invoices,0,3,-3,NO
Finance & Audit,programmable logic controllers,0,3,-3,NO
Finance & Audit,relational database design,0,3,-3,NO
Finance & Audit,adp ezlabor,0,3,-3,NO
Finance & Audit,dax,0,3,-3,NO
Finance & Audit,simulink,0,3,-3,NO
Finance & Audit,manufacturing yield improvement,0,3,-3,NO
Finance & Audit,electronic circuit analysis,0,3,-3,NO
Finance & Audit,inspects,0,3,-3,NO
Finance & Audit,boundary analysis,0,3,-3,NO
Finance & Audit,training manuals,0,3,-3,NO
Finance & Audit,special events,0,3,-3,NO
Finance & Audit,v-lookups,0,3,-3,NO
Finance & Audit,advanced manufacturing,0,3,-3,NO
Finance & Audit,9800,0,3,-3,NO
Finance & Audit,creative thinker,0,3,-3,NO
Finance & Audit,ringbuilder,0,3,-3,NO
Finance & Audit,paychex,0,3,-3,NO
Finance & Audit,sail point,0,3,-3,NO
Finance & Audit,preventative maintenance,0,3,-3,NO
Finance & Audit,mechanical test equipment,0,3,-3,NO
Finance & Audit,injection molding,0,3,-3,NO
Finance & Audit,accounting manager,0,3,-3,NO
Finance & Audit,dnn,0,3,-3,NO
Finance & Audit,copying,0,3,-3,NO
Finance & Audit,sox compliance,0,3,-3,NO
Finance & Audit,sklearn,0,3,-3,NO
Finance & Audit,determined,0,3,-3,NO
Finance & Audit,web based,0,3,-3,NO
Finance & Audit,microsoft sql,0,3,-3,NO
Finance & Audit,objective analysis,0,3,-3,NO
Finance & Audit,equinox,0,3,-3,NO
Finance & Audit,test artifacts: test estimation,0,3,-3,NO
Finance & Audit,iso-9001 standards,0,3,-3,NO
Finance & Audit,excellent written and verbal communication skills,0,3,-3,NO
Finance & Audit,client server,0,3,-3,NO
Finance & Audit,peoplesoft use & knowledge - queries & data mining,0,3,-3,NO
Finance & Audit,docs,0,3,-3,NO
Finance & Audit,jdbc,0,3,-3,NO
Finance & Audit,market expansion,0,3,-3,NO
Finance & Audit,aramark service trained on ge precision 500 radiology and fluoroscopic image system,0,3,-3,NO
Finance & Audit,account reconciliation processes,0,3,-3,NO
Finance & Audit,company platforms: workbench,0,3,-3,NO
Finance & Audit,equipment operation,0,3,-3,NO
Finance & Audit,executive assistant,0,3,-3,NO
Finance & Audit,mechanical design,0,3,-3,NO
Finance & Audit,six sigma tools and methodologies,0,3,-3,NO
Finance & Audit,weighing,0,3,-3,NO
Finance & Audit,dfmea,0,3,-3,NO
Finance & Audit,microsoft nt server,0,3,-3,NO
Finance & Audit,cloud architecture,0,3,-3,NO
Finance & Audit,owasp zap,0,3,-3,NO
Finance & Audit,issues management,0,3,-3,NO
Finance & Audit,oral communication,0,3,-3,NO
Finance & Audit,ms office proficiency,0,3,-3,NO
Finance & Audit,jax,0,3,-3,NO
Finance & Audit,selling and,0,3,-3,NO
Finance & Audit,wireless routers,0,3,-3,NO
Finance & Audit,counseling,0,3,-3,NO
Finance & Audit,cnc engineering,0,3,-3,NO
Finance & Audit,tax return filing,0,3,-3,NO
Finance & Audit,google colab,0,3,-3,NO
Finance & Audit,client/server,0,3,-3,NO
Finance & Audit,troubleshooting hardware,0,3,-3,NO
Finance & Audit,sorting,0,3,-3,NO
Finance & Audit,sharepoint foundation 2007/2010,0,3,-3,NO
Finance & Audit,compound synthesis,0,3,-3,NO
Finance & Audit,calculates and posts month end and year-end accruals as needed,0,3,-3,NO
Finance & Audit,sound judgment,0,3,-3,NO
Finance & Audit,correspondence,0,3,-3,NO
Finance & Audit,proficient in solidworks,0,3,-3,NO
Finance & Audit,catboost,0,3,-3,NO
Finance & Audit,data arbitration,0,3,-3,NO
Finance & Audit,electrical drafting,0,3,-3,NO
Finance & Audit,microsoft office 2003-2011,0,3,-3,NO
Finance & Audit,allen bradley rslogix,0,3,-3,NO
Finance & Audit,groovy,0,3,-3,NO
Finance & Audit,cadence,0,3,-3,NO
Finance & Audit,simultaneous,0,3,-3,NO
Finance & Audit,relationship building,0,3,-3,NO
Finance & Audit,honest,0,3,-3,NO
Finance & Audit,hp netservers,0,3,-3,NO
Finance & Audit,faxing,0,3,-3,NO
Finance & Audit,blueprint understanding,0,3,-3,NO
Finance & Audit,2k,0,3,-3,NO
Finance & Audit,proficient in microsoft word,0,3,-3,NO
Finance & Audit,state tax,0,3,-3,NO
Finance & Audit,marketing department,0,3,-3,NO
Finance & Audit,verbal and written communication,0,3,-3,NO
Finance & Audit,sql management studio,0,3,-3,NO
Finance & Audit,nastran,0,3,-3,NO
Finance & Audit,hypothesis analysis,0,3,-3,NO
Finance & Audit,desktop,0,3,-3,NO
Finance & Audit,correlation analysis,0,3,-3,NO
Finance & Audit,strong verbal communication,0,3,-3,NO
Finance & Audit,thoroughness,0,3,-3,NO
Finance & Audit,venue,0,3,-3,NO
Finance & Audit,secret clearance,0,3,-3,NO
Finance & Audit,value stream mapping,0,3,-3,NO
Finance & Audit,pfmea,0,3,-3,NO
Finance & Audit,physical therapy,0,3,-3,NO
Finance & Audit,network installation,0,3,-3,NO
Finance & Audit,equipment/wiring installation,0,3,-3,NO
Finance & Audit,monthly bank reconciliations,0,3,-3,NO
Finance & Audit,deadline compliance,0,3,-3,NO
Finance & Audit,basic processor design,0,3,-3,NO
Finance & Audit,audit report,0,3,-3,NO
Finance & Audit,weld,0,3,-3,NO
Finance & Audit,clerk,0,3,-3,NO
Finance & Audit,hwinfo,0,3,-3,NO
Finance & Audit,printing,0,3,-3,NO
Finance & Audit,hsrp and lan/wan architecture,0,3,-3,NO
Finance & Audit,project management: confluence,0,3,-3,NO
Finance & Audit,data integrity,0,3,-3,NO
Finance & Audit,ultimate boot cd (ubcd),0,3,-3,NO
Finance & Audit,hindi,0,3,-3,NO
Finance & Audit,accounts payable/accounts receivable,0,3,-3,NO
Finance & Audit,text extraction,0,3,-3,NO
Finance & Audit,excellent multitasker,0,3,-3,NO
Finance & Audit,audience,0,3,-3,NO
Finance & Audit,essbase,0,3,-3,NO
Finance & Audit,administrative: microsoft office suite,0,3,-3,NO
Finance & Audit,assembly (intel,0,3,-3,NO
Finance & Audit,talend,0,3,-3,NO
Finance & Audit,proengineer/creo,0,3,-3,NO
Finance & Audit,stat- fsi track,0,3,-3,NO
Finance & Audit,settlements,0,3,-3,NO
Finance & Audit,electronics i,0,3,-3,NO
Finance & Audit,tr069,0,3,-3,NO
Finance & Audit,forklift and crane certification,0,3,-3,NO
Finance & Audit,asp.net 4.5,0,3,-3,NO
Finance & Audit,bounding algorithms,0,3,-3,NO
Finance & Audit,oil servicing,0,3,-3,NO
Finance & Audit,real-time,0,3,-3,NO
Finance & Audit,chain management,0,3,-3,NO
Finance & Audit,engineering economy,0,3,-3,NO
Finance & Audit,welder,0,3,-3,NO
Finance & Audit,forecasting and planning,0,3,-3,NO
Finance & Audit,microsoft office proficiency,0,3,-3,NO
Finance & Audit,systems engineering management,0,3,-3,NO
Finance & Audit,dba,0,3,-3,NO
Finance & Audit,international business,0,3,-3,NO
Finance & Audit,raid,0,3,-3,NO
Finance & Audit,test coverage,0,3,-3,NO
Finance & Audit,skill 1,0,3,-3,NO
Finance & Audit,strategic planning & development,0,3,-3,NO
Finance & Audit,financial statement preparation,0,3,-3,NO
Finance & Audit,mpeg,0,3,-3,NO
Finance & Audit,electrical,0,3,-3,NO
Finance & Audit,data warehouse,0,3,-3,NO
Finance & Audit,skilled multi-tasker,0,3,-3,NO
Finance & Audit,government sell-offs,0,3,-3,NO
Finance & Audit,instrumentation and controls,0,3,-3,NO
Finance & Audit,combinatorial optimizations,0,3,-3,NO
Finance & Audit,willingness to go to whatever length it takes to solve a problem or improve a process,0,3,-3,NO
Finance & Audit,msi,0,3,-3,NO
Finance & Audit,vision systems,0,3,-3,NO
Finance & Audit,digital signal processing,0,3,-3,NO
Finance & Audit,harvard graphics,0,3,-3,NO
Finance & Audit,tube furnaces,0,3,-3,NO
Finance & Audit,database programming,0,3,-3,NO
Finance & Audit,prioritization,0,3,-3,NO
Finance & Audit,leetcode,0,3,-3,NO
Finance & Audit,quickbooks payroll systems,0,3,-3,NO
Finance & Audit,2-tier,0,3,-3,NO
Finance & Audit,maintains inventory,0,3,-3,NO
Finance & Audit,such as shared branching and atm transaction networks,0,3,-3,NO
Finance & Audit,internet accounting,0,3,-3,NO
Finance & Audit,ml engineer,0,3,-3,NO
Finance & Audit,panda,0,3,-3,NO
Finance & Audit,os/2,0,3,-3,NO
Finance & Audit,discover rct,0,3,-3,NO
Finance & Audit,seminars,0,3,-3,NO
Finance & Audit,expert in ms office suite,0,3,-3,NO
Finance & Audit,hardware and software installation,0,3,-3,NO
Finance & Audit,geometry,0,3,-3,NO
Finance & Audit,closings,0,3,-3,NO
Finance & Audit,low and high voltage devices,0,3,-3,NO
Finance & Audit,fluent in spanish,0,3,-3,NO
Finance & Audit,peak,0,3,-3,NO
Finance & Audit,valgrind,0,3,-3,NO
Finance & Audit,oral and written communication,0,3,-3,NO
Finance & Audit,power systems analysis,0,3,-3,NO
Finance & Audit,stk,0,3,-3,NO
Finance & Audit,outlook training,0,3,-3,NO
Finance & Audit,printer support,0,3,-3,NO
Finance & Audit,sql (mysql,0,3,-3,NO
Finance & Audit,vendor sourcing/relations,0,3,-3,NO
Finance & Audit,ssrs,0,3,-3,NO
Finance & Audit,turbo c++,0,3,-3,NO
Finance & Audit,remote access,0,3,-3,NO
Finance & Audit,psim,0,3,-3,NO
Finance & Audit,meticulous attention to detail,0,3,-3,NO
Finance & Audit,cost reduction and avoidance,0,3,-3,NO
Finance & Audit,government contracting,0,3,-3,NO
Finance & Audit,open source,0,3,-3,NO
Finance & Audit,calculators,0,3,-3,NO
Finance & Audit,catalog,0,3,-3,NO
Finance & Audit,coaxial,0,3,-3,NO
Finance & Audit,team builder,0,3,-3,NO
Finance & Audit,environmental health and safety,0,3,-3,NO
Finance & Audit,technical sales,0,3,-3,NO
Finance & Audit,executive decision maker,0,3,-3,NO
Finance & Audit,audio editing,0,3,-3,NO
Finance & Audit,business requirements,0,3,-3,NO
Finance & Audit,periodic financial reporting expert,0,3,-3,NO
Finance & Audit,vpn,0,3,-3,NO
Finance & Audit,process development and documentation,0,3,-3,NO
Finance & Audit,real time embedded systems,0,3,-3,NO
Finance & Audit,ssl,0,3,-3,NO
Finance & Audit,assured internal controls,0,3,-3,NO
Finance & Audit,management,0,3,-3,NO
Finance & Audit,affirmative action compliance,0,3,-3,NO
Finance & Audit,cryptography,0,3,-3,NO
Finance & Audit,aws lambda,0,3,-3,NO
Finance & Audit,recorded,0,3,-3,NO
Finance & Audit,entry level,0,3,-3,NO
Finance & Audit,heroku,0,3,-3,NO
Finance & Audit,ibm watson,0,3,-3,NO
Finance & Audit,calbench,0,3,-3,NO
Finance & Audit,develop business,0,3,-3,NO
Finance & Audit,from sales,0,3,-3,NO
Finance & Audit,discrete control system (dcs),0,3,-3,NO
Finance & Audit,network design,0,3,-3,NO
Finance & Audit,presentation,0,3,-3,NO
Finance & Audit,hospital pharmacy,0,3,-3,NO
Finance & Audit,environmental protection,0,3,-3,NO
Finance & Audit,ms office: database,0,3,-3,NO
Finance & Audit,mips assembler,0,3,-3,NO
Finance & Audit,database design,0,3,-3,NO
Finance & Audit,sales tax,0,3,-3,NO
Finance & Audit,personnel records maintenance,0,3,-3,NO
Finance & Audit,benchmarking,0,3,-3,NO
Finance & Audit,manual testing.,0,3,-3,NO
Finance & Audit,utilize oscilloscopes to measure ac frequency,0,3,-3,NO
Finance & Audit,clinical trials,0,3,-3,NO
Finance & Audit,java 1,0,3,-3,NO
Finance & Audit,profit improvement,0,3,-3,NO
Finance & Audit,apple lion,0,3,-3,NO
Finance & Audit,outgoing,0,3,-3,NO
Finance & Audit,l1 l2 regression,0,3,-3,NO
Finance & Audit,adapt to new technology at an accelerated rate,0,3,-3,NO
Finance & Audit,budget analysis,0,3,-3,NO
Finance & Audit,wireless data,0,3,-3,NO
Finance & Audit,hungry for growth and continuous learning,0,3,-3,NO
Finance & Audit,mcse,0,3,-3,NO
Finance & Audit,crystal ball,0,3,-3,NO
Finance & Audit,hiring and retention,0,3,-3,NO
Finance & Audit,management reports and board packages.,0,3,-3,NO
Finance & Audit,research associate,0,3,-3,NO
Finance & Audit,iam,0,3,-3,NO
Finance & Audit,pega,0,3,-3,NO
Finance & Audit,terminal services,0,3,-3,NO
Finance & Audit,compliance audits,0,3,-3,NO
Finance & Audit,data programming,0,3,-3,NO
Finance & Audit,data migration,0,3,-3,NO
Finance & Audit,agile methodologies,0,3,-3,NO
Finance & Audit,adobe illustrator,0,3,-3,NO
Finance & Audit,medlin,0,3,-3,NO
Finance & Audit,sqlite,0,3,-3,NO
Finance & Audit,event management,0,3,-3,NO
Finance & Audit,training design and development,0,3,-3,NO
Finance & Audit,first article inspection,0,3,-3,NO
Finance & Audit,electrical test,0,3,-3,NO
Finance & Audit,hydraulic testing,0,3,-3,NO
Finance & Audit,safety awareness,0,3,-3,NO
Finance & Audit,dell,0,3,-3,NO
Finance & Audit,test cases,0,3,-3,NO
Finance & Audit,factiva,0,3,-3,NO
Finance & Audit,requirement tracing,0,3,-3,NO
Finance & Audit,determine voltage,0,3,-3,NO
Finance & Audit,vss,0,3,-3,NO
Finance & Audit,erp implementation,0,3,-3,NO
Finance & Audit,laptops. android smartphones tables,0,3,-3,NO
Finance & Audit,data base,0,3,-3,NO
Finance & Audit,territory management,0,3,-3,NO
Finance & Audit,local remoter systems support,0,3,-3,NO
Finance & Audit,pcanywhere,0,3,-3,NO
Finance & Audit,industrial electricity,0,3,-3,NO
Finance & Audit,remote desktop and help desk management,0,3,-3,NO
Finance & Audit,scope and project definition,0,3,-3,NO
Finance & Audit,cloud computing,0,3,-3,NO
Finance & Audit,eagle accounting system,0,3,-3,NO
Finance & Audit,very proficient in soldering,0,3,-3,NO
Finance & Audit,computer management,0,3,-3,NO
Finance & Audit,civil engineer,0,3,-3,NO
Finance & Audit,ability to make decisions and solve problems,0,3,-3,NO
Finance & Audit,kpis,0,3,-3,NO
Finance & Audit,guided mechanisms,0,3,-3,NO
Finance & Audit,sales manager,0,3,-3,NO
Finance & Audit,understand overtime and on-call basis may be required,0,3,-3,NO
Finance & Audit,intuit proseries,0,3,-3,NO
Finance & Audit,office administration,0,3,-3,NO
Finance & Audit,toshiba certified service trained on aquilion 16,0,3,-3,NO
Finance & Audit,electrical mechanical,0,3,-3,NO
Finance & Audit,high attention to details,0,3,-3,NO
Finance & Audit,netscape messenger,0,3,-3,NO
Finance & Audit,mechanical/electrical engineer,0,3,-3,NO
Finance & Audit,unix terminal,0,3,-3,NO
Finance & Audit,data & network management,0,3,-3,NO
Finance & Audit,ability to stand and walk for hours at time.,0,3,-3,NO
Finance & Audit,dvb,0,3,-3,NO
Finance & Audit,google drive,0,3,-3,NO
Finance & Audit,lfacs,0,3,-3,NO
Finance & Audit,marketing/sales,0,3,-3,NO
Finance & Audit,excellent communication techniques,0,3,-3,NO
Finance & Audit,prepares budget variance reports for various departments as assigned,0,3,-3,NO
Finance & Audit,sale and,0,3,-3,NO
Finance & Audit,economic analysis,0,3,-3,NO
Finance & Audit,credit risk,0,3,-3,NO
Finance & Audit,ability to prioritize,0,3,-3,NO
Finance & Audit,cross-functional team leadership,0,3,-3,NO
Finance & Audit,ma,0,3,-3,NO
Finance & Audit,apache hive,0,3,-3,NO
Finance & Audit,sla,0,3,-3,NO
Finance & Audit,machine tools,0,3,-3,NO
Finance & Audit,15+ years of experience in accounting & bookkeeping services,0,3,-3,NO
Finance & Audit,installation of network components,0,3,-3,NO
Finance & Audit,ultratax,0,3,-3,NO
Finance & Audit,multi-task management,0,3,-3,NO
Finance & Audit,troubleshooting a network failure,0,3,-3,NO
Finance & Audit,skill 6,0,3,-3,NO
Finance & Audit,image freeway,0,3,-3,NO
Finance & Audit,phones,0,3,-3,NO
Finance & Audit,glove,0,3,-3,NO
Finance & Audit,b2c,0,3,-3,NO
Finance & Audit,statistical analysis: jmp,0,3,-3,NO
Finance & Audit,film,0,3,-3,NO
Finance & Audit,streamlit,0,3,-3,NO
Finance & Audit,analysis (linear & non-linear static,0,3,-3,NO
Finance & Audit,high efficiency,0,3,-3,NO
Finance & Audit,routing,0,3,-3,NO
Finance & Audit,lean/six sigma principles,0,3,-3,NO
Finance & Audit,t1,0,3,-3,NO
Finance & Audit,public and private accounting,0,3,-3,NO
Finance & Audit,capital expenditures,0,3,-3,NO
Finance & Audit,exceptional interpersonal communication,0,3,-3,NO
Finance & Audit,prepared various specialty reports,0,3,-3,NO
Finance & Audit,advanced material selection for rapid prototyping,0,3,-3,NO
Finance & Audit,purchase orders,0,3,-3,NO
Finance & Audit,csi,0,3,-3,NO
Finance & Audit,eclipsys,0,3,-3,NO
Finance & Audit,selenium (automated testing),0,3,-3,NO
Finance & Audit,staff management,0,3,-3,NO
Finance & Audit,lean & six sigma practitioner,0,3,-3,NO
Finance & Audit,measurement and layout,0,3,-3,NO
Finance & Audit,checks,0,3,-3,NO
Finance & Audit,exceptional interpersonal skills,0,3,-3,NO
Finance & Audit,work under pressure and deadlines,0,3,-3,NO
Finance & Audit,hardware & software design,0,3,-3,NO
Finance & Audit,administrative assistant,0,3,-3,NO
Finance & Audit,chemical engineering,0,3,-3,NO
Finance & Audit,skill 4,0,3,-3,NO
Finance & Audit,maintain files,0,3,-3,NO
Finance & Audit,derivatives,0,3,-3,NO
Finance & Audit,architect end to end,0,3,-3,NO
Finance & Audit,sales plan,0,3,-3,NO
Finance & Audit,troubleshooting specialist,0,3,-3,NO
Finance & Audit,product marketing,0,3,-3,NO
Finance & Audit,forklifts,0,3,-3,NO
Finance & Audit,idx,0,3,-3,NO
Finance & Audit,key aspect analysis,0,3,-3,NO
Finance & Audit,ec2,0,3,-3,NO
Finance & Audit,finance and tax research - lexis-nexis,0,3,-3,NO
Finance & Audit,video conferencing equipment (tv,0,3,-3,NO
Finance & Audit,research & data gathering,0,3,-3,NO
Finance & Audit,resistance and power by calculations and measurements,0,3,-3,NO
Finance & Audit,.net,0,3,-3,NO
Finance & Audit,vxworks,0,3,-3,NO
Finance & Audit,plotly,0,3,-3,NO
Finance & Audit,careful and active listener,0,3,-3,NO
Finance & Audit,invoice processing,0,3,-3,NO
Finance & Audit,lombardi,0,3,-3,NO
Finance & Audit,cms,0,3,-3,NO
Finance & Audit,qa engineering software expertise - design,0,3,-3,NO
Finance & Audit,back end,0,3,-3,NO
Finance & Audit,printer,0,3,-3,NO
Finance & Audit,adobe captivate,0,3,-3,NO
Finance & Audit,home care,0,3,-3,NO
Finance & Audit,analytical process improvement,0,3,-3,NO
Finance & Audit,vb script,0,3,-3,NO
Finance & Audit,nationalelectric code (nec),0,3,-3,NO
Finance & Audit,creative problem solving,0,3,-3,NO
Finance & Audit,pc law,0,3,-3,NO
Finance & Audit,microsoft sharepoint,0,3,-3,NO
Finance & Audit,implementing effective internal controls,0,3,-3,NO
Finance & Audit,expert in customer relations,0,3,-3,NO
Finance & Audit,game theory,0,3,-3,NO
Finance & Audit,algorithm optimization,0,3,-3,NO
Finance & Audit,company platforms: dras,0,3,-3,NO
Finance & Audit,cae softwares (hypermesh,0,3,-3,NO
Finance & Audit,process design & improvement,0,3,-3,NO
Finance & Audit,amazon redshift,0,3,-3,NO
Finance & Audit,problem-solving skills,0,3,-3,NO
Finance & Audit,epic,0,3,-3,NO
Finance & Audit,creativity and imagination,0,3,-3,NO
Finance & Audit,audits,0,3,-3,NO
Finance & Audit,company platforms: lombardi,0,3,-3,NO
Finance & Audit,passmark memtest86,0,3,-3,NO
Finance & Audit,firewall setup,0,3,-3,NO
Finance & Audit,new product design and development,0,3,-3,NO
Finance & Audit,peoplesoft finance applications,0,3,-3,NO
Finance & Audit,goals and performance,0,3,-3,NO
Finance & Audit,accounts for,0,3,-3,NO
Finance & Audit,and vouchers as well as reconciled records of bank transactions.,0,3,-3,NO
Finance & Audit,bert modelling,0,3,-3,NO
Finance & Audit,recruitment,0,3,-3,NO
Finance & Audit,risk analyst,0,3,-3,NO
Finance & Audit,waste reduction,0,3,-3,NO
Finance & Audit,arcview,0,3,-3,NO
Finance & Audit,manufacturing engineer,0,3,-3,NO
Finance & Audit,responsible and reliable,0,3,-3,NO
Finance & Audit,proficiency in area,0,3,-3,NO
Finance & Audit,cost control,0,3,-3,NO
Finance & Audit,sales reports,0,3,-3,NO
Finance & Audit,cpr certified,0,3,-3,NO
Finance & Audit,compounding,0,3,-3,NO
Finance & Audit,document reports,0,3,-3,NO
Finance & Audit,cabling and laying of cables,0,3,-3,NO
Finance & Audit,switch,0,3,-3,NO
Finance & Audit,advanced utilization microsoft office suite,0,3,-3,NO
Finance & Audit,symphony,0,3,-3,NO
Finance & Audit,technology integration,0,3,-3,NO
Finance & Audit,data storage,0,3,-3,NO
Finance & Audit,and critical thinking skills,0,3,-3,NO
Finance & Audit,pr,0,3,-3,NO
Finance & Audit,plat indexes,0,3,-3,NO
Finance & Audit,a monitor flow of credit union transactions from the various supporting systems into and out of the general ledger daily,0,3,-3,NO
Finance & Audit,malwarebytes,0,3,-3,NO
Finance & Audit,arduino ide,0,3,-3,NO
Finance & Audit,process flow,0,3,-3,NO
Finance & Audit,team leadership / cross-team collaboration,0,3,-3,NO
Finance & Audit,frx,0,3,-3,NO
Finance & Audit,iii,0,3,-3,NO
Finance & Audit,accounts payable & receivable,0,3,-3,NO
Finance & Audit,cpus,0,3,-3,NO
Finance & Audit,textwrangler,0,3,-3,NO
Finance & Audit,skilled in the operation of ms 2000,0,3,-3,NO
Finance & Audit,inductors and transformers,0,3,-3,NO
Finance & Audit,key accounts,0,3,-3,NO
Finance & Audit,formulas,0,3,-3,NO
Finance & Audit,mac osx,0,3,-3,NO
Finance & Audit,coaching/mentoring,0,3,-3,NO
Finance & Audit,document management,0,3,-3,NO
Finance & Audit,elastic search,0,3,-3,NO
Finance & Audit,er/studio,0,3,-3,NO
Finance & Audit,windows & mac os,0,3,-3,NO
Finance & Audit,cat5,0,3,-3,NO
Finance & Audit,test methodologies: regression testing,0,3,-3,NO
Finance & Audit,hammer,0,3,-3,NO
Finance & Audit,foresight imaging systems trained on dicom protocols,0,3,-3,NO
Finance & Audit,vts,0,3,-3,NO
Finance & Audit,implemented sales,0,3,-3,NO
Finance & Audit,ip addressing,0,3,-3,NO
Finance & Audit,process optimization,0,3,-3,NO
Finance & Audit,solution engineering,0,3,-3,NO
Finance & Audit,internet applications,0,3,-3,NO
Finance & Audit,ml algorithms,0,3,-3,NO
Finance & Audit,probability and stats,0,3,-3,NO
Finance & Audit,minute taking,0,3,-3,NO
Finance & Audit,company platforms: pega,0,3,-3,NO
Finance & Audit,key injection,0,3,-3,NO
Finance & Audit,mssql,0,3,-3,NO
Finance & Audit,water treatment,0,3,-3,NO
Finance & Audit,lathe,0,3,-3,NO
Finance & Audit,driver booster,0,3,-3,NO
Finance & Audit,civil engineering,0,3,-3,NO
Finance & Audit,project planning,0,3,-3,NO
Finance & Audit,tender,0,3,-3,NO
Finance & Audit,handling cash,0,3,-3,NO
Finance & Audit,accounts receivable accounts payable,0,3,-3,NO
Finance & Audit,project support,0,3,-3,NO
Finance & Audit,octave,0,3,-3,NO
Finance & Audit,curl-siege,0,3,-3,NO
Finance & Audit,highly organized,0,3,-3,NO
Finance & Audit,classification,0,3,-3,NO
Finance & Audit,nds,0,3,-3,NO
Finance & Audit,pocket pc,0,3,-3,NO
Finance & Audit,dbase,0,3,-3,NO
Finance & Audit,paper converting equipment,0,3,-3,NO
Finance & Audit,multi-state sales tax filing,0,3,-3,NO
Finance & Audit,plastics manufacturing processes,0,3,-3,NO
Finance & Audit,motivational,0,3,-3,NO
Finance & Audit,auto cad,0,3,-3,NO
Finance & Audit,html programming,0,3,-3,NO
Finance & Audit,security,0,3,-3,NO
Finance & Audit,recorded monthly transactions,0,3,-3,NO
Finance & Audit,lan aptitude,0,3,-3,NO
Finance & Audit,router,0,3,-3,NO
Finance & Audit,microsoft power pivot,0,3,-3,NO
Finance & Audit,ehrs,0,3,-3,NO
Finance & Audit,author,0,3,-3,NO
Finance & Audit,cerner,0,3,-3,NO
Finance & Audit,microprocessor,0,3,-3,NO
Finance & Audit,proposal development,0,3,-3,NO
Finance & Audit,mechanical processes,0,3,-3,NO
Finance & Audit,dasylab,0,3,-3,NO
Finance & Audit,pedague testing system,0,3,-3,NO
Finance & Audit,computer system building and repair,0,3,-3,NO
Finance & Audit,design review,0,3,-3,NO
Finance & Audit,structured,0,3,-3,NO
Finance & Audit,user support,0,3,-3,NO
Finance & Audit,project development,0,3,-3,NO
Finance & Audit,numerical and analytical ability,0,3,-3,NO
Finance & Audit,analytical and business acumen,0,3,-3,NO
Finance & Audit,netbeui,0,3,-3,NO
Finance & Audit,leadership training,0,3,-3,NO
Finance & Audit,schematic,0,3,-3,NO
Finance & Audit,staff training,0,3,-3,NO
Finance & Audit,business to business,0,3,-3,NO
Finance & Audit,automation tools,0,3,-3,NO
Finance & Audit,hotsos training,0,3,-3,NO
Finance & Audit,proofing,0,3,-3,NO
Finance & Audit,process engineering & qa management,0,3,-3,NO
Finance & Audit,cip,0,3,-3,NO
Finance & Audit,financial and accounting,0,3,-3,NO
Finance & Audit,time management ability,0,3,-3,NO
Finance & Audit,selenium,0,3,-3,NO
Finance & Audit,data interpretation,0,3,-3,NO
Finance & Audit,research and design,0,3,-3,NO
Finance & Audit,aws texualizer,0,3,-3,NO
Finance & Audit,planning modules,0,3,-3,NO
Finance & Audit,current,0,3,-3,NO
Finance & Audit,software quality assurance,0,3,-3,NO
Finance & Audit,cad packages (solidworks,0,3,-3,NO
Finance & Audit,facility management,0,3,-3,NO
Finance & Audit,bank reconciliations and general ledger expertise,0,3,-3,NO
Finance & Audit,black box,0,3,-3,NO
Finance & Audit,jvs,0,3,-3,NO
Finance & Audit,multimedia,0,3,-3,NO
Finance & Audit,life insurance,0,3,-3,NO
Finance & Audit,tv,0,3,-3,NO
Finance & Audit,unix shell/perl scripting,0,3,-3,NO
Finance & Audit,cnns,0,3,-3,NO
Finance & Audit,webgl,0,3,-3,NO
Finance & Audit,network management,0,3,-3,NO
Finance & Audit,unix shell scripts,0,3,-3,NO
Finance & Audit,operating systems: windows 7-10,0,3,-3,NO
Finance & Audit,prepare contract,0,3,-3,NO
Finance & Audit,marconi,0,3,-3,NO
Finance & Audit,tolerance analysis,0,3,-3,NO
Finance & Audit,dras,0,3,-3,NO
Finance & Audit,keynote,0,3,-3,NO
Finance & Audit,computer sales,0,3,-3,NO
Finance & Audit,roofing,0,3,-3,NO
Finance & Audit,arc flash,0,3,-3,NO
Finance & Audit,people development,0,3,-3,NO
Finance & Audit,marketing material,0,3,-3,NO
Finance & Audit,skilled concrete finisher,0,3,-3,NO
Finance & Audit,wonderware,0,3,-3,NO
Finance & Audit,generating bill of materials,0,3,-3,NO
Finance & Audit,excellent communication and presentation skills,0,3,-3,NO
Finance & Audit,photo,0,3,-3,NO
Finance & Audit,network printers,0,3,-3,NO
Finance & Audit,analyze financial statements,0,3,-3,NO
Finance & Audit,and resolving discrepancies,0,3,-3,NO
Finance & Audit,oscilloscope,0,6,-6,NO
Finance & Audit,robotics,0,6,-6,NO
Finance & Audit,angularjs,0,6,-6,NO
Finance & Audit,and marketing,0,6,-6,NO
Finance & Audit,pcs,0,6,-6,NO
Finance & Audit,restaurant manager,0,6,-6,NO
Finance & Audit,process design,0,6,-6,NO
Finance & Audit,graphs,0,6,-6,NO
Finance & Audit,unity,0,6,-6,NO
Finance & Audit,negotiation,0,6,-6,NO
Finance & Audit,marketing materials,0,6,-6,NO
Finance & Audit,office management,0,6,-6,NO
Finance & Audit,analysis,0,6,-6,NO
Finance & Audit,quickbooks expert,0,6,-6,NO
Finance & Audit,iso 9001,0,6,-6,NO
Finance & Audit,predictive analysis,0,6,-6,NO
Finance & Audit,people soft,0,6,-6,NO
Finance & Audit,generally accepted auditing standards,0,6,-6,NO
Finance & Audit,and troubleshooting,0,6,-6,NO
Finance & Audit,mac os,0,6,-6,NO
Finance & Audit,vision,0,6,-6,NO
Finance & Audit,mba,0,6,-6,NO
Finance & Audit,spacy,0,6,-6,NO
Finance & Audit,calm under pressure,0,6,-6,NO
Finance & Audit,arabic,0,6,-6,NO
Finance & Audit,balanced,0,6,-6,NO
Finance & Audit,windows xp/vista,0,6,-6,NO
Finance & Audit,data reporting,0,6,-6,NO
Finance & Audit,exceptional time management,0,6,-6,NO
Finance & Audit,lecturer,0,6,-6,NO
Finance & Audit,cognos,0,6,-6,NO
Finance & Audit,novell,0,6,-6,NO
Finance & Audit,television,0,6,-6,NO
Finance & Audit,self-motivated professional,0,6,-6,NO
Finance & Audit,illustrator,0,6,-6,NO
Finance & Audit,model building,0,6,-6,NO
Finance & Audit,dec,0,6,-6,NO
Finance & Audit,profit,0,6,-6,NO
Finance & Audit,quick books,0,6,-6,NO
Finance & Audit,ergonomics,0,6,-6,NO
Finance & Audit,month end close,0,6,-6,NO
Finance & Audit,retail marketing,0,6,-6,NO
Finance & Audit,verilog,0,6,-6,NO
Finance & Audit,power generation,0,6,-6,NO
Finance & Audit,reconciliations,0,6,-6,NO
Finance & Audit,ipx,0,6,-6,NO
Finance & Audit,jupyter,0,6,-6,NO
Finance & Audit,treasury,0,6,-6,NO
Finance & Audit,written communication skills,0,6,-6,NO
Finance & Audit,swift,0,6,-6,NO
Finance & Audit,arduino,0,6,-6,NO
Finance & Audit,positioning,0,6,-6,NO
Finance & Audit,engineering operational functions,0,6,-6,NO
Finance & Audit,rest apis,0,6,-6,NO
Finance & Audit,html/ css,0,6,-6,NO
Finance & Audit,police,0,6,-6,NO
Finance & Audit,renovation,0,6,-6,NO
Finance & Audit,motorola,0,6,-6,NO
Finance & Audit,software installation,0,6,-6,NO
Finance & Audit,debit,0,6,-6,NO
Finance & Audit,team leader,0,6,-6,NO
Finance & Audit,orcad,0,6,-6,NO
Finance & Audit,inspecting,0,6,-6,NO
Finance & Audit,payroll processing,0,6,-6,NO
Finance & Audit,dmaic,0,6,-6,NO
Finance & Audit,aia,0,6,-6,NO
Finance & Audit,product management,0,6,-6,NO
Finance & Audit,letters,0,6,-6,NO
Finance & Audit,embedded software development,0,6,-6,NO
Finance & Audit,accounts and,0,6,-6,NO
Finance & Audit,air force,0,6,-6,NO
Finance & Audit,competitive,0,6,-6,NO
Finance & Audit,bonds,0,6,-6,NO
Finance & Audit,system administration,0,6,-6,NO
Finance & Audit,cash handling,0,6,-6,NO
Finance & Audit,dos,0,6,-6,NO
Finance & Audit,army,0,6,-6,NO
Finance & Audit,process management,0,6,-6,NO
Finance & Audit,sales forecasting,0,6,-6,NO
Finance & Audit,contract administration,0,6,-6,NO
Finance & Audit,business strategy,0,6,-6,NO
Finance & Audit,property management,0,6,-6,NO
Finance & Audit,oracle),0,6,-6,NO
Finance & Audit,data trending knowledge,0,6,-6,NO
Finance & Audit,inventory levels,0,6,-6,NO
Finance & Audit,web development,0,6,-6,NO
Finance & Audit,active directory,0,6,-6,NO
Finance & Audit,fax,0,6,-6,NO
Finance & Audit,automated payroll,0,6,-6,NO
Finance & Audit,sdlc,0,6,-6,NO
Finance & Audit,prime,0,6,-6,NO
Finance & Audit,marketing and sales,0,6,-6,NO
Finance & Audit,hydraulics,0,6,-6,NO
Finance & Audit,cable,0,6,-6,NO
Finance & Audit,merchandising,0,6,-6,NO
Finance & Audit,decisive,0,6,-6,NO
Finance & Audit,web design 2,0,6,-6,NO
Finance & Audit,natural gas,0,6,-6,NO
Finance & Audit,budget preparation,0,6,-6,NO
Finance & Audit,asp,0,6,-6,NO
Finance & Audit,process payroll,0,6,-6,NO
Finance & Audit,business process improvement,0,6,-6,NO
Finance & Audit,project and visio,0,6,-6,NO
Finance & Audit,jde,0,6,-6,NO
Finance & Audit,maintain records,0,6,-6,NO
Finance & Audit,financial statement analysis,0,6,-6,NO
Finance & Audit,advanced computer proficiency (pc and mac),0,6,-6,NO
Finance & Audit,material management,0,6,-6,NO
Finance & Audit,cnn,0,6,-6,NO
Finance & Audit,algorithm development,0,6,-6,NO
Finance & Audit,accrual,0,6,-6,NO
Finance & Audit,money,0,6,-6,NO
Finance & Audit,promotional,0,6,-6,NO
Finance & Audit,trouble shooting,0,6,-6,NO
Finance & Audit,newsletter,0,6,-6,NO
Finance & Audit,functional testing,0,6,-6,NO
Finance & Audit,cash flow projections,0,6,-6,NO
Finance & Audit,huggingface,0,6,-6,NO
Finance & Audit,content management,0,6,-6,NO
Finance & Audit,laptops,0,6,-6,NO
Finance & Audit,information security,0,6,-6,NO
Finance & Audit,recuva,0,6,-6,NO
Finance & Audit,first aid,0,6,-6,NO
Finance & Audit,soap,0,6,-6,NO
Finance & Audit,workbench,0,6,-6,NO
Finance & Audit,dialysis,0,6,-6,NO
Finance & Audit,direct marketing,0,6,-6,NO
Finance & Audit,black box testing,0,6,-6,NO
Finance & Audit,application programming,0,6,-6,NO
Finance & Audit,trainer,0,6,-6,NO
Finance & Audit,requirement analysis,0,6,-6,NO
Finance & Audit,camera,0,6,-6,NO
Finance & Audit,salesforce.com crm,0,6,-6,NO
Finance & Audit,cabling,0,6,-6,NO
Finance & Audit,azure databricks,0,6,-6,NO
Finance & Audit,restapi,0,6,-6,NO
Finance & Audit,chatbot,0,6,-6,NO
Finance & Audit,ibm,0,6,-6,NO
Finance & Audit,lacerte,0,6,-6,NO
Finance & Audit,direct sales,0,6,-6,NO
Finance & Audit,installing,0,6,-6,NO
Finance & Audit,control systems,0,6,-6,NO
Finance & Audit,strategic marketing,0,6,-6,NO
Finance & Audit,bootstrap,0,6,-6,NO
Finance & Audit,data structure,0,6,-6,NO
Finance & Audit,kotlin,0,6,-6,NO
Finance & Audit,robotic,0,6,-6,NO
Finance & Audit,objective c,0,6,-6,NO
Finance & Audit,jcl,0,6,-6,NO
Finance & Audit,apqp,0,6,-6,NO
Finance & Audit,construction management,0,6,-6,NO
Finance & Audit,client relations,0,6,-6,NO
Finance & Audit,negotiating,0,6,-6,NO
Finance & Audit,corporate finance,0,6,-6,NO
Finance & Audit,financial management,0,6,-6,NO
Finance & Audit,prepare financial statements,0,6,-6,NO
Finance & Audit,tcp,0,6,-6,NO
Finance & Audit,microsoft office applications,0,6,-6,NO
Finance & Audit,sales software: salesforce.com,0,6,-6,NO
Finance & Audit,perl,0,6,-6,NO
Finance & Audit,base sas,0,6,-6,NO
Finance & Audit,deadline-oriented,0,6,-6,NO
Finance & Audit,fmea,0,6,-6,NO
Finance & Audit,a+,0,6,-6,NO
Finance & Audit,regression,0,6,-6,NO
Finance & Audit,equipment installation,0,6,-6,NO
Finance & Audit,haskell,0,6,-6,NO
Finance & Audit,strong leader,0,6,-6,NO
Finance & Audit,vista,0,6,-6,NO
Finance & Audit,fortran,0,6,-6,NO
Finance & Audit,latex,0,6,-6,NO
Finance & Audit,adaptability,0,6,-6,NO
Finance & Audit,public speaking,0,6,-6,NO
Finance & Audit,dispatching,0,6,-6,NO
Finance & Audit,unit testing,0,6,-6,NO
Finance & Audit,strategic plans,0,6,-6,NO
Finance & Audit,internet research,0,6,-6,NO
Finance & Audit,organization,0,6,-6,NO
Finance & Audit,languages,0,6,-6,NO
Finance & Audit,graphical user interface,0,6,-6,NO
Finance & Audit,tensorflowjs,0,6,-6,NO
Finance & Audit,branding,0,6,-6,NO
Finance & Audit,technical writing,0,6,-6,NO
Finance & Audit,object oriented programming,0,6,-6,NO
Finance & Audit,reinforcement learning,0,6,-6,NO
Finance & Audit,conversion,0,6,-6,NO
Finance & Audit,outside sales,0,6,-6,NO
Finance & Audit,graphql,0,6,-6,NO
Finance & Audit,increase,0,6,-6,NO
Finance & Audit,promotion,0,6,-6,NO
Finance & Audit,solutions,0,6,-6,NO
Finance & Audit,firewall,0,6,-6,NO
Finance & Audit,system analysis,0,6,-6,NO
Finance & Audit,quick learner,0,6,-6,NO
Finance & Audit,rfp,0,6,-6,NO
Finance & Audit,next,0,6,-6,NO
Finance & Audit,design process,0,6,-6,NO
Finance & Audit,xgboost,0,6,-6,NO
Finance & Audit,nec,0,6,-6,NO
Finance & Audit,operational analysis,0,6,-6,NO
Finance & Audit,manufacturing process controls,0,6,-6,NO
Finance & Audit,strategic thinker,0,6,-6,NO
Finance & Audit,analytical,0,6,-6,NO
Finance & Audit,customer care,0,6,-6,NO
Finance & Audit,multivariate analysis,0,6,-6,NO
Finance & Audit,bash,0,6,-6,NO
Finance & Audit,experimentation,0,6,-6,NO
Finance & Audit,market research,0,6,-6,NO
Finance & Audit,travel arrangements,0,6,-6,NO
Finance & Audit,invoice,0,6,-6,NO
Finance & Audit,client engagement,0,6,-6,NO
Finance & Audit,statistical modelling,0,6,-6,NO
Finance & Audit,portfolio management,0,6,-6,NO
Finance & Audit,cash receipts,0,6,-6,NO
Finance & Audit,digital logic,0,6,-6,NO
Finance & Audit,data wrangling,0,6,-6,NO
Finance & Audit,mechanical engineering,0,6,-6,NO
Finance & Audit,cash,0,6,-6,NO
Finance & Audit,mathcad,0,6,-6,NO
Finance & Audit,robotic systems,0,6,-6,NO
Finance & Audit,pytesseract,0,6,-6,NO
Finance & Audit,requirements gathering,0,6,-6,NO
Finance & Audit,staff development,0,6,-6,NO
Finance & Audit,manufacturing processes,0,6,-6,NO
Finance & Audit,general accounting,0,6,-6,NO
Finance & Audit,equipment maintenance,0,6,-6,NO
Finance & Audit,big data analytics,0,6,-6,NO
Finance & Audit,research analysis,0,6,-6,NO
Finance & Audit,kronos,0,6,-6,NO
Finance & Audit,cashier,0,6,-6,NO
Finance & Audit,hardware design,0,6,-6,NO
Finance & Audit,variance analysis,0,6,-6,NO
Finance & Audit,automation design,0,6,-6,NO
Finance & Audit,systems engineering,0,6,-6,NO
Finance & Audit,ordering,0,6,-6,NO
Finance & Audit,real time,0,6,-6,NO
Finance & Audit,as400,0,6,-6,NO
Finance & Audit,manual testing,0,6,-6,NO
Finance & Audit,mac,0,6,-6,NO
Finance & Audit,budget development,0,6,-6,NO
Finance & Audit,council,0,6,-6,NO
Finance & Audit,sarbanes-oxley,0,6,-6,NO
Finance & Audit,interpersonal,0,6,-6,NO
Finance & Audit,drivers,0,6,-6,NO
Finance & Audit,personnel management,0,6,-6,NO
Finance & Audit,scanners,0,6,-6,NO
Finance & Audit,decision-making,0,6,-6,NO
Finance & Audit,random forest,0,6,-6,NO
Finance & Audit,ifrs,0,6,-6,NO
Finance & Audit,written communication,0,6,-6,NO
Finance & Audit,timberline,0,6,-6,NO
Finance & Audit,bookkeeper,0,6,-6,NO
Finance & Audit,customer analytics,0,6,-6,NO
Finance & Audit,website,0,6,-6,NO
Finance & Audit,decision tree,0,6,-6,NO
Finance & Audit,python programming,0,6,-6,NO
Finance & Audit,market trends,0,6,-6,NO
Finance & Audit,debugging,0,6,-6,NO
Finance & Audit,its,0,6,-6,NO
Finance & Audit,ui design,0,6,-6,NO
Finance & Audit,maintain inventory,0,6,-6,NO
Finance & Audit,human resource,0,6,-6,NO
Finance & Audit,consultant,0,6,-6,NO
Finance & Audit,analytical skills,0,6,-6,NO
Finance & Audit,ms visual studio,0,6,-6,NO
Finance & Audit,sql (postgresql,0,6,-6,NO
Finance & Audit,training programs,0,6,-6,NO
Finance & Audit,risk assessment,0,6,-6,NO
Finance & Audit,html5,0,6,-6,NO
Finance & Audit,design and construction,0,6,-6,NO
Finance & Audit,quickbooks pro,0,6,-6,NO
Finance & Audit,material science,0,6,-6,NO
Finance & Audit,business writing,0,6,-6,NO
Finance & Audit,test plan,0,6,-6,NO
Finance & Audit,windows 7,0,6,-6,NO
Finance & Audit,home health,0,6,-6,NO
Finance & Audit,ims,0,6,-6,NO
Finance & Audit,tango,0,6,-6,NO
Finance & Audit,anova,0,6,-6,NO
Finance & Audit,storage area network,0,6,-6,NO
Finance & Audit,transmission,0,6,-6,NO
Finance & Audit,advanced bookkeeping skills,0,6,-6,NO
Finance & Audit,ieee,0,6,-6,NO
Finance & Audit,lighting,0,6,-6,NO
Finance & Audit,esd,0,6,-6,NO
Finance & Audit,vba,0,6,-6,NO
Finance & Audit,communicator,0,6,-6,NO
Finance & Audit,superior attention to detail,0,6,-6,NO
Finance & Audit,quick,0,6,-6,NO
Finance & Audit,financial accounting,0,6,-6,NO
Finance & Audit,microsoft,0,6,-6,NO
Finance & Audit,hand tools,0,6,-6,NO
Finance & Audit,ruby,0,6,-6,NO
Finance & Audit,plc programming,0,6,-6,NO
Finance & Audit,scala,0,6,-6,NO
Finance & Audit,springboot,0,6,-6,NO
Finance & Audit,quantitative analysis,0,6,-6,NO
Finance & Audit,business solutions,0,6,-6,NO
Finance & Audit,front office,0,6,-6,NO
Finance & Audit,business administration,0,6,-6,NO
Finance & Audit,human resources,0,6,-6,NO
Finance & Audit,food safety,0,6,-6,NO
Finance & Audit,html/css,0,6,-6,NO
Finance & Audit,kanban,0,6,-6,NO
Finance & Audit,ip,0,6,-6,NO
Finance & Audit,integrator,0,6,-6,NO
Finance & Audit,data integration,0,6,-6,NO
Finance & Audit,eda,0,6,-6,NO
Finance & Audit,web design 1,0,6,-6,NO
Finance & Audit,oral,0,6,-6,NO
Finance & Audit,network protocols,0,6,-6,NO
Finance & Audit,mas90,0,6,-6,NO
Finance & Audit,ms project,0,6,-6,NO
Finance & Audit,mis,0,6,-6,NO
Finance & Audit,calculator,0,6,-6,NO
Finance & Audit,c/c++,0,6,-6,NO
Finance & Audit,strong interpersonal skills,0,6,-6,NO
Finance & Audit,workshops,0,6,-6,NO
Finance & Audit,marketing plan,0,6,-6,NO
Finance & Audit,svm,0,6,-6,NO
Finance & Audit,scripts,0,6,-6,NO
Finance & Audit,signal generators,0,6,-6,NO
Finance & Audit,github,0,6,-6,NO
Finance & Audit,application support,0,6,-6,NO
Finance & Audit,pycharm,0,6,-6,NO
Finance & Audit,software training,0,6,-6,NO
Finance & Audit,blueprints,0,6,-6,NO
Finance & Audit,integration,0,6,-6,NO
Finance & Audit,consultation,0,6,-6,NO
Finance & Audit,annual reports,0,6,-6,NO
Finance & Audit,fashion,0,6,-6,NO
Finance & Audit,cash management,0,6,-6,NO
Finance & Audit,equity,0,6,-6,NO
Finance & Audit,gps,0,6,-6,NO
Finance & Audit,netscape,0,6,-6,NO
Finance & Audit,hyperion,0,6,-6,NO
Finance & Audit,team work,0,6,-6,NO
Finance & Audit,kaizen,0,6,-6,NO
Finance & Audit,bluebeam,0,6,-6,NO
Finance & Audit,investments,0,6,-6,NO
Finance & Audit,outlook),0,6,-6,NO
Finance & Audit,data acquisition,0,6,-6,NO
Finance & Audit,financial operations,0,6,-6,NO
Finance & Audit,supply chain management,0,6,-6,NO
Finance & Audit,proactive,0,6,-6,NO
Finance & Audit,computer systems,0,6,-6,NO
Finance & Audit,windows 2000,0,6,-6,NO
Finance & Audit,visual basics,0,6,-6,NO
Finance & Audit,technical plan execution aptitude,0,6,-6,NO
Finance & Audit,a/p,0,6,-6,NO
Finance & Audit,cash flow analysis,0,6,-6,NO
Finance & Audit,verbal communication skills,0,6,-6,NO
Finance & Audit,sales management,0,6,-6,NO
Finance & Audit,budget forecasting expertise,0,6,-6,NO
Finance & Audit,asset management,0,6,-6,NO
Finance & Audit,driving,0,9,-9,NO
Finance & Audit,cost reduction,0,9,-9,NO
Finance & Audit,data processing,0,9,-9,NO
Finance & Audit,image,0,9,-9,NO
Finance & Audit,accounting operations professional,0,9,-9,NO
Finance & Audit,accounts payables,0,9,-9,NO
Finance & Audit,customer relations,0,9,-9,NO
Finance & Audit,type,0,9,-9,NO
Finance & Audit,month-end closing,0,9,-9,NO
Finance & Audit,scheme,0,9,-9,NO
Finance & Audit,vhf,0,9,-9,NO
Finance & Audit,relationship management,0,9,-9,NO
Finance & Audit,experiments,0,9,-9,NO
Finance & Audit,accounting software,0,9,-9,NO
Finance & Audit,gis,0,9,-9,NO
Finance & Audit,windows xp,0,9,-9,NO
Finance & Audit,microstation,0,9,-9,NO
Finance & Audit,interpersonal skills,0,9,-9,NO
Finance & Audit,manufacturing process,0,9,-9,NO
Finance & Audit,c programming,0,9,-9,NO
Finance & Audit,jenkins,0,9,-9,NO
Finance & Audit,asp.net,0,9,-9,NO
Finance & Audit,db2,0,9,-9,NO
Finance & Audit,training materials,0,9,-9,NO
Finance & Audit,grants,0,9,-9,NO
Finance & Audit,project,0,9,-9,NO
Finance & Audit,power supplies,0,9,-9,NO
Finance & Audit,testing,0,9,-9,NO
Finance & Audit,catia,0,9,-9,NO
Finance & Audit,ann,0,9,-9,NO
Finance & Audit,wireshark,0,9,-9,NO
Finance & Audit,inventor,0,9,-9,NO
Finance & Audit,charts,0,9,-9,NO
Finance & Audit,cisco,0,9,-9,NO
Finance & Audit,heuristics,0,9,-9,NO
Finance & Audit,flexible team player,0,9,-9,NO
Finance & Audit,solid works,0,9,-9,NO
Finance & Audit,teamviewer,0,9,-9,NO
Finance & Audit,graphic,0,9,-9,NO
Finance & Audit,multimeters,0,9,-9,NO
Finance & Audit,qa,0,9,-9,NO
Finance & Audit,r programming,0,9,-9,NO
Finance & Audit,carpentry,0,9,-9,NO
Finance & Audit,speaking,0,9,-9,NO
Finance & Audit,negotiations,0,9,-9,NO
Finance & Audit,pick,0,9,-9,NO
Finance & Audit,cobol,0,9,-9,NO
Finance & Audit,window,0,9,-9,NO
Finance & Audit,balance sheets,0,9,-9,NO
Finance & Audit,analyst,0,9,-9,NO
Finance & Audit,android,0,9,-9,NO
Finance & Audit,risk analysis,0,9,-9,NO
Finance & Audit,self-motivated,0,9,-9,NO
Finance & Audit,vb.net,0,9,-9,NO
Finance & Audit,organizing,0,9,-9,NO
Finance & Audit,sop,0,9,-9,NO
Finance & Audit,postman,0,9,-9,NO
Finance & Audit,mailing,0,9,-9,NO
Finance & Audit,process engineering,0,9,-9,NO
Finance & Audit,agile methodology,0,9,-9,NO
Finance & Audit,conferences,0,9,-9,NO
Finance & Audit,data scientist,0,9,-9,NO
Finance & Audit,pivot tables,0,9,-9,NO
Finance & Audit,expense reports,0,9,-9,NO
Finance & Audit,adobe acrobat,0,9,-9,NO
Finance & Audit,fundraising,0,9,-9,NO
Finance & Audit,edge,0,9,-9,NO
Finance & Audit,lotus notes,0,9,-9,NO
Finance & Audit,performance reviews,0,9,-9,NO
Finance & Audit,natural,0,9,-9,NO
Finance & Audit,lstm,0,9,-9,NO
Finance & Audit,conversational ai,0,9,-9,NO
Finance & Audit,visual studio code,0,9,-9,NO
Finance & Audit,business management,0,9,-9,NO
Finance & Audit,communication skills,0,9,-9,NO
Finance & Audit,decision trees,0,9,-9,NO
Finance & Audit,vhdl,0,9,-9,NO
Finance & Audit,law,0,9,-9,NO
Finance & Audit,python (django),0,9,-9,NO
Finance & Audit,upgrades,0,9,-9,NO
Finance & Audit,supply chain,0,9,-9,NO
Finance & Audit,learning algorithm,0,9,-9,NO
Finance & Audit,typing,0,9,-9,NO
Finance & Audit,nodejs,0,9,-9,NO
Finance & Audit,surveys,0,9,-9,NO
Finance & Audit,siemens,0,9,-9,NO
Finance & Audit,websites,0,9,-9,NO
Finance & Audit,team building,0,9,-9,NO
Finance & Audit,tcp/ip,0,9,-9,NO
Finance & Audit,self-starter,0,9,-9,NO
Finance & Audit,eclipse,0,9,-9,NO
Finance & Audit,modems,0,9,-9,NO
Finance & Audit,data management,0,9,-9,NO
Finance & Audit,cloud,0,9,-9,NO
Finance & Audit,monitors,0,9,-9,NO
Finance & Audit,technical documentation,0,9,-9,NO
Finance & Audit,azure,0,9,-9,NO
Finance & Audit,failure analysis,0,9,-9,NO
Finance & Audit,uhf,0,9,-9,NO
Finance & Audit,fast,0,9,-9,NO
Finance & Audit,system integration,0,9,-9,NO
Finance & Audit,technician,0,9,-9,NO
Finance & Audit,problem solving skills,0,9,-9,NO
Finance & Audit,leadership development,0,9,-9,NO
Finance & Audit,customer support,0,9,-9,NO
Finance & Audit,telecommunications,0,9,-9,NO
Finance & Audit,adp,0,9,-9,NO
Finance & Audit,preparation of financial statements,0,9,-9,NO
Finance & Audit,data extraction,0,9,-9,NO
Finance & Audit,streamline,0,9,-9,NO
Finance & Audit,java script,0,9,-9,NO
Finance & Audit,supervisory,0,9,-9,NO
Finance & Audit,configuring,0,9,-9,NO
Finance & Audit,requirement,0,9,-9,NO
Finance & Audit,ms visio,0,9,-9,NO
Finance & Audit,atm,0,9,-9,NO
Finance & Audit,job costing,0,9,-9,NO
Finance & Audit,microsoft applications,0,9,-9,NO
Finance & Audit,adobe photoshop,0,9,-9,NO
Finance & Audit,audit,0,9,-9,NO
Finance & Audit,technical architecture,0,9,-9,NO
Finance & Audit,intel,0,9,-9,NO
Finance & Audit,win,0,9,-9,NO
Finance & Audit,strong organizational skills,0,9,-9,NO
Finance & Audit,agile,0,9,-9,NO
Finance & Audit,iso,0,9,-9,NO
Finance & Audit,flutter,0,9,-9,NO
Finance & Audit,kafka,0,9,-9,NO
Finance & Audit,dynamic html5,0,9,-9,NO
Finance & Audit,invoice coding familiarity,0,9,-9,NO
Finance & Audit,painting,0,9,-9,NO
Finance & Audit,instruction,0,9,-9,NO
Finance & Audit,software testing,0,9,-9,NO
Finance & Audit,imaging,0,9,-9,NO
Finance & Audit,marketing strategies,0,9,-9,NO
Finance & Audit,radar,0,9,-9,NO
Finance & Audit,cnc,0,9,-9,NO
Finance & Audit,producing,0,9,-9,NO
Finance & Audit,rest,0,9,-9,NO
Finance & Audit,trial balance,0,9,-9,NO
Finance & Audit,doors,0,9,-9,NO
Finance & Audit,kubernetes,0,9,-9,NO
Finance & Audit,oil,0,9,-9,NO
Finance & Audit,macros,0,9,-9,NO
Finance & Audit,bridges,0,9,-9,NO
Finance & Audit,general ledger accounting,0,9,-9,NO
Finance & Audit,pspice,0,9,-9,NO
Finance & Audit,logic,0,9,-9,NO
Finance & Audit,bi,0,12,-12,NO
Finance & Audit,supervising,0,12,-12,NO
Finance & Audit,visual c++,0,12,-12,NO
Finance & Audit,features,0,12,-12,NO
Finance & Audit,plumbing,0,12,-12,NO
Finance & Audit,invoicing,0,12,-12,NO
Finance & Audit,analytical reasoning,0,12,-12,NO
Finance & Audit,adobe,0,12,-12,NO
Finance & Audit,electrical engineering,0,12,-12,NO
Finance & Audit,microsoft windows,0,12,-12,NO
Finance & Audit,tables,0,12,-12,NO
Finance & Audit,voip,0,12,-12,NO
Finance & Audit,javascript (angular),0,12,-12,NO
Finance & Audit,atl,0,12,-12,NO
Finance & Audit,data cleaning,0,12,-12,NO
Finance & Audit,reading,0,12,-12,NO
Finance & Audit,public relations,0,12,-12,NO
Finance & Audit,bert,0,12,-12,NO
Finance & Audit,organizational,0,12,-12,NO
Finance & Audit,results-oriented,0,12,-12,NO
Finance & Audit,erp,0,12,-12,NO
Finance & Audit,express,0,12,-12,NO
Finance & Audit,scanning,0,12,-12,NO
Finance & Audit,team leadership,0,12,-12,NO
Finance & Audit,power distribution,0,12,-12,NO
Finance & Audit,operating systems,0,12,-12,NO
Finance & Audit,wiring,0,12,-12,NO
Finance & Audit,cost analysis,0,12,-12,NO
Finance & Audit,mb,0,12,-12,NO
Finance & Audit,threads,0,12,-12,NO
Finance & Audit,communication,0,12,-12,NO
Finance & Audit,ad,0,12,-12,NO
Finance & Audit,explorer,0,12,-12,NO
Finance & Audit,repairing,0,12,-12,NO
Finance & Audit,protocols,0,12,-12,NO
Finance & Audit,operations,0,12,-12,NO
Finance & Audit,databases,0,12,-12,NO
Finance & Audit,machine learning engineer,0,12,-12,NO
Finance & Audit,advanced excel,0,12,-12,NO
Finance & Audit,dbms,0,12,-12,NO
Finance & Audit,os,0,12,-12,NO
Finance & Audit,publisher,0,12,-12,NO
Finance & Audit,leadership skills,0,12,-12,NO
Finance & Audit,dns,0,12,-12,NO
Finance & Audit,nas,0,12,-12,NO
Finance & Audit,rnn,0,12,-12,NO
Finance & Audit,apple,0,12,-12,NO
Finance & Audit,proxy,0,12,-12,NO
Finance & Audit,embedded systems,0,12,-12,NO
Finance & Audit,project plans,0,12,-12,NO
Finance & Audit,nltk,0,12,-12,NO
Finance & Audit,change management,0,12,-12,NO
Finance & Audit,upgrade,0,12,-12,NO
Finance & Audit,fast learner,0,12,-12,NO
Finance & Audit,new product development,0,12,-12,NO
Finance & Audit,accounting systems,0,12,-12,NO
Finance & Audit,supervisor,0,12,-12,NO
Finance & Audit,ms access,0,12,-12,NO
Finance & Audit,hiring,0,12,-12,NO
Finance & Audit,billings,0,12,-12,NO
Finance & Audit,e-mail,0,12,-12,NO
Finance & Audit,process control,0,12,-12,NO
Finance & Audit,writer,0,12,-12,NO
Finance & Audit,navy,0,12,-12,NO
Finance & Audit,spanish,0,12,-12,NO
Finance & Audit,researching,0,12,-12,NO
Finance & Audit,welding,0,12,-12,NO
Finance & Audit,data warehousing,0,12,-12,NO
Finance & Audit,ap,0,12,-12,NO
Finance & Audit,mathematics,0,12,-12,NO
Finance & Audit,selling,0,12,-12,NO
Finance & Audit,recording,0,12,-12,NO
Finance & Audit,effective time management,0,12,-12,NO
Finance & Audit,statistical process control,0,12,-12,NO
Finance & Audit,encryption,0,12,-12,NO
Finance & Audit,sql server,0,12,-12,NO
Finance & Audit,rdbms,0,12,-12,NO
Finance & Audit,client management,0,12,-12,NO
Finance & Audit,packaging,0,12,-12,NO
Finance & Audit,jd edwards,0,12,-12,NO
Finance & Audit,estimating,0,12,-12,NO
Finance & Audit,soldering,0,12,-12,NO
Finance & Audit,innovation,0,12,-12,NO
Finance & Audit,self motivated,0,12,-12,NO
Finance & Audit,switches,0,12,-12,NO
Finance & Audit,firebase,0,12,-12,NO
Finance & Audit,data validation,0,12,-12,NO
Finance & Audit,dhcp,0,12,-12,NO
Finance & Audit,view,0,12,-12,NO
Finance & Audit,great plains,0,12,-12,NO
Finance & Audit,academic,0,12,-12,NO
Finance & Audit,inventory management,0,12,-12,NO
Finance & Audit,printers,0,12,-12,NO
Finance & Audit,oscilloscopes,0,12,-12,NO
Finance & Audit,root cause analysis,0,12,-12,NO
Finance & Audit,microsoft azure,0,12,-12,NO
Finance & Audit,microsoft visio,0,12,-12,NO
Finance & Audit,application development,0,12,-12,NO
Finance & Audit,ms office suite,0,12,-12,NO
Finance & Audit,developer,0,12,-12,NO
Finance & Audit,rendering,0,12,-12,NO
Finance & Audit,mfc,0,12,-12,NO
Finance & Audit,quicken,0,12,-12,NO
Finance & Audit,directing,0,12,-12,NO
Finance & Audit,organizational skills,0,12,-12,NO
Finance & Audit,data manipulation,0,12,-12,NO
Finance & Audit,ids,0,12,-12,NO
Finance & Audit,transformers,0,12,-12,NO
Finance & Audit,radio,0,12,-12,NO
Finance & Audit,director,0,15,-15,NO
Finance & Audit,peoplesoft,0,15,-15,NO
Finance & Audit,hp,0,15,-15,NO
Finance & Audit,visual studio,0,15,-15,NO
Finance & Audit,video editing,0,15,-15,NO
Finance & Audit,visio,0,15,-15,NO
Finance & Audit,cpa,0,15,-15,NO
Finance & Audit,ansys,0,15,-15,NO
Finance & Audit,audio,0,15,-15,NO
Finance & Audit,ms word,0,15,-15,NO
Finance & Audit,microsoft outlook,0,15,-15,NO
Finance & Audit,mentor,0,15,-15,NO
Finance & Audit,general ledger accounts,0,15,-15,NO
Finance & Audit,teaching,0,15,-15,NO
Finance & Audit,seaborn,0,15,-15,NO
Finance & Audit,text analysis,0,15,-15,NO
Finance & Audit,strong communication skills,0,15,-15,NO
Finance & Audit,hadoop,0,15,-15,NO
Finance & Audit,nosql,0,15,-15,NO
Finance & Audit,spss,0,15,-15,NO
Finance & Audit,jira,0,15,-15,NO
Finance & Audit,enterprise,0,15,-15,NO
Finance & Audit,pattern recognition,0,15,-15,NO
Finance & Audit,tax returns,0,15,-15,NO
Finance & Audit,internet explorer,0,15,-15,NO
Finance & Audit,strategic,0,15,-15,NO
Finance & Audit,modeling,0,15,-15,NO
Finance & Audit,data collection,0,15,-15,NO
Finance & Audit,bank reconciliation,0,15,-15,NO
Finance & Audit,focus,0,15,-15,NO
Finance & Audit,risk management,0,15,-15,NO
Finance & Audit,works,0,15,-15,NO
Finance & Audit,data modelling,0,15,-15,NO
Finance & Audit,physics,0,15,-15,NO
Finance & Audit,layout,0,15,-15,NO
Finance & Audit,text analytics,0,15,-15,NO
Finance & Audit,product development,0,15,-15,NO
Finance & Audit,software engineer,0,15,-15,NO
Finance & Audit,laser,0,15,-15,NO
Finance & Audit,mentoring,0,15,-15,NO
Finance & Audit,transportation,0,15,-15,NO
Finance & Audit,hvac,0,15,-15,NO
Finance & Audit,spark,0,15,-15,NO
Finance & Audit,accounting system,0,15,-15,NO
Finance & Audit,complex problem solving,0,15,-15,NO
Finance & Audit,regression analysis,0,15,-15,NO
Finance & Audit,taxes,0,15,-15,NO
Finance & Audit,accounts receivables,0,15,-15,NO
Finance & Audit,approach,0,15,-15,NO
Finance & Audit,continuous improvement,0,15,-15,NO
Finance & Audit,new business development,0,15,-15,NO
Finance & Audit,messaging,0,15,-15,NO
Finance & Audit,oop,0,15,-15,NO
Finance & Audit,http,0,15,-15,NO
Finance & Audit,ms excel,0,15,-15,NO
Finance & Audit,customer relationship management,0,15,-15,NO
Finance & Audit,text mining,0,15,-15,NO
Finance & Audit,power point,0,15,-15,NO
Finance & Audit,instructor,0,15,-15,NO
Finance & Audit,ftp,0,15,-15,NO
Finance & Audit,maintenance,0,15,-15,NO
Finance & Audit,troubleshoot,0,15,-15,NO
Finance & Audit,coding,0,15,-15,NO
Finance & Audit,scikit-learn,0,15,-15,NO
Finance & Audit,cad,0,15,-15,NO
Finance & Audit,account reconciliation,0,15,-15,NO
Finance & Audit,customer satisfaction,0,15,-15,NO
Finance & Audit,financials,0,15,-15,NO
Finance & Audit,administrative,0,15,-15,NO
Finance & Audit,retail,0,15,-15,NO
Finance & Audit,direction,0,15,-15,NO
Finance & Audit,schematics,0,15,-15,NO
Finance & Audit,test equipment,0,15,-15,NO
Finance & Audit,ar,0,15,-15,NO
Finance & Audit,controller,0,15,-15,NO
Finance & Audit,business analyst,0,15,-15,NO
Finance & Audit,information technology,0,15,-15,NO
Finance & Audit,electrical systems,0,15,-15,NO
Finance & Audit,cli,0,15,-15,NO
Finance & Audit,plc,0,15,-15,NO
Finance & Audit,migration,0,15,-15,NO
Finance & Audit,routers,0,15,-15,NO
Finance & Audit,electronics,0,15,-15,NO
Finance & Audit,hr,0,15,-15,NO
Finance & Audit,payables,0,15,-15,NO
Finance & Audit,spreadsheet,0,15,-15,NO
Finance & Audit,specification,0,15,-15,NO
Finance & Audit,team lead,0,15,-15,NO
Finance & Audit,accruals,0,15,-15,NO
Finance & Audit,read,0,15,-15,NO
Finance & Audit,record keeping,0,15,-15,NO
Finance & Audit,balance,0,18,-18,NO
Finance & Audit,microsoft powerpoint,0,18,-18,NO
Finance & Audit,workflow,0,18,-18,NO
Finance & Audit,advertising,0,18,-18,NO
Finance & Audit,account reconciliation expert,0,18,-18,NO
Finance & Audit,assembly,0,18,-18,NO
Finance & Audit,servers,0,18,-18,NO
Finance & Audit,2000,0,18,-18,NO
Finance & Audit,cash flow,0,18,-18,NO
Finance & Audit,labview,0,18,-18,NO
Finance & Audit,team player,0,18,-18,NO
Finance & Audit,bookkeeping,0,18,-18,NO
Finance & Audit,spreadsheets,0,18,-18,NO
Finance & Audit,dc,0,18,-18,NO
Finance & Audit,gui,0,18,-18,NO
Finance & Audit,microsoft office suite,0,18,-18,NO
Finance & Audit,drawing,0,18,-18,NO
Finance & Audit,clerical,0,18,-18,NO
Finance & Audit,problem solving,0,18,-18,NO
Finance & Audit,gl,0,18,-18,NO
Finance & Audit,program management,0,18,-18,NO
Finance & Audit,solidworks,0,18,-18,NO
Finance & Audit,calibration,0,18,-18,NO
Finance & Audit,crm,0,18,-18,NO
Finance & Audit,reconciling,0,18,-18,NO
Finance & Audit,lan,0,18,-18,NO
Finance & Audit,auditing,0,18,-18,NO
Finance & Audit,broadcast,0,18,-18,NO
Finance & Audit,backup,0,18,-18,NO
Finance & Audit,business objects,0,18,-18,NO
Finance & Audit,sage,0,18,-18,NO
Finance & Audit,utilities,0,18,-18,NO
Finance & Audit,coaching,0,18,-18,NO
Finance & Audit,minitab,0,18,-18,NO
Finance & Audit,pricing,0,18,-18,NO
Finance & Audit,book,0,18,-18,NO
Finance & Audit,big data,0,18,-18,NO
Finance & Audit,simulation,0,18,-18,NO
Finance & Audit,hive,0,18,-18,NO
Finance & Audit,json,0,18,-18,NO
Finance & Audit,benefits,0,18,-18,NO
Finance & Audit,sas,0,18,-18,NO
Finance & Audit,database management,0,18,-18,NO
Finance & Audit,administrative support,0,18,-18,NO
Finance & Audit,editing,0,18,-18,NO
Finance & Audit,docker,0,18,-18,NO
Finance & Audit,detail-oriented,0,18,-18,NO
Finance & Audit,page,0,18,-18,NO
Finance & Audit,team management,0,18,-18,NO
Finance & Audit,agency,0,18,-18,NO
Finance & Audit,networks,0,18,-18,NO
Finance & Audit,operations management,0,18,-18,NO
Finance & Audit,government,0,18,-18,NO
Finance & Audit,receiving,0,18,-18,NO
Finance & Audit,account management,0,18,-18,NO
Finance & Audit,content,0,18,-18,NO
Finance & Audit,critical thinking,0,21,-21,NO
Finance & Audit,ca,0,21,-21,NO
Finance & Audit,training,0,21,-21,NO
Finance & Audit,postgresql,0,21,-21,NO
Finance & Audit,requirement gathering,0,21,-21,NO
Finance & Audit,software developer,0,21,-21,NO
Finance & Audit,unix,0,21,-21,NO
Finance & Audit,san,0,21,-21,NO
Finance & Audit,php,0,21,-21,NO
Finance & Audit,strategic planning,0,21,-21,NO
Finance & Audit,predictive analytics,0,21,-21,NO
Finance & Audit,concept,0,21,-21,NO
Finance & Audit,optimization,0,21,-21,NO
Finance & Audit,account reconciliations,0,21,-21,NO
Finance & Audit,statistical modeling,0,21,-21,NO
Finance & Audit,mail,0,21,-21,NO
Finance & Audit,staffing,0,21,-21,NO
Finance & Audit,lean manufacturing,0,21,-21,NO
Finance & Audit,microsoft project,0,21,-21,NO
Finance & Audit,drafting,0,21,-21,NO
Finance & Audit,clustering,0,21,-21,NO
Finance & Audit,real estate,0,21,-21,NO
Finance & Audit,legal,0,21,-21,NO
Finance & Audit,time series analysis,0,21,-21,NO
Finance & Audit,strategy,0,21,-21,NO
Finance & Audit,ledger,0,24,-24,NO
Finance & Audit,scrum,0,24,-24,NO
Finance & Audit,bank reconciliations,0,24,-24,NO
Finance & Audit,xml,0,24,-24,NO
Finance & Audit,financial analysis,0,24,-24,NO
Finance & Audit,data entry,0,24,-24,NO
Finance & Audit,flask,0,24,-24,NO
Finance & Audit,english,0,24,-24,NO
Finance & Audit,financial reporting,0,24,-24,NO
Finance & Audit,telephone,0,24,-24,NO
Finance & Audit,statistics,0,24,-24,NO
Finance & Audit,basic,0,24,-24,NO
Finance & Audit,six sigma,0,24,-24,NO
Finance & Audit,django,0,24,-24,NO
Finance & Audit,funds,0,24,-24,NO
Finance & Audit,visual basic,0,24,-24,NO
Finance & Audit,senior management,0,24,-24,NO
Finance & Audit,api,0,24,-24,NO
Finance & Audit,sharepoint,0,24,-24,NO
Finance & Audit,presentations,0,24,-24,NO
Finance & Audit,com,0,24,-24,NO
Finance & Audit,opencv,0,24,-24,NO
Finance & Audit,image processing,0,24,-24,NO
Finance & Audit,power bi,0,24,-24,NO
Finance & Audit,email,0,24,-24,NO
Finance & Audit,accountant,0,24,-24,NO
Finance & Audit,inventory control,0,24,-24,NO
Finance & Audit,written,0,24,-24,NO
Finance & Audit,video,0,27,-27,NO
Finance & Audit,microsoft access,0,27,-27,NO
Finance & Audit,machinery,0,27,-27,NO
Finance & Audit,accounts receivable,0,27,-27,NO
Finance & Audit,shipping,0,27,-27,NO
Finance & Audit,validation,0,27,-27,NO
Finance & Audit,designing,0,27,-27,NO
Finance & Audit,quality control,0,27,-27,NO
Finance & Audit,peachtree,0,27,-27,NO
Finance & Audit,filing,0,27,-27,NO
Finance & Audit,business development,0,27,-27,NO
Finance & Audit,programming,0,27,-27,NO
Finance & Audit,nlp,0,27,-27,NO
Finance & Audit,algorithms,0,27,-27,NO
Finance & Audit,software engineering,0,27,-27,NO
Finance & Audit,procurement,0,27,-27,NO
Finance & Audit,year-end,0,27,-27,NO
Finance & Audit,logistics,0,30,-30,NO
Finance & Audit,time management,0,30,-30,NO
Finance & Audit,phone,0,30,-30,NO
Finance & Audit,financial reports,0,30,-30,NO
Finance & Audit,automation,0,30,-30,NO
Finance & Audit,engineer,0,30,-30,NO
Finance & Audit,repairs,0,30,-30,NO
Finance & Audit,consulting,0,30,-30,NO
Finance & Audit,process improvement,0,33,-33,NO
Finance & Audit,forecasting,0,33,-33,NO
Finance & Audit,technical support,0,33,-33,NO
Finance & Audit,mongodb,0,33,-33,NO
Finance & Audit,purchasing,0,33,-33,NO
Finance & Audit,logistic regression,0,33,-33,NO
Finance & Audit,market,0,33,-33,NO
Finance & Audit,network,0,33,-33,NO
Finance & Audit,tax,0,33,-33,NO
Finance & Audit,oracle,0,33,-33,NO
Finance & Audit,data modeling,0,33,-33,NO
Finance & Audit,networking,0,33,-33,NO
Finance & Audit,mechanical,0,33,-33,NO
Finance & Audit,meetings,0,36,-36,NO
Finance & Audit,pytorch,0,36,-36,NO
Finance & Audit,predictive modeling,0,36,-36,NO
Finance & Audit,microsoft word,0,36,-36,NO
Finance & Audit,supervision,0,36,-36,NO
Finance & Audit,business intelligence,0,36,-36,NO
Finance & Audit,scikit learn,0,36,-36,NO
Finance & Audit,neural networks,0,36,-36,NO
Finance & Audit,aws,0,36,-36,NO
Finance & Audit,c#,0,39,-39,NO
Finance & Audit,microsoft excel,0,39,-39,NO
Finance & Audit,powerbi,0,39,-39,NO
Finance & Audit,data structures,0,39,-39,NO
Finance & Audit,git,0,39,-39,NO
Finance & Audit,inspection,0,39,-39,NO
Finance & Audit,proposals,0,39,-39,NO
Finance & Audit,balance sheet,0,39,-39,NO
Finance & Audit,business analytics,0,39,-39,NO
Finance & Audit,delivery,0,39,-39,NO
Finance & Audit,fixed assets,0,39,-39,NO
Finance & Audit,pyspark,0,39,-39,NO
Finance & Audit,functional,0,42,-42,NO
Finance & Audit,payroll,0,42,-42,NO
Finance & Audit,quality assurance,0,42,-42,NO
Finance & Audit,keras,0,42,-42,NO
Finance & Audit,insurance,0,42,-42,NO
Finance & Audit,credit,0,42,-42,NO
Finance & Audit,managing,0,42,-42,NO
Finance & Audit,css,0,42,-42,NO
Finance & Audit,budgeting,0,42,-42,NO
Finance & Audit,statistical analysis,0,42,-42,NO
Finance & Audit,forms,0,45,-45,NO
Finance & Audit,accounts payable,0,45,-45,NO
Finance & Audit,hardware,0,45,-45,NO
Finance & Audit,closing,0,45,-45,NO
Finance & Audit,matplotlib,0,45,-45,NO
Finance & Audit,computer vision,0,48,-48,NO
Finance & Audit,finance,0,48,-48,NO
Finance & Audit,budgets,0,48,-48,NO
Finance & Audit,business analysis,0,48,-48,NO
Finance & Audit,ms office,0,48,-48,NO
Finance & Audit,customer service,0,48,-48,NO
Finance & Audit,general ledger,0,48,-48,NO
Finance & Audit,marketing,0,51,-51,NO
Finance & Audit,data analyst,0,51,-51,NO
Finance & Audit,matlab,0,51,-51,NO
Finance & Audit,progress,0,51,-51,NO
Finance & Audit,pandas,0,51,-51,NO
Finance & Audit,leadership,0,51,-51,NO
Finance & Audit,linear regression,0,51,-51,NO
Finance & Audit,database,0,54,-54,NO
Finance & Audit,personnel,0,54,-54,NO
Finance & Audit,billing,0,54,-54,NO
Finance & Audit,javascript,0,54,-54,NO
Finance & Audit,safety,0,57,-57,NO
Finance & Audit,linux,0,57,-57,NO
Finance & Audit,scheduling,0,57,-57,NO
Finance & Audit,autocad,0,57,-57,NO
Finance & Audit,tensorflow,0,57,-57,NO
Finance & Audit,software development,0,57,-57,NO
Finance & Audit,windows,0,57,-57,NO
Finance & Audit,troubleshooting,0,57,-57,NO
Finance & Audit,financial statements,0,60,-60,NO
Finance & Audit,reporting,0,63,-63,NO
Finance & Audit,materials,0,63,-63,NO
Finance & Audit,numpy,0,63,-63,NO
Finance & Audit,html,0,66,-66,NO
Finance & Audit,office,0,66,-66,NO
Finance & Audit,r,0,66,-66,NO
Finance & Audit,data visualization,0,66,-66,NO
Finance & Audit,mysql,0,69,-69,NO
Finance & Audit,client,0,69,-69,NO
Finance & Audit,research,0,69,-69,NO
Finance & Audit,policies,0,69,-69,NO
Finance & Audit,quickbooks,0,72,-72,NO
Finance & Audit,contracts,0,75,-75,NO
Finance & Audit,word,0,75,-75,NO
Finance & Audit,financial,0,75,-75,NO
Finance & Audit,inventory,0,78,-78,NO
Finance & Audit,budget,0,78,-78,NO
Finance & Audit,sap,0,78,-78,NO
Finance & Audit,access,0,78,-78,NO
Finance & Audit,data analytics,0,78,-78,NO
Finance & Audit,quality,0,81,-81,NO
Finance & Audit,clients,0,81,-81,NO
Finance & Audit,c,0,84,-84,NO
Finance & Audit,data mining,0,87,-87,NO
Finance & Audit,processes,0,87,-87,NO
Finance & Audit,powerpoint,0,87,-87,NO
Finance & Audit,outlook,0,87,-87,NO
Finance & Audit,accounting,0,90,-90,NO
Finance & Audit,tableau,0,90,-90,NO
Finance & Audit,microsoft office,0,90,-90,NO
Finance & Audit,project management,0,99,-99,NO
Finance & Audit,data science,0,99,-99,NO
Finance & Audit,documentation,0,102,-102,NO
Finance & Audit,artificial intelligence,0,105,-105,NO
Finance & Audit,sales,0,114,-114,NO
Finance & Audit,natural language processing,0,117,-117,NO
Finance & Audit,c++,0,126,-126,NO
Finance & Audit,java,0,129,-129,NO
Finance & Audit,deep learning,0,162,-162,NO
Finance & Audit,data analysis,0,168,-168,NO
Finance & Audit,excel,0,177,-177,NO
Finance & Audit,sql,0,189,-189,NO
Finance & Audit,machine learning,0,369,-369,NO
Finance & Audit,python,0,390,-390,NO
HR & Administration,human resource management,679,3,676,YES
HR & Administration,ngo,339,0,339,YES
HR & Administration,•health safety and environment,339,0,339,YES
HR & Administration,hrm report,339,0,339,YES
HR & Administration,•safety and security management,339,0,339,YES
HR & Administration,•administration,339,0,339,YES
HR & Administration,expense control,0,1,-1,NO
HR & Administration,multi-tasking management,0,1,-1,NO
HR & Administration,cna certificate,0,1,-1,NO
HR & Administration,customer needs assessment,0,1,-1,NO
HR & Administration,html coding,0,1,-1,NO
HR & Administration,crm systems,0,1,-1,NO
HR & Administration,brand development,0,3,-3,NO
HR & Administration,problem resolution,0,3,-3,NO
HR & Administration,3d printing,0,3,-3,NO
HR & Administration,mortgage,0,3,-3,NO
HR & Administration,pentaho,0,3,-3,NO
HR & Administration,erp (alliance,0,3,-3,NO
HR & Administration,frontend,0,3,-3,NO
HR & Administration,worked with management to document and offset unusual expense variances in their respective areas.,0,3,-3,NO
HR & Administration,wap,0,3,-3,NO
HR & Administration,workforce management systems,0,3,-3,NO
HR & Administration,pos systems: micros,0,3,-3,NO
HR & Administration,host software,0,3,-3,NO
HR & Administration,microsoft windows 10,0,3,-3,NO
HR & Administration,ssis,0,3,-3,NO
HR & Administration,coordination,0,3,-3,NO
HR & Administration,cbmet,0,3,-3,NO
HR & Administration,hardware: dell,0,3,-3,NO
HR & Administration,business consultant/advisor,0,3,-3,NO
HR & Administration,microsoft (ms) access,0,3,-3,NO
HR & Administration,rfi,0,3,-3,NO
HR & Administration,wan,0,3,-3,NO
HR & Administration,google calendar,0,3,-3,NO
HR & Administration,lock-out/tag-out,0,3,-3,NO
HR & Administration,scorecard,0,3,-3,NO
HR & Administration,patience,0,3,-3,NO
HR & Administration,5s expert,0,3,-3,NO
HR & Administration,excellent problem solver,0,3,-3,NO
HR & Administration,peachtree accounting,0,3,-3,NO
HR & Administration,develop products in consumer electronics,0,3,-3,NO
HR & Administration,troubleshooting and problem solving,0,3,-3,NO
HR & Administration,multidisciplinary exposure,0,3,-3,NO
HR & Administration,tera term,0,3,-3,NO
HR & Administration,flexible,0,3,-3,NO
HR & Administration,customer care and satisfaction,0,3,-3,NO
HR & Administration,individual tax returns,0,3,-3,NO
HR & Administration,motivated,0,3,-3,NO
HR & Administration,vehicle ergonomics,0,3,-3,NO
HR & Administration,manufacturing process development and improvement,0,3,-3,NO
HR & Administration,git-lab,0,3,-3,NO
HR & Administration,preparation of financial reports,0,3,-3,NO
HR & Administration,xpert,0,3,-3,NO
HR & Administration,xp,0,3,-3,NO
HR & Administration,dhcp/dns ethernet and firewall proficient,0,3,-3,NO
HR & Administration,superior research skills,0,3,-3,NO
HR & Administration,identifies vendors requiring an irs form 1099 and prepares the form and transmittal,0,3,-3,NO
HR & Administration,biotechnology,0,3,-3,NO
HR & Administration,raspberry pi,0,3,-3,NO
HR & Administration,aardwolf,0,3,-3,NO
HR & Administration,windows vista,0,3,-3,NO
HR & Administration,detail drawings,0,3,-3,NO
HR & Administration,iis 5,0,3,-3,NO
HR & Administration,software systems engineering,0,3,-3,NO
HR & Administration,six sigma certified,0,3,-3,NO
HR & Administration,general ledger proficiency,0,3,-3,NO
HR & Administration,estimation,0,3,-3,NO
HR & Administration,laboratory testing,0,3,-3,NO
HR & Administration,fm,0,3,-3,NO
HR & Administration,automation tools - design and implement,0,3,-3,NO
HR & Administration,edit,0,3,-3,NO
HR & Administration,business process management,0,3,-3,NO
HR & Administration,windows platforms programming,0,3,-3,NO
HR & Administration,assist,0,3,-3,NO
HR & Administration,peoplesoft hrms,0,3,-3,NO
HR & Administration,sap),0,3,-3,NO
HR & Administration,algebra,0,3,-3,NO
HR & Administration,for selling,0,3,-3,NO
HR & Administration,design for manufacturing,0,3,-3,NO
HR & Administration,test tools,0,3,-3,NO
HR & Administration,pl/pgsql,0,3,-3,NO
HR & Administration,interpersonal communication skills,0,3,-3,NO
HR & Administration,pearl,0,3,-3,NO
HR & Administration,user experience,0,3,-3,NO
HR & Administration,demonstrated organizational/planning skills,0,3,-3,NO
HR & Administration,apple computers,0,3,-3,NO
HR & Administration,software development skills,0,3,-3,NO
HR & Administration,ibm-pc,0,3,-3,NO
HR & Administration,test engineer,0,3,-3,NO
HR & Administration,linux programming,0,3,-3,NO
HR & Administration,interpretation,0,3,-3,NO
HR & Administration,overall sales,0,3,-3,NO
HR & Administration,office suite,0,3,-3,NO
HR & Administration,processing payments,0,3,-3,NO
HR & Administration,sentiment analysis,0,3,-3,NO
HR & Administration,installation and configuration of peripherals,0,3,-3,NO
HR & Administration,ii,0,3,-3,NO
HR & Administration,oracle database,0,3,-3,NO
HR & Administration,document control,0,3,-3,NO
HR & Administration,i-max,0,3,-3,NO
HR & Administration,chill,0,3,-3,NO
HR & Administration,a/r,0,3,-3,NO
HR & Administration,sublime 2,0,3,-3,NO
HR & Administration,ms office applications,0,3,-3,NO
HR & Administration,client support,0,3,-3,NO
HR & Administration,self-starter & self-motivated,0,3,-3,NO
HR & Administration,white box testing,0,3,-3,NO
HR & Administration,pillow,0,3,-3,NO
HR & Administration,catalysis,0,3,-3,NO
HR & Administration,retention,0,3,-3,NO
HR & Administration,microsoft rdp,0,3,-3,NO
HR & Administration,investment research,0,3,-3,NO
HR & Administration,facilities management,0,3,-3,NO
HR & Administration,3dsmax,0,3,-3,NO
HR & Administration,mp4,0,3,-3,NO
HR & Administration,sarbanes oxley,0,3,-3,NO
HR & Administration,marketing collateral,0,3,-3,NO
HR & Administration,business to customer,0,3,-3,NO
HR & Administration,microsoft windows nt server,0,3,-3,NO
HR & Administration,cics,0,3,-3,NO
HR & Administration,exceptional telephone etiquette,0,3,-3,NO
HR & Administration,industrial automation,0,3,-3,NO
HR & Administration,regression testing,0,3,-3,NO
HR & Administration,dukpt,0,3,-3,NO
HR & Administration,exploratory data analysis,0,3,-3,NO
HR & Administration,windows 95 - xp,0,3,-3,NO
HR & Administration,layout design,0,3,-3,NO
HR & Administration,plc 5,0,3,-3,NO
HR & Administration,differential equations,0,3,-3,NO
HR & Administration,accounts receivable professional,0,3,-3,NO
HR & Administration,oss,0,3,-3,NO
HR & Administration,engineer-in-training,0,3,-3,NO
HR & Administration,suspension and alignment,0,3,-3,NO
HR & Administration,of sales,0,3,-3,NO
HR & Administration,interpersonal communication,0,3,-3,NO
HR & Administration,profit and loss,0,3,-3,NO
HR & Administration,jd edwards/as 400,0,3,-3,NO
HR & Administration,college math,0,3,-3,NO
HR & Administration,indesign,0,3,-3,NO
HR & Administration,excellent written,0,3,-3,NO
HR & Administration,very organized,0,3,-3,NO
HR & Administration,data preparation,0,3,-3,NO
HR & Administration,electrical component repair,0,3,-3,NO
HR & Administration,ios9,0,3,-3,NO
HR & Administration,osha regulations,0,3,-3,NO
HR & Administration,laravel,0,3,-3,NO
HR & Administration,manufacturing,0,3,-3,NO
HR & Administration,speakers),0,3,-3,NO
HR & Administration,reduce waste,0,3,-3,NO
HR & Administration,financial controls,0,3,-3,NO
HR & Administration,windows 9.x,0,3,-3,NO
HR & Administration,solomon,0,3,-3,NO
HR & Administration,help desk support,0,3,-3,NO
HR & Administration,cash flow statements,0,3,-3,NO
HR & Administration,effective leader,0,3,-3,NO
HR & Administration,analog and digital circuitry,0,3,-3,NO
HR & Administration,method development,0,3,-3,NO
HR & Administration,file maintenance,0,3,-3,NO
HR & Administration,clarify,0,3,-3,NO
HR & Administration,powershell,0,3,-3,NO
HR & Administration,drilling- tapping,0,3,-3,NO
HR & Administration,vpn/remote connectivity - openvpn,0,3,-3,NO
HR & Administration,team building & leadership,0,3,-3,NO
HR & Administration,excellent facilitator,0,3,-3,NO
HR & Administration,forward-thinking mindset,0,3,-3,NO
HR & Administration,prolith (modeling),0,3,-3,NO
HR & Administration,iia,0,3,-3,NO
HR & Administration,focus integrated erp software for retail garment stores,0,3,-3,NO
HR & Administration,physics i,0,3,-3,NO
HR & Administration,re-engineering,0,3,-3,NO
HR & Administration,organizational and planning skills,0,3,-3,NO
HR & Administration,solidworks 2005,0,3,-3,NO
HR & Administration,emv systems : btt (ul),0,3,-3,NO
HR & Administration,bluehill testing software,0,3,-3,NO
HR & Administration,market analysis/competitive positioning,0,3,-3,NO
HR & Administration,data analysis techniques,0,3,-3,NO
HR & Administration,lotus sametime,0,3,-3,NO
HR & Administration,voice over ip telephone,0,3,-3,NO
HR & Administration,data handling,0,3,-3,NO
HR & Administration,web design technology,0,3,-3,NO
HR & Administration,lx,0,3,-3,NO
HR & Administration,energy manager,0,3,-3,NO
HR & Administration,saas,0,3,-3,NO
HR & Administration,office switchphone,0,3,-3,NO
HR & Administration,including ordering and canceling cards,0,3,-3,NO
HR & Administration,windows nt,0,3,-3,NO
HR & Administration,msra,0,3,-3,NO
HR & Administration,statistical solutions,0,3,-3,NO
HR & Administration,featurization,0,3,-3,NO
HR & Administration,phoenix (e1),0,3,-3,NO
HR & Administration,verbal communication,0,3,-3,NO
HR & Administration,ms office: outlook,0,3,-3,NO
HR & Administration,advanced presentation,0,3,-3,NO
HR & Administration,spc++,0,3,-3,NO
HR & Administration,create circuits with multisim cad software,0,3,-3,NO
HR & Administration,analysis of algorithms,0,3,-3,NO
HR & Administration,adc,0,3,-3,NO
HR & Administration,sc,0,3,-3,NO
HR & Administration,dynamic ax,0,3,-3,NO
HR & Administration,visual studio 2008-2010,0,3,-3,NO
HR & Administration,fasb & gaap standards,0,3,-3,NO
HR & Administration,image scanner asset manager -10-key,0,3,-3,NO
HR & Administration,naval,0,3,-3,NO
HR & Administration,business consulting,0,3,-3,NO
HR & Administration,fetch,0,3,-3,NO
HR & Administration,company platforms: eagle,0,3,-3,NO
HR & Administration,microsoft accounting office,0,3,-3,NO
HR & Administration,interpersonal and communication,0,3,-3,NO
HR & Administration,quick on my feet & with my hands,0,3,-3,NO
HR & Administration,professor,0,3,-3,NO
HR & Administration,fas asset accounting,0,3,-3,NO
HR & Administration,competency in procedure development,0,3,-3,NO
HR & Administration,troubleshooting i,0,3,-3,NO
HR & Administration,developed reconciliation format,0,3,-3,NO
HR & Administration,power supply,0,3,-3,NO
HR & Administration,performed debit,0,3,-3,NO
HR & Administration,vast technical knowledge,0,3,-3,NO
HR & Administration,diagnostic software utilities,0,3,-3,NO
HR & Administration,client-focused,0,3,-3,NO
HR & Administration,cli knowledge,0,3,-3,NO
HR & Administration,received,0,3,-3,NO
HR & Administration,tools of operations research,0,3,-3,NO
HR & Administration,superb communication skills,0,3,-3,NO
HR & Administration,operating systems: xp windows professional / windows 7/ windows 8,0,3,-3,NO
HR & Administration,network systems,0,3,-3,NO
HR & Administration,advanced anatomy knowledge,0,3,-3,NO
HR & Administration,test scripts,0,3,-3,NO
HR & Administration,pc repair,0,3,-3,NO
HR & Administration,revenue recognition,0,3,-3,NO
HR & Administration,microsoft virtual pc/hyper-v,0,3,-3,NO
HR & Administration,proficient in avg,0,3,-3,NO
HR & Administration,calculus,0,3,-3,NO
HR & Administration,cash-flow,0,3,-3,NO
HR & Administration,parameter tuning,0,3,-3,NO
HR & Administration,vmware workstation,0,3,-3,NO
HR & Administration,needs analysis,0,3,-3,NO
HR & Administration,critical thinker,0,3,-3,NO
HR & Administration,hboc,0,3,-3,NO
HR & Administration,estimate,0,3,-3,NO
HR & Administration,osx,0,3,-3,NO
HR & Administration,complex problem solver,0,3,-3,NO
HR & Administration,pluming,0,3,-3,NO
HR & Administration,pc security systems,0,3,-3,NO
HR & Administration,firefox,0,3,-3,NO
HR & Administration,adobe indesign,0,3,-3,NO
HR & Administration,supervision and training,0,3,-3,NO
HR & Administration,facet,0,3,-3,NO
HR & Administration,customer services,0,3,-3,NO
HR & Administration,business systems analysis,0,3,-3,NO
HR & Administration,generally accepted accounting principles,0,3,-3,NO
HR & Administration,producer,0,3,-3,NO
HR & Administration,budget planning,0,3,-3,NO
HR & Administration,aramark service trained on ge 9600,0,3,-3,NO
HR & Administration,embedded linux,0,3,-3,NO
HR & Administration,memtest86,0,3,-3,NO
HR & Administration,excellent verbal and written communication skills,0,3,-3,NO
HR & Administration,project analysis,0,3,-3,NO
HR & Administration,8d,0,3,-3,NO
HR & Administration,full life cycle,0,3,-3,NO
HR & Administration,marketing plans,0,3,-3,NO
HR & Administration,erp (enterprise resource planning) software,0,3,-3,NO
HR & Administration,management skills,0,3,-3,NO
HR & Administration,shielded pair and coaxial,0,3,-3,NO
HR & Administration,mathematical modelling,0,3,-3,NO
HR & Administration,mckesson,0,3,-3,NO
HR & Administration,skilled in the operation of networks,0,3,-3,NO
HR & Administration,market basket analysis,0,3,-3,NO
HR & Administration,python developer,0,3,-3,NO
HR & Administration,data exploration,0,3,-3,NO
HR & Administration,business plan,0,3,-3,NO
HR & Administration,tensorflow keras,0,3,-3,NO
HR & Administration,project management methodologies: agile,0,3,-3,NO
HR & Administration,internet,0,3,-3,NO
HR & Administration,well organized,0,3,-3,NO
HR & Administration,sap time approval,0,3,-3,NO
HR & Administration,hands on training: electrical,0,3,-3,NO
HR & Administration,risk assessment & tracking,0,3,-3,NO
HR & Administration,filling,0,3,-3,NO
HR & Administration,logic analyzer,0,3,-3,NO
HR & Administration,wiring/wire spicing: cat3,0,3,-3,NO
HR & Administration,tax accounting,0,3,-3,NO
HR & Administration,qa/qm,0,3,-3,NO
HR & Administration,emv tags,0,3,-3,NO
HR & Administration,sparkocr,0,3,-3,NO
HR & Administration,graphic design,0,3,-3,NO
HR & Administration,presales,0,3,-3,NO
HR & Administration,systems integration,0,3,-3,NO
HR & Administration,aderant/cms,0,3,-3,NO
HR & Administration,compliance management,0,3,-3,NO
HR & Administration,home office,0,3,-3,NO
HR & Administration,project management & execution,0,3,-3,NO
HR & Administration,order management,0,3,-3,NO
HR & Administration,project coordinator,0,3,-3,NO
HR & Administration,community outreach,0,3,-3,NO
HR & Administration,comprehensive large array data stewardship system,0,3,-3,NO
HR & Administration,xilinx ise,0,3,-3,NO
HR & Administration,speak,0,3,-3,NO
HR & Administration,capital markets,0,3,-3,NO
HR & Administration,rtos - os9,0,3,-3,NO
HR & Administration,business and requirements analysis,0,3,-3,NO
HR & Administration,unsupervised learning,0,3,-3,NO
HR & Administration,gse,0,3,-3,NO
HR & Administration,sound,0,3,-3,NO
HR & Administration,train employees,0,3,-3,NO
HR & Administration,active-listening,0,3,-3,NO
HR & Administration,graphics and design,0,3,-3,NO
HR & Administration,xcode,0,3,-3,NO
HR & Administration,experienced manager,0,3,-3,NO
HR & Administration,trello,0,3,-3,NO
HR & Administration,bounded rationality,0,3,-3,NO
HR & Administration,patient and diligent,0,3,-3,NO
HR & Administration,powerpoint presentations,0,3,-3,NO
HR & Administration,infolease for lease and financial accounting & citconnect research,0,3,-3,NO
HR & Administration,mas,0,3,-3,NO
HR & Administration,know-your-consumer (kyc),0,3,-3,NO
HR & Administration,strong written and verbal communication skills,0,3,-3,NO
HR & Administration,fiber brains,0,3,-3,NO
HR & Administration,collaborating with stakeholders - roadmap,0,3,-3,NO
HR & Administration,office master system,0,3,-3,NO
HR & Administration,asp),0,3,-3,NO
HR & Administration,java programming,0,3,-3,NO
HR & Administration,assisted living,0,3,-3,NO
HR & Administration,general ledger accounting skills,0,3,-3,NO
HR & Administration,web developer,0,3,-3,NO
HR & Administration,sonet,0,3,-3,NO
HR & Administration,ifixit pro tech toolkit,0,3,-3,NO
HR & Administration,company platforms: business objects,0,3,-3,NO
HR & Administration,through-hole,0,3,-3,NO
HR & Administration,computer peripherals,0,3,-3,NO
HR & Administration,instruction list.),0,3,-3,NO
HR & Administration,broadpos,0,3,-3,NO
HR & Administration,protocols execution,0,3,-3,NO
HR & Administration,us gaap principles,0,3,-3,NO
HR & Administration,production and engineering management,0,3,-3,NO
HR & Administration,construct,0,3,-3,NO
HR & Administration,chromeos,0,3,-3,NO
HR & Administration,lasso regression,0,3,-3,NO
HR & Administration,ms,0,3,-3,NO
HR & Administration,tax slayer,0,3,-3,NO
HR & Administration,microsoft technologies,0,3,-3,NO
HR & Administration,mediation expertise,0,3,-3,NO
HR & Administration,toshiba certified service trained on vantage 1.5 t 8 channel mri,0,3,-3,NO
HR & Administration,fannie mae,0,3,-3,NO
HR & Administration,gaap understanding,0,3,-3,NO
HR & Administration,computer graphics,0,3,-3,NO
HR & Administration,radiography,0,3,-3,NO
HR & Administration,full finish,0,3,-3,NO
HR & Administration,design optimization),0,3,-3,NO
HR & Administration,e-business,0,3,-3,NO
HR & Administration,requestnet,0,3,-3,NO
HR & Administration,architectural drafting,0,3,-3,NO
HR & Administration,e-learning,0,3,-3,NO
HR & Administration,waterfall,0,3,-3,NO
HR & Administration,basic knowledge of microsoft powerpoint and excel,0,3,-3,NO
HR & Administration,electronic & mechanical technology,0,3,-3,NO
HR & Administration,quickbooks software,0,3,-3,NO
HR & Administration,cd-roms,0,3,-3,NO
HR & Administration,various testing equipment,0,3,-3,NO
HR & Administration,business process,0,3,-3,NO
HR & Administration,microcontrollers,0,3,-3,NO
HR & Administration,strong collaborative skills,0,3,-3,NO
HR & Administration,low voltage power consumption,0,3,-3,NO
HR & Administration,quality assurance/control,0,3,-3,NO
HR & Administration,manages the corporate visa accounts for managers and volunteers,0,3,-3,NO
HR & Administration,marketing research,0,3,-3,NO
HR & Administration,product improvement,0,3,-3,NO
HR & Administration,application analysis,0,3,-3,NO
HR & Administration,linksys,0,3,-3,NO
HR & Administration,software engineer/developer,0,3,-3,NO
HR & Administration,engineering ethics,0,3,-3,NO
HR & Administration,motivation and initiative,0,3,-3,NO
HR & Administration,responsible for maintaining fixed assets and prepaid sub-ledger accounts,0,3,-3,NO
HR & Administration,driving license,0,3,-3,NO
HR & Administration,usb,0,3,-3,NO
HR & Administration,developing other business analyst,0,3,-3,NO
HR & Administration,erp/accounting systems proficiency,0,3,-3,NO
HR & Administration,architecting best practice technical solutions,0,3,-3,NO
HR & Administration,microsoft teams,0,3,-3,NO
HR & Administration,gdb,0,3,-3,NO
HR & Administration,sequential analysis,0,3,-3,NO
HR & Administration,active learning,0,3,-3,NO
HR & Administration,brake systems expertise,0,3,-3,NO
HR & Administration,rcm,0,3,-3,NO
HR & Administration,real estate p.m.a.s.,0,3,-3,NO
HR & Administration,spc,0,3,-3,NO
HR & Administration,proactive and energetic,0,3,-3,NO
HR & Administration,inventory management and control,0,3,-3,NO
HR & Administration,market evaluation,0,3,-3,NO
HR & Administration,collection,0,3,-3,NO
HR & Administration,patient safety,0,3,-3,NO
HR & Administration,sage fas,0,3,-3,NO
HR & Administration,dexterous with hand tools,0,3,-3,NO
HR & Administration,ad copy,0,3,-3,NO
HR & Administration,windows installation usb/dvd,0,3,-3,NO
HR & Administration,xilinx vivado,0,3,-3,NO
HR & Administration,call center,0,3,-3,NO
HR & Administration,risk mitigation planning,0,3,-3,NO
HR & Administration,oracle 8i,0,3,-3,NO
HR & Administration,source evaluation and selection,0,3,-3,NO
HR & Administration,interoperability,0,3,-3,NO
HR & Administration,technical review,0,3,-3,NO
HR & Administration,related skills,0,3,-3,NO
HR & Administration,identify electronic components and schematic symbols,0,3,-3,NO
HR & Administration,solution design,0,3,-3,NO
HR & Administration,aaa security model,0,3,-3,NO
HR & Administration,bind,0,3,-3,NO
HR & Administration,fire protection,0,3,-3,NO
HR & Administration,microsoft office software,0,3,-3,NO
HR & Administration,ad hoc,0,3,-3,NO
HR & Administration,3d modeling,0,3,-3,NO
HR & Administration,dashboards,0,3,-3,NO
HR & Administration,operating system knowledge,0,3,-3,NO
HR & Administration,sales presentations,0,3,-3,NO
HR & Administration,tapscan,0,3,-3,NO
HR & Administration,configuration management,0,3,-3,NO
HR & Administration,validation process specialist,0,3,-3,NO
HR & Administration,ccna,0,3,-3,NO
HR & Administration,public accounting,0,3,-3,NO
HR & Administration,netsuite,0,3,-3,NO
HR & Administration,acronis true image,0,3,-3,NO
HR & Administration,initiative to work independent,0,3,-3,NO
HR & Administration,excellent customer service skills.,0,3,-3,NO
HR & Administration,sccm 2012 ios-mdm,0,3,-3,NO
HR & Administration,gshell,0,3,-3,NO
HR & Administration,art,0,3,-3,NO
HR & Administration,and wearables. iphones and ipads. printers,0,3,-3,NO
HR & Administration,dotnet,0,3,-3,NO
HR & Administration,web-based,0,3,-3,NO
HR & Administration,groupwise,0,3,-3,NO
HR & Administration,macintosh,0,3,-3,NO
HR & Administration,microsoft office including word,0,3,-3,NO
HR & Administration,portuguese (fluent),0,3,-3,NO
HR & Administration,principal component analysis,0,3,-3,NO
HR & Administration,frame,0,3,-3,NO
HR & Administration,microprocessors,0,3,-3,NO
HR & Administration,along with other finance department staff,0,3,-3,NO
HR & Administration,ms powerpoint,0,3,-3,NO
HR & Administration,ibm spss,0,3,-3,NO
HR & Administration,knn,0,3,-3,NO
HR & Administration,purchase reqs in sap,0,3,-3,NO
HR & Administration,issue resolution,0,3,-3,NO
HR & Administration,easy power,0,3,-3,NO
HR & Administration,bi360 (businessintelligence tool),0,3,-3,NO
HR & Administration,engineering cost estimating,0,3,-3,NO
HR & Administration,reliability sae standards,0,3,-3,NO
HR & Administration,new hire orientation,0,3,-3,NO
HR & Administration,classroom monitoring,0,3,-3,NO
HR & Administration,visio),0,3,-3,NO
HR & Administration,sharepoint & costpoint,0,3,-3,NO
HR & Administration,c/python,0,3,-3,NO
HR & Administration,tax software,0,3,-3,NO
HR & Administration,executive management,0,3,-3,NO
HR & Administration,process capability,0,3,-3,NO
HR & Administration,doe (design of experiment),0,3,-3,NO
HR & Administration,ingenico,0,3,-3,NO
HR & Administration,energetic,0,3,-3,NO
HR & Administration,webscrapping,0,3,-3,NO
HR & Administration,fund accounting,0,3,-3,NO
HR & Administration,solar pv systems design,0,3,-3,NO
HR & Administration,works with that department manager in preparation of annual budget,0,3,-3,NO
HR & Administration,negotiating skills,0,3,-3,NO
HR & Administration,proposal,0,3,-3,NO
HR & Administration,scanner,0,3,-3,NO
HR & Administration,it skills (shopper,0,3,-3,NO
HR & Administration,training and development,0,3,-3,NO
HR & Administration,product design,0,3,-3,NO
HR & Administration,abaqus,0,3,-3,NO
HR & Administration,product excellence,0,3,-3,NO
HR & Administration,floor plans,0,3,-3,NO
HR & Administration,testing and commissioning planning and execution,0,3,-3,NO
HR & Administration,tirks,0,3,-3,NO
HR & Administration,process analysis,0,3,-3,NO
HR & Administration,xa,0,3,-3,NO
HR & Administration,quality management,0,3,-3,NO
HR & Administration,skilled in the use of hand tools for repairing and installing electronics,0,3,-3,NO
HR & Administration,mechanical technician,0,3,-3,NO
HR & Administration,hardworking,0,3,-3,NO
HR & Administration,embedded c,0,3,-3,NO
HR & Administration,electrical mechanical systems,0,3,-3,NO
HR & Administration,rehabilitation,0,3,-3,NO
HR & Administration,10key by touch,0,3,-3,NO
HR & Administration,microsoft word/excel,0,3,-3,NO
HR & Administration,profit and loss account,0,3,-3,NO
HR & Administration,defect detection,0,3,-3,NO
HR & Administration,architect,0,3,-3,NO
HR & Administration,pharmacy,0,3,-3,NO
HR & Administration,pricing proposal development,0,3,-3,NO
HR & Administration,hp alm quality center,0,3,-3,NO
HR & Administration,document management testing,0,3,-3,NO
HR & Administration,backend,0,3,-3,NO
HR & Administration,mercurial,0,3,-3,NO
HR & Administration,maintenance schedules,0,3,-3,NO
HR & Administration,lean manufacturing and management,0,3,-3,NO
HR & Administration,build teams,0,3,-3,NO
HR & Administration,industrial machinery,0,3,-3,NO
HR & Administration,contract negotiation,0,3,-3,NO
HR & Administration,aci-prm,0,3,-3,NO
HR & Administration,omb circular a-133,0,3,-3,NO
HR & Administration,financial analyst,0,3,-3,NO
HR & Administration,database servers,0,3,-3,NO
HR & Administration,electrical engineer,0,3,-3,NO
HR & Administration,ergonomic and safety conscious,0,3,-3,NO
HR & Administration,highly responsible and reliable,0,3,-3,NO
HR & Administration,enterprise software,0,3,-3,NO
HR & Administration,accounting packages,0,3,-3,NO
HR & Administration,electrical equipment operation,0,3,-3,NO
HR & Administration,computer proficiency,0,3,-3,NO
HR & Administration,gage r & r,0,3,-3,NO
HR & Administration,siebel,0,3,-3,NO
HR & Administration,trade shows,0,3,-3,NO
HR & Administration,budgetary and policy development,0,3,-3,NO
HR & Administration,emperical modelling,0,3,-3,NO
HR & Administration,equities,0,3,-3,NO
HR & Administration,policy/program development,0,3,-3,NO
HR & Administration,puppet,0,3,-3,NO
HR & Administration,multi-tasking,0,3,-3,NO
HR & Administration,proficiency in tcp/ip protocols,0,3,-3,NO
HR & Administration,quick test professional,0,3,-3,NO
HR & Administration,projectors,0,3,-3,NO
HR & Administration,hp quality center,0,3,-3,NO
HR & Administration,market and development,0,3,-3,NO
HR & Administration,cost accounting,0,3,-3,NO
HR & Administration,technical: vantive,0,3,-3,NO
HR & Administration,cloud infrastructure,0,3,-3,NO
HR & Administration,document manager software,0,3,-3,NO
HR & Administration,outpatient,0,3,-3,NO
HR & Administration,speaker,0,3,-3,NO
HR & Administration,performance testing,0,3,-3,NO
HR & Administration,stratton warren mms,0,3,-3,NO
HR & Administration,sculpting,0,3,-3,NO
HR & Administration,sas base,0,3,-3,NO
HR & Administration,financial modeling,0,3,-3,NO
HR & Administration,applications: ms office 2010-2016 (word,0,3,-3,NO
HR & Administration,compliance testing knowledge,0,3,-3,NO
HR & Administration,pneumatics,0,3,-3,NO
HR & Administration,creative solutions bookkeeping software,0,3,-3,NO
HR & Administration,manufacturing systems integration,0,3,-3,NO
HR & Administration,business and commercial acumen,0,3,-3,NO
HR & Administration,vm,0,3,-3,NO
HR & Administration,self-directed,0,3,-3,NO
HR & Administration,monthly sales,0,3,-3,NO
HR & Administration,very organized & energetic,0,3,-3,NO
HR & Administration,macro media director,0,3,-3,NO
HR & Administration,access database,0,3,-3,NO
HR & Administration,keane care,0,3,-3,NO
HR & Administration,direct mail,0,3,-3,NO
HR & Administration,sheets,0,3,-3,NO
HR & Administration,product manager,0,3,-3,NO
HR & Administration,hp qtp,0,3,-3,NO
HR & Administration,java 2,0,3,-3,NO
HR & Administration,student assistance,0,3,-3,NO
HR & Administration,cyber ethics,0,3,-3,NO
HR & Administration,gru,0,3,-3,NO
HR & Administration,dynamic,0,3,-3,NO
HR & Administration,stories,0,3,-3,NO
HR & Administration,surface mount,0,3,-3,NO
HR & Administration,mortgage loan,0,3,-3,NO
HR & Administration,reconciled various general ledger fund accounts,0,3,-3,NO
HR & Administration,intuit payroll,0,3,-3,NO
HR & Administration,strong oral and written communication skills,0,3,-3,NO
HR & Administration,familiar in c+,0,3,-3,NO
HR & Administration,business growth,0,3,-3,NO
HR & Administration,swedish,0,3,-3,NO
HR & Administration,great plains dynamics,0,3,-3,NO
HR & Administration,adtran,0,3,-3,NO
HR & Administration,highly dependable,0,3,-3,NO
HR & Administration,test plans,0,3,-3,NO
HR & Administration,interface with customers and vendors,0,3,-3,NO
HR & Administration,skill 5,0,3,-3,NO
HR & Administration,maintenance repair,0,3,-3,NO
HR & Administration,annuities,0,3,-3,NO
HR & Administration,technical interface,0,3,-3,NO
HR & Administration,talent management tools: hireright,0,3,-3,NO
HR & Administration,kind,0,3,-3,NO
HR & Administration,acrylic,0,3,-3,NO
HR & Administration,ngs systems,0,3,-3,NO
HR & Administration,munis,0,3,-3,NO
HR & Administration,streak crm,0,3,-3,NO
HR & Administration,consistently meet goals,0,3,-3,NO
HR & Administration,spring,0,3,-3,NO
HR & Administration,instructing,0,3,-3,NO
HR & Administration,protel,0,3,-3,NO
HR & Administration,technical grammar skills,0,3,-3,NO
HR & Administration,epicor,0,3,-3,NO
HR & Administration,excellent managerial techniques,0,3,-3,NO
HR & Administration,algorithms and data structures,0,3,-3,NO
HR & Administration,biology,0,3,-3,NO
HR & Administration,hospice,0,3,-3,NO
HR & Administration,c languages,0,3,-3,NO
HR & Administration,validations,0,3,-3,NO
HR & Administration,secretarial,0,3,-3,NO
HR & Administration,client liaison,0,3,-3,NO
HR & Administration,presenter,0,3,-3,NO
HR & Administration,neural networks.,0,3,-3,NO
HR & Administration,solenoid/valves,0,3,-3,NO
HR & Administration,embedded hardware & software,0,3,-3,NO
HR & Administration,relational database,0,3,-3,NO
HR & Administration,valuation,0,3,-3,NO
HR & Administration,siemens step 7,0,3,-3,NO
HR & Administration,programming in java,0,3,-3,NO
HR & Administration,front end,0,3,-3,NO
HR & Administration,bank reconciliations and balancing,0,3,-3,NO
HR & Administration,articulate,0,3,-3,NO
HR & Administration,budget management,0,3,-3,NO
HR & Administration,file,0,3,-3,NO
HR & Administration,reception,0,3,-3,NO
HR & Administration,mechanically-inclined,0,3,-3,NO
HR & Administration,sound cards,0,3,-3,NO
HR & Administration,glacier tax prep,0,3,-3,NO
HR & Administration,communication/presentations,0,3,-3,NO
HR & Administration,inspector,0,3,-3,NO
HR & Administration,federal acquisition,0,3,-3,NO
HR & Administration,corporate accounting,0,3,-3,NO
HR & Administration,quality inspection professional,0,3,-3,NO
HR & Administration,assurance analyst,0,3,-3,NO
HR & Administration,bug tracking,0,3,-3,NO
HR & Administration,systems support,0,3,-3,NO
HR & Administration,wsam image,0,3,-3,NO
HR & Administration,structured text,0,3,-3,NO
HR & Administration,staff,0,3,-3,NO
HR & Administration,api design,0,3,-3,NO
HR & Administration,sensors,0,3,-3,NO
HR & Administration,keep,0,3,-3,NO
HR & Administration,netbeans,0,3,-3,NO
HR & Administration,astrex,0,3,-3,NO
HR & Administration,managerial,0,3,-3,NO
HR & Administration,copier,0,3,-3,NO
HR & Administration,it support services,0,3,-3,NO
HR & Administration,microcontroller,0,3,-3,NO
HR & Administration,monitoring and evaluation skills,0,3,-3,NO
HR & Administration,business processes,0,3,-3,NO
HR & Administration,kibana,0,3,-3,NO
HR & Administration,microsoft test manager,0,3,-3,NO
HR & Administration,works well under pressure,0,3,-3,NO
HR & Administration,linux os,0,3,-3,NO
HR & Administration,diagnosis and repair,0,3,-3,NO
HR & Administration,retail mortgage,0,3,-3,NO
HR & Administration,m&e,0,3,-3,NO
HR & Administration,antivirus,0,3,-3,NO
HR & Administration,xamarin studio,0,3,-3,NO
HR & Administration,security: basic knowledge of ipsec / ssl-vpn / nat / gre,0,3,-3,NO
HR & Administration,salesforce lead management,0,3,-3,NO
HR & Administration,bilingual spanish (fluent,0,3,-3,NO
HR & Administration,erp : microsoft ax dynamics,0,3,-3,NO
HR & Administration,developer 2000,0,3,-3,NO
HR & Administration,aws view,0,3,-3,NO
HR & Administration,openvpn,0,3,-3,NO
HR & Administration,letters and memos,0,3,-3,NO
HR & Administration,process-engineering,0,3,-3,NO
HR & Administration,renovations,0,3,-3,NO
HR & Administration,installation of hardware,0,3,-3,NO
HR & Administration,mechanical component troubleshooting,0,3,-3,NO
HR & Administration,snmp,0,3,-3,NO
HR & Administration,analog and digital filter design,0,3,-3,NO
HR & Administration,programming language,0,3,-3,NO
HR & Administration,sas-stat,0,3,-3,NO
HR & Administration,mcafee endpoint security,0,3,-3,NO
HR & Administration,mlops,0,3,-3,NO
HR & Administration,p&l management,0,3,-3,NO
HR & Administration,positouch,0,3,-3,NO
HR & Administration,app development (android and ios),0,3,-3,NO
HR & Administration,and banked cash,0,3,-3,NO
HR & Administration,informatica,0,3,-3,NO
HR & Administration,aci-interchange,0,3,-3,NO
HR & Administration,integrated reporting information system (iris),0,3,-3,NO
HR & Administration,postgresql),0,3,-3,NO
HR & Administration,iccverify,0,3,-3,NO
HR & Administration,auto-cad,0,3,-3,NO
HR & Administration,aviation,0,3,-3,NO
HR & Administration,ms office: v-look up,0,3,-3,NO
HR & Administration,analyzing market trends,0,3,-3,NO
HR & Administration,model development,0,3,-3,NO
HR & Administration,mrp,0,3,-3,NO
HR & Administration,opengl,0,3,-3,NO
HR & Administration,code blocks,0,3,-3,NO
HR & Administration,proficient in ms-office (word/excel/powerpoint),0,3,-3,NO
HR & Administration,tutoring,0,3,-3,NO
HR & Administration,accounting operations,0,3,-3,NO
HR & Administration,adt,0,3,-3,NO
HR & Administration,socs,0,3,-3,NO
HR & Administration,scrum & agile,0,3,-3,NO
HR & Administration,corrective maintenance,0,3,-3,NO
HR & Administration,digital design,0,3,-3,NO
HR & Administration,employee relations,0,3,-3,NO
HR & Administration,simulations using witness13 and simio,0,3,-3,NO
HR & Administration,dataset management,0,3,-3,NO
HR & Administration,office equipment such as copiers,0,3,-3,NO
HR & Administration,software/pc/lan troubleshooting,0,3,-3,NO
HR & Administration,device drivers,0,3,-3,NO
HR & Administration,system administrator,0,3,-3,NO
HR & Administration,environmental science,0,3,-3,NO
HR & Administration,computer networks,0,3,-3,NO
HR & Administration,networking: tcp/ip,0,3,-3,NO
HR & Administration,pdf: adobe reader / adobe acrobat x,0,3,-3,NO
HR & Administration,technical reviews,0,3,-3,NO
HR & Administration,vista),0,3,-3,NO
HR & Administration,junit,0,3,-3,NO
HR & Administration,technical communication skills - bug triage,0,3,-3,NO
HR & Administration,fabrication,0,3,-3,NO
HR & Administration,wireless,0,3,-3,NO
HR & Administration,iis 6,0,3,-3,NO
HR & Administration,resolve customer complaints,0,3,-3,NO
HR & Administration,rest apis (graphql),0,3,-3,NO
HR & Administration,recruiting,0,3,-3,NO
HR & Administration,grinders,0,3,-3,NO
HR & Administration,chrome,0,3,-3,NO
HR & Administration,real time embedded,0,3,-3,NO
HR & Administration,powerworld,0,3,-3,NO
HR & Administration,engineering standards expert,0,3,-3,NO
HR & Administration,scada,0,3,-3,NO
HR & Administration,peer review,0,3,-3,NO
HR & Administration,pascal,0,3,-3,NO
HR & Administration,critical thinking with root cause analysis,0,3,-3,NO
HR & Administration,google apps (drive,0,3,-3,NO
HR & Administration,automated testing,0,3,-3,NO
HR & Administration,analytics,0,3,-3,NO
HR & Administration,advanced problem solving abilities,0,3,-3,NO
HR & Administration,professional demeanor,0,3,-3,NO
HR & Administration,ms power point,0,3,-3,NO
HR & Administration,procedure writing,0,3,-3,NO
HR & Administration,technical proposal writing skills,0,3,-3,NO
HR & Administration,32 and 64 slice cts,0,3,-3,NO
HR & Administration,iso 9000,0,3,-3,NO
HR & Administration,to check preparation and mailing,0,3,-3,NO
HR & Administration,travel arranger,0,3,-3,NO
HR & Administration,sublime text,0,3,-3,NO
HR & Administration,configuration,0,3,-3,NO
HR & Administration,computer applications,0,3,-3,NO
HR & Administration,hyperion essbase,0,3,-3,NO
HR & Administration,design and drafting of custom seal solutions,0,3,-3,NO
HR & Administration,dependable,0,3,-3,NO
HR & Administration,falcon dust-off compressed gas duster,0,3,-3,NO
HR & Administration,erp-sap,0,3,-3,NO
HR & Administration,gpu,0,3,-3,NO
HR & Administration,clustering analysis,0,3,-3,NO
HR & Administration,version control tools: git-bash,0,3,-3,NO
HR & Administration,iso 8583,0,3,-3,NO
HR & Administration,node.js,0,3,-3,NO
HR & Administration,approval by appropriate party,0,3,-3,NO
HR & Administration,geometric dimensioning,0,3,-3,NO
HR & Administration,videoscribe software,0,3,-3,NO
HR & Administration,orthopedics,0,3,-3,NO
HR & Administration,ability to take initiative and exhibit flexibility.,0,3,-3,NO
HR & Administration,aws(emr,0,3,-3,NO
HR & Administration,using specialized accounting software.,0,3,-3,NO
HR & Administration,staff training/development,0,3,-3,NO
HR & Administration,financial planner,0,3,-3,NO
HR & Administration,brake repair and replacement,0,3,-3,NO
HR & Administration,fiscal management,0,3,-3,NO
HR & Administration,pivot table,0,3,-3,NO
HR & Administration,usability testing,0,3,-3,NO
HR & Administration,problem-solver,0,3,-3,NO
HR & Administration,machine learning engineering,0,3,-3,NO
HR & Administration,skilled in the operation of workstations and servers,0,3,-3,NO
HR & Administration,interviewing techniques,0,3,-3,NO
HR & Administration,iworks,0,3,-3,NO
HR & Administration,fixed asset solutions software,0,3,-3,NO
HR & Administration,have interpersonal skills to deal effectively with all business contacts.,0,3,-3,NO
HR & Administration,coded the general ledger and processed vendor invoice payments.,0,3,-3,NO
HR & Administration,interpersonal and communication skills,0,3,-3,NO
HR & Administration,excel training,0,3,-3,NO
HR & Administration,dmf and project work process,0,3,-3,NO
HR & Administration,clinical research,0,3,-3,NO
HR & Administration,technical report writing,0,3,-3,NO
HR & Administration,desktop support,0,3,-3,NO
HR & Administration,aspen,0,3,-3,NO
HR & Administration,database administration,0,3,-3,NO
HR & Administration,revit,0,3,-3,NO
HR & Administration,some experience with authentication protocols (radius / tacacs),0,3,-3,NO
HR & Administration,responsible for preparing and posting entries for the daily posting packet,0,3,-3,NO
HR & Administration,itil v,0,3,-3,NO
HR & Administration,strong management skills,0,3,-3,NO
HR & Administration,mechanical repair,0,3,-3,NO
HR & Administration,ibm/lenovo,0,3,-3,NO
HR & Administration,content development,0,3,-3,NO
HR & Administration,some basic cisco ios,0,3,-3,NO
HR & Administration,p & l management,0,3,-3,NO
HR & Administration,windows (95,0,3,-3,NO
HR & Administration,strong leadership skills,0,3,-3,NO
HR & Administration,team-oriented,0,3,-3,NO
HR & Administration,tenacity,0,3,-3,NO
HR & Administration,lstms,0,3,-3,NO
HR & Administration,mas 90,0,3,-3,NO
HR & Administration,ssms,0,3,-3,NO
HR & Administration,market analysis,0,3,-3,NO
HR & Administration,toyota production systems,0,3,-3,NO
HR & Administration,law enforcement,0,3,-3,NO
HR & Administration,retail sales,0,3,-3,NO
HR & Administration,managerial accounting,0,3,-3,NO
HR & Administration,voyager),0,3,-3,NO
HR & Administration,paperless proposals,0,3,-3,NO
HR & Administration,database software,0,3,-3,NO
HR & Administration,financial audits,0,3,-3,NO
HR & Administration,technical program management,0,3,-3,NO
HR & Administration,project management lifecycle,0,3,-3,NO
HR & Administration,prosystem,0,3,-3,NO
HR & Administration,tesseract,0,3,-3,NO
HR & Administration,unix shell scripting (bash),0,3,-3,NO
HR & Administration,fiber optics,0,3,-3,NO
HR & Administration,vi,0,3,-3,NO
HR & Administration,power user of microsoft excel epicor netsuite quickbooks hyperion great plains sage intacct,0,3,-3,NO
HR & Administration,series analysis,0,3,-3,NO
HR & Administration,katalon studio,0,3,-3,NO
HR & Administration,technology architecture analysis,0,3,-3,NO
HR & Administration,concur,0,3,-3,NO
HR & Administration,initiative to work independently,0,3,-3,NO
HR & Administration,sarbanesoxley,0,3,-3,NO
HR & Administration,ndt level ii,0,3,-3,NO
HR & Administration,catsweb,0,3,-3,NO
HR & Administration,google documents,0,3,-3,NO
HR & Administration,media relations,0,3,-3,NO
HR & Administration,superior analytical skills,0,3,-3,NO
HR & Administration,a highly motivated and energetic personality.,0,3,-3,NO
HR & Administration,employee training,0,3,-3,NO
HR & Administration,microsoft access 2010,0,3,-3,NO
HR & Administration,mechanical theory,0,3,-3,NO
HR & Administration,telecommunication,0,3,-3,NO
HR & Administration,analytical and logical,0,3,-3,NO
HR & Administration,the sales,0,3,-3,NO
HR & Administration,financial analysis/planning,0,3,-3,NO
HR & Administration,cost-benefit analysis,0,3,-3,NO
HR & Administration,telecom,0,3,-3,NO
HR & Administration,ubuntu 14.04,0,3,-3,NO
HR & Administration,database management system and administration,0,3,-3,NO
HR & Administration,emacs,0,3,-3,NO
HR & Administration,managing releases,0,3,-3,NO
HR & Administration,nanovision,0,3,-3,NO
HR & Administration,98,0,3,-3,NO
HR & Administration,pcb,0,3,-3,NO
HR & Administration,functional block diagram,0,3,-3,NO
HR & Administration,g/l,0,3,-3,NO
HR & Administration,cloud management,0,3,-3,NO
HR & Administration,cmpro,0,3,-3,NO
HR & Administration,research and development,0,3,-3,NO
HR & Administration,facility and plant modifications,0,3,-3,NO
HR & Administration,insights,0,3,-3,NO
HR & Administration,xls data input,0,3,-3,NO
HR & Administration,microsoft office (word,0,3,-3,NO
HR & Administration,decisive leader,0,3,-3,NO
HR & Administration,visual test,0,3,-3,NO
HR & Administration,designer 2000,0,3,-3,NO
HR & Administration,scientific,0,3,-3,NO
HR & Administration,exchange,0,3,-3,NO
HR & Administration,loss optimization,0,3,-3,NO
HR & Administration,textpad,0,3,-3,NO
HR & Administration,improving accounting and internal control systems,0,3,-3,NO
HR & Administration,assisted the cfo with the production of the monthly financials,0,3,-3,NO
HR & Administration,jmeter,0,3,-3,NO
HR & Administration,traceability matrix,0,3,-3,NO
HR & Administration,hpc,0,3,-3,NO
HR & Administration,cdi,0,3,-3,NO
HR & Administration,troubleshooting windows,0,3,-3,NO
HR & Administration,k-means,0,3,-3,NO
HR & Administration,leadership mentoring,0,3,-3,NO
HR & Administration,ppap,0,3,-3,NO
HR & Administration,lan/wan,0,3,-3,NO
HR & Administration,excellent writing skills,0,3,-3,NO
HR & Administration,microsoft office: word / advanced ms excel skills /ms access / powerpoint / outlook,0,3,-3,NO
HR & Administration,ipsec,0,3,-3,NO
HR & Administration,s3),0,3,-3,NO
HR & Administration,marketing & sales,0,3,-3,NO
HR & Administration,html 5,0,3,-3,NO
HR & Administration,echimp,0,3,-3,NO
HR & Administration,managing multiple priorities,0,3,-3,NO
HR & Administration,retail analytics,0,3,-3,NO
HR & Administration,pro series,0,3,-3,NO
HR & Administration,accounts and group policy,0,3,-3,NO
HR & Administration,employee training and development,0,3,-3,NO
HR & Administration,act!,0,3,-3,NO
HR & Administration,water quality,0,3,-3,NO
HR & Administration,business systems,0,3,-3,NO
HR & Administration,dropbox,0,3,-3,NO
HR & Administration,switchgear,0,3,-3,NO
HR & Administration,proxmox,0,3,-3,NO
HR & Administration,icims,0,3,-3,NO
HR & Administration,implementing,0,3,-3,NO
HR & Administration,prepares analyses as requested by manager and other departments,0,3,-3,NO
HR & Administration,global shop,0,3,-3,NO
HR & Administration,basic financial and operational reporting,0,3,-3,NO
HR & Administration,grading and evaluation,0,3,-3,NO
HR & Administration,powersteering,0,3,-3,NO
HR & Administration,experienced with microsoft office - word,0,3,-3,NO
HR & Administration,dbase iv,0,3,-3,NO
HR & Administration,vendor management,0,3,-3,NO
HR & Administration,white papers,0,3,-3,NO
HR & Administration,safety compliance,0,3,-3,NO
HR & Administration,portfolio analysis,0,3,-3,NO
HR & Administration,process improvement/simplification,0,3,-3,NO
HR & Administration,ports,0,3,-3,NO
HR & Administration,as 400,0,3,-3,NO
HR & Administration,develop drug,0,3,-3,NO
HR & Administration,quest,0,3,-3,NO
HR & Administration,struts,0,3,-3,NO
HR & Administration,financial planning and analysis,0,3,-3,NO
HR & Administration,lxc,0,3,-3,NO
HR & Administration,administration of windows 2000 server,0,3,-3,NO
HR & Administration,sensor,0,3,-3,NO
HR & Administration,investor relations,0,3,-3,NO
HR & Administration,processing corporate visa accounts for payment,0,3,-3,NO
HR & Administration,marketing strategy,0,3,-3,NO
HR & Administration,atlas,0,3,-3,NO
HR & Administration,integration testing,0,3,-3,NO
HR & Administration,financial risk management,0,3,-3,NO
HR & Administration,inspections,0,3,-3,NO
HR & Administration,networking support,0,3,-3,NO
HR & Administration,leadership development program,0,3,-3,NO
HR & Administration,business development & sales leadership,0,3,-3,NO
HR & Administration,data cleansing,0,3,-3,NO
HR & Administration,success factors lms,0,3,-3,NO
HR & Administration,strategy/planning,0,3,-3,NO
HR & Administration,dmm,0,3,-3,NO
HR & Administration,ibm rationale doors,0,3,-3,NO
HR & Administration,government contracts,0,3,-3,NO
HR & Administration,yearend,0,3,-3,NO
HR & Administration,ultra tax,0,3,-3,NO
HR & Administration,usda,0,3,-3,NO
HR & Administration,maintains files,0,3,-3,NO
HR & Administration,instructional design,0,3,-3,NO
HR & Administration,upgrading of hardware,0,3,-3,NO
HR & Administration,so ware development,0,3,-3,NO
HR & Administration,curriculum development,0,3,-3,NO
HR & Administration,customer engagement,0,3,-3,NO
HR & Administration,adp payroll,0,3,-3,NO
HR & Administration,accountable for,0,3,-3,NO
HR & Administration,research support,0,3,-3,NO
HR & Administration,lending,0,3,-3,NO
HR & Administration,established track record of exceptional sales results,0,3,-3,NO
HR & Administration,office manager,0,3,-3,NO
HR & Administration,payment terminals: verifone,0,3,-3,NO
HR & Administration,mathematical modeling,0,3,-3,NO
HR & Administration,drilling engineering,0,3,-3,NO
HR & Administration,eit,0,3,-3,NO
HR & Administration,upgrading,0,3,-3,NO
HR & Administration,six-sigma,0,3,-3,NO
HR & Administration,sites),0,3,-3,NO
HR & Administration,sql developer,0,3,-3,NO
HR & Administration,client development,0,3,-3,NO
HR & Administration,test and troubleshoot ac/dc circuits,0,3,-3,NO
HR & Administration,access database queries & data mining,0,3,-3,NO
HR & Administration,ms office: pivot tables,0,3,-3,NO
HR & Administration,financing,0,3,-3,NO
HR & Administration,advanced data analytics,0,3,-3,NO
HR & Administration,engineering standards,0,3,-3,NO
HR & Administration,credit risk modeling,0,3,-3,NO
HR & Administration,stat graphics,0,3,-3,NO
HR & Administration,ability to lead and motivate a team,0,3,-3,NO
HR & Administration,database systems,0,3,-3,NO
HR & Administration,discrete mathematics,0,3,-3,NO
HR & Administration,journal,0,3,-3,NO
HR & Administration,advanced critical thinking,0,3,-3,NO
HR & Administration,systems administration,0,3,-3,NO
HR & Administration,key account management,0,3,-3,NO
HR & Administration,trend,0,3,-3,NO
HR & Administration,key management,0,3,-3,NO
HR & Administration,ability to translate technical specifications,0,3,-3,NO
HR & Administration,virtual systems: vmware,0,3,-3,NO
HR & Administration,printers & scanners,0,3,-3,NO
HR & Administration,programming tools: python,0,3,-3,NO
HR & Administration,repair and maintenance practice,0,3,-3,NO
HR & Administration,technician v,0,3,-3,NO
HR & Administration,linux and os,0,3,-3,NO
HR & Administration,knowledge of manufacturing test methodologies.,0,3,-3,NO
HR & Administration,de-bugging,0,3,-3,NO
HR & Administration,clarity,0,3,-3,NO
HR & Administration,structured software,0,3,-3,NO
HR & Administration,scheduling appointments,0,3,-3,NO
HR & Administration,pages,0,3,-3,NO
HR & Administration,linux and os x,0,3,-3,NO
HR & Administration,sps,0,3,-3,NO
HR & Administration,tornado,0,3,-3,NO
HR & Administration,networking i,0,3,-3,NO
HR & Administration,vsphere,0,3,-3,NO
HR & Administration,ms outlook,0,3,-3,NO
HR & Administration,mdfs,0,3,-3,NO
HR & Administration,devops,0,3,-3,NO
HR & Administration,nics,0,3,-3,NO
HR & Administration,helioscope,0,3,-3,NO
HR & Administration,telephones,0,3,-3,NO
HR & Administration,architecture,0,3,-3,NO
HR & Administration,microsoft office - word,0,3,-3,NO
HR & Administration,ptc creo),0,3,-3,NO
HR & Administration,proe,0,3,-3,NO
HR & Administration,fraud detection,0,3,-3,NO
HR & Administration,preparing financial reports,0,3,-3,NO
HR & Administration,qcc,0,3,-3,NO
HR & Administration,production process,0,3,-3,NO
HR & Administration,sheet metal,0,3,-3,NO
HR & Administration,live electrical,0,3,-3,NO
HR & Administration,troubles,0,3,-3,NO
HR & Administration,mortgage lending,0,3,-3,NO
HR & Administration,astm material testing and chemical evaluations of materials,0,3,-3,NO
HR & Administration,network security,0,3,-3,NO
HR & Administration,venture capital,0,3,-3,NO
HR & Administration,excellent communication,0,3,-3,NO
HR & Administration,traffic control and state highway database,0,3,-3,NO
HR & Administration,experience with autocad,0,3,-3,NO
HR & Administration,supervisory control and data acquisition,0,3,-3,NO
HR & Administration,5s,0,3,-3,NO
HR & Administration,iterative,0,3,-3,NO
HR & Administration,active noise cancelling (anc),0,3,-3,NO
HR & Administration,hive(hql),0,3,-3,NO
HR & Administration,microsoft excel expert - pivot tables,0,3,-3,NO
HR & Administration,siemens plc,0,3,-3,NO
HR & Administration,agile coach,0,3,-3,NO
HR & Administration,mac ios,0,3,-3,NO
HR & Administration,troubleshooting soho networks,0,3,-3,NO
HR & Administration,wall paper,0,3,-3,NO
HR & Administration,and irregularities to provide accurate records for tfcu and its service organizations,0,3,-3,NO
HR & Administration,advanced knowledge of embedded systems,0,3,-3,NO
HR & Administration,excellent negotiating tactics,0,3,-3,NO
HR & Administration,sales force,0,3,-3,NO
HR & Administration,maintain documentation,0,3,-3,NO
HR & Administration,proficient with microsoft word,0,3,-3,NO
HR & Administration,9900 portable c-arm,0,3,-3,NO
HR & Administration,research scientist,0,3,-3,NO
HR & Administration,ms visual basic,0,3,-3,NO
HR & Administration,system configuration,0,3,-3,NO
HR & Administration,mortgage banking,0,3,-3,NO
HR & Administration,the sale,0,3,-3,NO
HR & Administration,relational databases,0,3,-3,NO
HR & Administration,qa testing,0,3,-3,NO
HR & Administration,market share,0,3,-3,NO
HR & Administration,gantt chart scheduler,0,3,-3,NO
HR & Administration,prediction modelling,0,3,-3,NO
HR & Administration,wsam-dc fiber,0,3,-3,NO
HR & Administration,manages the accounts payable function - including employee/volunteer reimbursement - from processing incoming invoices,0,3,-3,NO
HR & Administration,read blueprints,0,3,-3,NO
HR & Administration,asset keeper pro software,0,3,-3,NO
HR & Administration,social networks,0,3,-3,NO
HR & Administration,openssh,0,3,-3,NO
HR & Administration,qa engineering,0,3,-3,NO
HR & Administration,iec 61131 (ladder logic,0,3,-3,NO
HR & Administration,remedy,0,3,-3,NO
HR & Administration,pc hardware and software installation,0,3,-3,NO
HR & Administration,fds,0,3,-3,NO
HR & Administration,ms-dos,0,3,-3,NO
HR & Administration,mapreduce,0,3,-3,NO
HR & Administration,total quality management,0,3,-3,NO
HR & Administration,2008-2010,0,3,-3,NO
HR & Administration,ms exchange,0,3,-3,NO
HR & Administration,development,0,3,-3,NO
HR & Administration,ccp,0,3,-3,NO
HR & Administration,microsoft dynamics,0,3,-3,NO
HR & Administration,trackwise,0,3,-3,NO
HR & Administration,receptionist,0,3,-3,NO
HR & Administration,oracledb,0,3,-3,NO
HR & Administration,detail oriented,0,3,-3,NO
HR & Administration,office party and event planning,0,3,-3,NO
HR & Administration,test equipment repair and operation,0,3,-3,NO
HR & Administration,hls,0,3,-3,NO
HR & Administration,web application development,0,3,-3,NO
HR & Administration,e-commerce,0,3,-3,NO
HR & Administration,organized and detail-oriented,0,3,-3,NO
HR & Administration,seasoned leadership,0,3,-3,NO
HR & Administration,sales analysis,0,3,-3,NO
HR & Administration,windows 95,0,3,-3,NO
HR & Administration,mozilla thunderbird,0,3,-3,NO
HR & Administration,out of the box thinking,0,3,-3,NO
HR & Administration,good team player,0,3,-3,NO
HR & Administration,google docs,0,3,-3,NO
HR & Administration,office equipment,0,3,-3,NO
HR & Administration,object-oriented programming,0,3,-3,NO
HR & Administration,server management,0,3,-3,NO
HR & Administration,kpi,0,3,-3,NO
HR & Administration,utp,0,3,-3,NO
HR & Administration,requirement analysis (static testing),0,3,-3,NO
HR & Administration,julia,0,3,-3,NO
HR & Administration,sql navigator,0,3,-3,NO
HR & Administration,detail-oriented understanding that any downtime must be minimized if not avoidable,0,3,-3,NO
HR & Administration,project manager,0,3,-3,NO
HR & Administration,educated,0,3,-3,NO
HR & Administration,pl/sql,0,3,-3,NO
HR & Administration,macess,0,3,-3,NO
HR & Administration,comfortable working at heights and odd locations,0,3,-3,NO
HR & Administration,sales and management,0,3,-3,NO
HR & Administration,customer service skills,0,3,-3,NO
HR & Administration,and account,0,3,-3,NO
HR & Administration,systems design i,0,3,-3,NO
HR & Administration,usability,0,3,-3,NO
HR & Administration,creating & updating documentation,0,3,-3,NO
HR & Administration,compliance/auditing/assurance,0,3,-3,NO
HR & Administration,ability to work in a team structure,0,3,-3,NO
HR & Administration,white box,0,3,-3,NO
HR & Administration,coach,0,3,-3,NO
HR & Administration,mobile device support,0,3,-3,NO
HR & Administration,net,0,3,-3,NO
HR & Administration,optistruct),0,3,-3,NO
HR & Administration,production engineering,0,3,-3,NO
HR & Administration,etl,0,3,-3,NO
HR & Administration,rigging,0,3,-3,NO
HR & Administration,ability of managing multi tasks,0,3,-3,NO
HR & Administration,tally,0,3,-3,NO
HR & Administration,contextual reasoning,0,3,-3,NO
HR & Administration,middle school & high school math,0,3,-3,NO
HR & Administration,program development,0,3,-3,NO
HR & Administration,troubleshoot and identify faulty capacitors,0,3,-3,NO
HR & Administration,performance management,0,3,-3,NO
HR & Administration,pr soft,0,3,-3,NO
HR & Administration,cluster analysis,0,3,-3,NO
HR & Administration,metrics,0,3,-3,NO
HR & Administration,software practice i/ii,0,3,-3,NO
HR & Administration,etap,0,3,-3,NO
HR & Administration,and write),0,3,-3,NO
HR & Administration,market planning,0,3,-3,NO
HR & Administration,gd&t,0,3,-3,NO
HR & Administration,digital tv,0,3,-3,NO
HR & Administration,lotus i,0,3,-3,NO
HR & Administration,jvm,0,3,-3,NO
HR & Administration,adobe creative suite,0,3,-3,NO
HR & Administration,strong attention to detail,0,3,-3,NO
HR & Administration,circuit boards,0,3,-3,NO
HR & Administration,bugzilla,0,3,-3,NO
HR & Administration,contract negotiations,0,3,-3,NO
HR & Administration,therapy,0,3,-3,NO
HR & Administration,presenting,0,3,-3,NO
HR & Administration,voice,0,3,-3,NO
HR & Administration,horizontal,0,3,-3,NO
HR & Administration,sharepoint use experience,0,3,-3,NO
HR & Administration,ocr,0,3,-3,NO
HR & Administration,mainframe,0,3,-3,NO
HR & Administration,slides,0,3,-3,NO
HR & Administration,ethernet,0,3,-3,NO
HR & Administration,marketing strategist,0,3,-3,NO
HR & Administration,kek,0,3,-3,NO
HR & Administration,flash,0,3,-3,NO
HR & Administration,excel in areas of expertise,0,3,-3,NO
HR & Administration,typing speed,0,3,-3,NO
HR & Administration,autocad civil 3d,0,3,-3,NO
HR & Administration,sales objectives,0,3,-3,NO
HR & Administration,microsoft office suite (2013),0,3,-3,NO
HR & Administration,skill 2,0,3,-3,NO
HR & Administration,configuring network and end user security,0,3,-3,NO
HR & Administration,budget 5,0,3,-3,NO
HR & Administration,book keeping,0,3,-3,NO
HR & Administration,reliable,0,3,-3,NO
HR & Administration,advertisements,0,3,-3,NO
HR & Administration,and works with branch staff to ensure incoming wires are posted and resolve issues,0,3,-3,NO
HR & Administration,skills,0,3,-3,NO
HR & Administration,neural,0,3,-3,NO
HR & Administration,lotus,0,3,-3,NO
HR & Administration,and identifies and resolves errors,0,3,-3,NO
HR & Administration,cd-rom,0,3,-3,NO
HR & Administration,profit pluss 2k8,0,3,-3,NO
HR & Administration,apache pig,0,3,-3,NO
HR & Administration,firstdata certpro and more,0,3,-3,NO
HR & Administration,os x 10.8-10.11,0,3,-3,NO
HR & Administration,desktops,0,3,-3,NO
HR & Administration,blackboard,0,3,-3,NO
HR & Administration,assemble/disassemble pcs and electronics to the component level,0,3,-3,NO
HR & Administration,ms office suite (word,0,3,-3,NO
HR & Administration,image segmentation,0,3,-3,NO
HR & Administration,articles,0,3,-3,NO
HR & Administration,ms frontpage,0,3,-3,NO
HR & Administration,safety codes,0,3,-3,NO
HR & Administration,flask api,0,3,-3,NO
HR & Administration,maintenance management,0,3,-3,NO
HR & Administration,project planning and management,0,3,-3,NO
HR & Administration,k-means clustering,0,3,-3,NO
HR & Administration,programming languages,0,3,-3,NO
HR & Administration,failure modes and effective analysis (fmea),0,3,-3,NO
HR & Administration,conflict management,0,3,-3,NO
HR & Administration,pfd,0,3,-3,NO
HR & Administration,pq,0,3,-3,NO
HR & Administration,forklift,0,3,-3,NO
HR & Administration,competitive analysis,0,3,-3,NO
HR & Administration,information systems,0,3,-3,NO
HR & Administration,responds to inquiries from that manager regarding budgeted and actual expenses,0,3,-3,NO
HR & Administration,loans,0,3,-3,NO
HR & Administration,functional requirements,0,3,-3,NO
HR & Administration,production analytics,0,3,-3,NO
HR & Administration,meeting facilitation,0,3,-3,NO
HR & Administration,public relations software: bacons mediasource,0,3,-3,NO
HR & Administration,reactjs,0,3,-3,NO
HR & Administration,pro e,0,3,-3,NO
HR & Administration,machining,0,3,-3,NO
HR & Administration,attention to detail,0,3,-3,NO
HR & Administration,msa,0,3,-3,NO
HR & Administration,building commissioning experience,0,3,-3,NO
HR & Administration,omissions,0,3,-3,NO
HR & Administration,torquisesvn,0,3,-3,NO
HR & Administration,influencing and negotiation,0,3,-3,NO
HR & Administration,product development and design,0,3,-3,NO
HR & Administration,verifies those wires have all required documentation,0,3,-3,NO
HR & Administration,sap fi,0,3,-3,NO
HR & Administration,engineering management,0,3,-3,NO
HR & Administration,scripting,0,3,-3,NO
HR & Administration,acquisitions,0,3,-3,NO
HR & Administration,sap r/3,0,3,-3,NO
HR & Administration,heat,0,3,-3,NO
HR & Administration,underwriting,0,3,-3,NO
HR & Administration,ceridian,0,3,-3,NO
HR & Administration,business associate,0,3,-3,NO
HR & Administration,staff development/leadership,0,3,-3,NO
HR & Administration,microwave,0,3,-3,NO
HR & Administration,software quality engineer,0,3,-3,NO
HR & Administration,business operations,0,3,-3,NO
HR & Administration,researched and resolved billing and invoice problems.,0,3,-3,NO
HR & Administration,integrating content protection systems,0,3,-3,NO
HR & Administration,strategy consulting,0,3,-3,NO
HR & Administration,icgs / idds,0,3,-3,NO
HR & Administration,laundry,0,3,-3,NO
HR & Administration,lucidchart,0,3,-3,NO
HR & Administration,file structures,0,3,-3,NO
HR & Administration,osi,0,3,-3,NO
HR & Administration,applied machine learning,0,3,-3,NO
HR & Administration,strong requirement tracing,0,3,-3,NO
HR & Administration,internal medicine,0,3,-3,NO
HR & Administration,ats,0,3,-3,NO
HR & Administration,ruby on rails,0,3,-3,NO
HR & Administration,project coordination,0,3,-3,NO
HR & Administration,payroll mate,0,3,-3,NO
HR & Administration,941 withholding accounting,0,3,-3,NO
HR & Administration,tsys certifynow,0,3,-3,NO
HR & Administration,yarn,0,3,-3,NO
HR & Administration,labor relations,0,3,-3,NO
HR & Administration,maintain and document.,0,3,-3,NO
HR & Administration,skill 3,0,3,-3,NO
HR & Administration,data gathering,0,3,-3,NO
HR & Administration,lesson planning,0,3,-3,NO
HR & Administration,ms-excel,0,3,-3,NO
HR & Administration,react native,0,3,-3,NO
HR & Administration,management training,0,3,-3,NO
HR & Administration,adobe dreamweaver,0,3,-3,NO
HR & Administration,data insights,0,3,-3,NO
HR & Administration,equipment inventory,0,3,-3,NO
HR & Administration,ibm-aix,0,3,-3,NO
HR & Administration,vcms,0,3,-3,NO
HR & Administration,excellent time management skills,0,3,-3,NO
HR & Administration,payroll experts,0,3,-3,NO
HR & Administration,automated test scripts,0,3,-3,NO
HR & Administration,lighting designs using visual professional,0,3,-3,NO
HR & Administration,core java,0,3,-3,NO
HR & Administration,processes outgoing and incoming wires,0,3,-3,NO
HR & Administration,weka,0,3,-3,NO
HR & Administration,pax and innowi,0,3,-3,NO
HR & Administration,basis,0,3,-3,NO
HR & Administration,maple,0,3,-3,NO
HR & Administration,training material,0,3,-3,NO
HR & Administration,new products,0,3,-3,NO
HR & Administration,user centered design,0,3,-3,NO
HR & Administration,full accounting cycle,0,3,-3,NO
HR & Administration,chasepaymentech,0,3,-3,NO
HR & Administration,data transition,0,3,-3,NO
HR & Administration,contract management,0,3,-3,NO
HR & Administration,azure data factory,0,3,-3,NO
HR & Administration,wago codesys,0,3,-3,NO
HR & Administration,managed sales,0,3,-3,NO
HR & Administration,.ney(vb,0,3,-3,NO
HR & Administration,input into the system,0,3,-3,NO
HR & Administration,scrum master,0,3,-3,NO
HR & Administration,interpersonal communications,0,3,-3,NO
HR & Administration,jquery,0,3,-3,NO
HR & Administration,algorithm design,0,3,-3,NO
HR & Administration,executive presentations,0,3,-3,NO
HR & Administration,performance tracking and evaluation,0,3,-3,NO
HR & Administration,automotive,0,3,-3,NO
HR & Administration,sql server 2008,0,3,-3,NO
HR & Administration,advanced engineering knowledge,0,3,-3,NO
HR & Administration,decorating,0,3,-3,NO
HR & Administration,training program implementation,0,3,-3,NO
HR & Administration,self-motivation,0,3,-3,NO
HR & Administration,multi-line telephone,0,3,-3,NO
HR & Administration,primary care,0,3,-3,NO
HR & Administration,control system design,0,3,-3,NO
HR & Administration,5 why,0,3,-3,NO
HR & Administration,oracle financials,0,3,-3,NO
HR & Administration,aramark service trained on ge amx 4 and amx4+ portable xr unit,0,3,-3,NO
HR & Administration,creativity,0,3,-3,NO
HR & Administration,analytical thinking,0,3,-3,NO
HR & Administration,tear,0,3,-3,NO
HR & Administration,preventive maintenance,0,3,-3,NO
HR & Administration,test scenario engineering,0,3,-3,NO
HR & Administration,toad,0,3,-3,NO
HR & Administration,sales strategies,0,3,-3,NO
HR & Administration,pico or suri,0,3,-3,NO
HR & Administration,oracle experience,0,3,-3,NO
HR & Administration,digital communications with fiber optics,0,3,-3,NO
HR & Administration,webex,0,3,-3,NO
HR & Administration,chemical engineering technician,0,3,-3,NO
HR & Administration,netgear,0,3,-3,NO
HR & Administration,vbs,0,3,-3,NO
HR & Administration,mis reporting,0,3,-3,NO
HR & Administration,google drive sync client,0,3,-3,NO
HR & Administration,operating systems: unix-aix,0,3,-3,NO
HR & Administration,effective multitasking,0,3,-3,NO
HR & Administration,aci- adm,0,3,-3,NO
HR & Administration,database and tools: oracle 11g,0,3,-3,NO
HR & Administration,quality management system implementation,0,3,-3,NO
HR & Administration,product project management,0,3,-3,NO
HR & Administration,profit and loss statement,0,3,-3,NO
HR & Administration,cases,0,3,-3,NO
HR & Administration,financials budgeting & forecasting,0,3,-3,NO
HR & Administration,service orientation,0,3,-3,NO
HR & Administration,sanity testing,0,3,-3,NO
HR & Administration,pcard purchases,0,3,-3,NO
HR & Administration,redmine,0,3,-3,NO
HR & Administration,equipment calibration,0,3,-3,NO
HR & Administration,timberline software,0,3,-3,NO
HR & Administration,fluent in english,0,3,-3,NO
HR & Administration,logo,0,3,-3,NO
HR & Administration,ti),0,3,-3,NO
HR & Administration,vmware,0,3,-3,NO
HR & Administration,script,0,3,-3,NO
HR & Administration,access control,0,3,-3,NO
HR & Administration,demand creation pursuits,0,3,-3,NO
HR & Administration,database management system,0,3,-3,NO
HR & Administration,test and measurement equipment,0,3,-3,NO
HR & Administration,dts,0,3,-3,NO
HR & Administration,ss7,0,3,-3,NO
HR & Administration,kubeflow,0,3,-3,NO
HR & Administration,cch & ria tax research,0,3,-3,NO
HR & Administration,search algorithms,0,3,-3,NO
HR & Administration,execute,0,3,-3,NO
HR & Administration,system originated interfaces refers to the credit union owned system as well as external systems,0,3,-3,NO
HR & Administration,myob,0,3,-3,NO
HR & Administration,video conferencing,0,3,-3,NO
HR & Administration,experience in routing & switching (ospf / bgp / vlan / stp),0,3,-3,NO
HR & Administration,process development,0,3,-3,NO
HR & Administration,accounting software: peoplesoft / quickbooks,0,3,-3,NO
HR & Administration,various erp systems,0,3,-3,NO
HR & Administration,verifies and balances system originated interfaces and posts non-system generated transactions prepared from other sources,0,3,-3,NO
HR & Administration,engineering design,0,3,-3,NO
HR & Administration,iso9001 and as9100 auditing,0,3,-3,NO
HR & Administration,numerical analysis,0,3,-3,NO
HR & Administration,browser support,0,3,-3,NO
HR & Administration,circuit design and analysis,0,3,-3,NO
HR & Administration,virtual machine,0,3,-3,NO
HR & Administration,npi/jdm/odm,0,3,-3,NO
HR & Administration,class,0,3,-3,NO
HR & Administration,microphones,0,3,-3,NO
HR & Administration,gd & t,0,3,-3,NO
HR & Administration,adobe analytics,0,3,-3,NO
HR & Administration,chemistry,0,3,-3,NO
HR & Administration,data computation libraries in python,0,3,-3,NO
HR & Administration,investment banking,0,3,-3,NO
HR & Administration,oracle 12c,0,3,-3,NO
HR & Administration,3d,0,3,-3,NO
HR & Administration,learning management: saba lms,0,3,-3,NO
HR & Administration,executive management support,0,3,-3,NO
HR & Administration,autodesk inventor,0,3,-3,NO
HR & Administration,federal government experience,0,3,-3,NO
HR & Administration,medical devices,0,3,-3,NO
HR & Administration,maintaining inventory,0,3,-3,NO
HR & Administration,apache,0,3,-3,NO
HR & Administration,verilog hardware language,0,3,-3,NO
HR & Administration,business case,0,3,-3,NO
HR & Administration,data visualisation,0,3,-3,NO
HR & Administration,data view,0,3,-3,NO
HR & Administration,six sigma green belt,0,3,-3,NO
HR & Administration,and humidity,0,3,-3,NO
HR & Administration,quality engineer,0,3,-3,NO
HR & Administration,toshiba certified service trained on siemens e-cam nuclear medicine camera,0,3,-3,NO
HR & Administration,predict,0,3,-3,NO
HR & Administration,sales and,0,3,-3,NO
HR & Administration,establishing goals and setting priorities,0,3,-3,NO
HR & Administration,abila mip fund accounting software,0,3,-3,NO
HR & Administration,proficient in polish language,0,3,-3,NO
HR & Administration,drawings,0,3,-3,NO
HR & Administration,desktop publishing software: photoshop,0,3,-3,NO
HR & Administration,anaconda,0,3,-3,NO
HR & Administration,writing skills,0,3,-3,NO
HR & Administration,compensation administration,0,3,-3,NO
HR & Administration,numbers,0,3,-3,NO
HR & Administration,ascertain accuracy of financial reporting,0,3,-3,NO
HR & Administration,jupyter notebook,0,3,-3,NO
HR & Administration,proposal writing,0,3,-3,NO
HR & Administration,fedex,0,3,-3,NO
HR & Administration,lean/5s,0,3,-3,NO
HR & Administration,fluke 115 compact true-rms digital multimeter,0,3,-3,NO
HR & Administration,computer programming,0,3,-3,NO
HR & Administration,inside sales,0,3,-3,NO
HR & Administration,drive,0,3,-3,NO
HR & Administration,administrative manager,0,3,-3,NO
HR & Administration,google bigquery,0,3,-3,NO
HR & Administration,lacerte tax preparation software,0,3,-3,NO
HR & Administration,printed circuit board cad (protel),0,3,-3,NO
HR & Administration,reading circuit schematics,0,3,-3,NO
HR & Administration,mini-tab,0,3,-3,NO
HR & Administration,pro-e,0,3,-3,NO
HR & Administration,quickbooks pro 2015/2016/2017,0,3,-3,NO
HR & Administration,troubleshooting of hardware failure,0,3,-3,NO
HR & Administration,process development and engineering,0,3,-3,NO
HR & Administration,sql server 2005,0,3,-3,NO
HR & Administration,critical thinking skills,0,3,-3,NO
HR & Administration,defect management,0,3,-3,NO
HR & Administration,credit and total accounts on computer spreadsheets/databases,0,3,-3,NO
HR & Administration,supervising 4,0,3,-3,NO
HR & Administration,microsoft team foundation,0,3,-3,NO
HR & Administration,dvp&r,0,3,-3,NO
HR & Administration,philosophy,0,3,-3,NO
HR & Administration,anytime scheduler,0,3,-3,NO
HR & Administration,h.264,0,3,-3,NO
HR & Administration,ms excel/ ms office,0,3,-3,NO
HR & Administration,video chat support,0,3,-3,NO
HR & Administration,test stand fabrication,0,3,-3,NO
HR & Administration,cash register,0,3,-3,NO
HR & Administration,hdfs,0,3,-3,NO
HR & Administration,software support,0,3,-3,NO
HR & Administration,xlnet,0,3,-3,NO
HR & Administration,understand different types of transmission lines: twisted pair,0,3,-3,NO
HR & Administration,written and verbal communication skills,0,3,-3,NO
HR & Administration,demos,0,3,-3,NO
HR & Administration,energy saving,0,3,-3,NO
HR & Administration,multi-meters,0,3,-3,NO
HR & Administration,federal government,0,3,-3,NO
HR & Administration,alteryx,0,3,-3,NO
HR & Administration,administrative functions,0,3,-3,NO
HR & Administration,safety member,0,3,-3,NO
HR & Administration,algore fea,0,3,-3,NO
HR & Administration,daily cash receipts,0,3,-3,NO
HR & Administration,programmable logic controls (plc),0,3,-3,NO
HR & Administration,snowflake,0,3,-3,NO
HR & Administration,documenting operational procedures,0,3,-3,NO
HR & Administration,computer hardware,0,3,-3,NO
HR & Administration,secretary,0,3,-3,NO
HR & Administration,iso 9001/as9100 standards,0,3,-3,NO
HR & Administration,gcp,0,3,-3,NO
HR & Administration,reading schematics,0,3,-3,NO
HR & Administration,temperature,0,3,-3,NO
HR & Administration,pneumatic and hydraulic theory,0,3,-3,NO
HR & Administration,payroll & tax 940,0,3,-3,NO
HR & Administration,good analytical skills,0,3,-3,NO
HR & Administration,telephony,0,3,-3,NO
HR & Administration,web design,0,3,-3,NO
HR & Administration,telecom support,0,3,-3,NO
HR & Administration,ios,0,3,-3,NO
HR & Administration,and scanners,0,3,-3,NO
HR & Administration,basic and advanced supervision training courses,0,3,-3,NO
HR & Administration,ms office proficient,0,3,-3,NO
HR & Administration,3ds max,0,3,-3,NO
HR & Administration,econometrics,0,3,-3,NO
HR & Administration,system integration testing,0,3,-3,NO
HR & Administration,cables,0,3,-3,NO
HR & Administration,adjustments,0,3,-3,NO
HR & Administration,unix-solaris,0,3,-3,NO
HR & Administration,git-stash,0,3,-3,NO
HR & Administration,predictive modelling,0,3,-3,NO
HR & Administration,friendly,0,3,-3,NO
HR & Administration,cpr & first aid certified,0,3,-3,NO
HR & Administration,patran,0,3,-3,NO
HR & Administration,complyright,0,3,-3,NO
HR & Administration,aws deployment,0,3,-3,NO
HR & Administration,outlook express,0,3,-3,NO
HR & Administration,bgp,0,3,-3,NO
HR & Administration,paint,0,3,-3,NO
HR & Administration,deadlines focused,0,3,-3,NO
HR & Administration,studied and understand programmable logic controllers,0,3,-3,NO
HR & Administration,memory,0,3,-3,NO
HR & Administration,community health,0,3,-3,NO
HR & Administration,pgadmin 4,0,3,-3,NO
HR & Administration,strong desire to learn more,0,3,-3,NO
HR & Administration,client relations development,0,3,-3,NO
HR & Administration,sun,0,3,-3,NO
HR & Administration,cat5e,0,3,-3,NO
HR & Administration,on-call tech support,0,3,-3,NO
HR & Administration,ospf,0,3,-3,NO
HR & Administration,data engineer,0,3,-3,NO
HR & Administration,appfolio,0,3,-3,NO
HR & Administration,product owner,0,3,-3,NO
HR & Administration,through cost center coding,0,3,-3,NO
HR & Administration,lean manufacturingâ€‹,0,3,-3,NO
HR & Administration,lucene,0,3,-3,NO
HR & Administration,cloud-testing,0,3,-3,NO
HR & Administration,ridge regression,0,3,-3,NO
HR & Administration,employee management,0,3,-3,NO
HR & Administration,engineering projects,0,3,-3,NO
HR & Administration,analysis of financial systems,0,3,-3,NO
HR & Administration,gpt,0,3,-3,NO
HR & Administration,computersavvy,0,3,-3,NO
HR & Administration,safari,0,3,-3,NO
HR & Administration,written communications,0,3,-3,NO
HR & Administration,tax preparation,0,3,-3,NO
HR & Administration,photoshop,0,3,-3,NO
HR & Administration,tax software: drake / ultra tax / turbotax,0,3,-3,NO
HR & Administration,engineering resource management and forecasting,0,3,-3,NO
HR & Administration,visual foxpro,0,3,-3,NO
HR & Administration,crystal reports,0,3,-3,NO
HR & Administration,responsible for assisting with the preparation of financial statements,0,3,-3,NO
HR & Administration,ios in sap,0,3,-3,NO
HR & Administration,database management and processing,0,3,-3,NO
HR & Administration,esl students,0,3,-3,NO
HR & Administration,efficient multi-tasker,0,3,-3,NO
HR & Administration,one note,0,3,-3,NO
HR & Administration,compensation/payroll,0,3,-3,NO
HR & Administration,inventory & purchases,0,3,-3,NO
HR & Administration,sourcetree,0,3,-3,NO
HR & Administration,pagemaker,0,3,-3,NO
HR & Administration,proficient in microsoft office,0,3,-3,NO
HR & Administration,qa test,0,3,-3,NO
HR & Administration,cisco ios,0,3,-3,NO
HR & Administration,process invoices,0,3,-3,NO
HR & Administration,anatomy,0,3,-3,NO
HR & Administration,general office tools,0,3,-3,NO
HR & Administration,programmable logic controllers,0,3,-3,NO
HR & Administration,relational database design,0,3,-3,NO
HR & Administration,adp ezlabor,0,3,-3,NO
HR & Administration,dax,0,3,-3,NO
HR & Administration,simulink,0,3,-3,NO
HR & Administration,manufacturing yield improvement,0,3,-3,NO
HR & Administration,electronic circuit analysis,0,3,-3,NO
HR & Administration,inspects,0,3,-3,NO
HR & Administration,boundary analysis,0,3,-3,NO
HR & Administration,training manuals,0,3,-3,NO
HR & Administration,special events,0,3,-3,NO
HR & Administration,v-lookups,0,3,-3,NO
HR & Administration,advanced manufacturing,0,3,-3,NO
HR & Administration,9800,0,3,-3,NO
HR & Administration,creative thinker,0,3,-3,NO
HR & Administration,ringbuilder,0,3,-3,NO
HR & Administration,paychex,0,3,-3,NO
HR & Administration,sail point,0,3,-3,NO
HR & Administration,preventative maintenance,0,3,-3,NO
HR & Administration,injection molding,0,3,-3,NO
HR & Administration,mechanical test equipment,0,3,-3,NO
HR & Administration,accounting manager,0,3,-3,NO
HR & Administration,dnn,0,3,-3,NO
HR & Administration,copying,0,3,-3,NO
HR & Administration,sox compliance,0,3,-3,NO
HR & Administration,sklearn,0,3,-3,NO
HR & Administration,determined,0,3,-3,NO
HR & Administration,web based,0,3,-3,NO
HR & Administration,microsoft sql,0,3,-3,NO
HR & Administration,objective analysis,0,3,-3,NO
HR & Administration,equinox,0,3,-3,NO
HR & Administration,test artifacts: test estimation,0,3,-3,NO
HR & Administration,iso-9001 standards,0,3,-3,NO
HR & Administration,excellent written and verbal communication skills,0,3,-3,NO
HR & Administration,client server,0,3,-3,NO
HR & Administration,peoplesoft use & knowledge - queries & data mining,0,3,-3,NO
HR & Administration,docs,0,3,-3,NO
HR & Administration,jdbc,0,3,-3,NO
HR & Administration,market expansion,0,3,-3,NO
HR & Administration,aramark service trained on ge precision 500 radiology and fluoroscopic image system,0,3,-3,NO
HR & Administration,account reconciliation processes,0,3,-3,NO
HR & Administration,company platforms: workbench,0,3,-3,NO
HR & Administration,executive assistant,0,3,-3,NO
HR & Administration,equipment operation,0,3,-3,NO
HR & Administration,mechanical design,0,3,-3,NO
HR & Administration,six sigma tools and methodologies,0,3,-3,NO
HR & Administration,weighing,0,3,-3,NO
HR & Administration,dfmea,0,3,-3,NO
HR & Administration,microsoft nt server,0,3,-3,NO
HR & Administration,cloud architecture,0,3,-3,NO
HR & Administration,owasp zap,0,3,-3,NO
HR & Administration,issues management,0,3,-3,NO
HR & Administration,oral communication,0,3,-3,NO
HR & Administration,ms office proficiency,0,3,-3,NO
HR & Administration,jax,0,3,-3,NO
HR & Administration,selling and,0,3,-3,NO
HR & Administration,wireless routers,0,3,-3,NO
HR & Administration,counseling,0,3,-3,NO
HR & Administration,cnc engineering,0,3,-3,NO
HR & Administration,tax return filing,0,3,-3,NO
HR & Administration,google colab,0,3,-3,NO
HR & Administration,client/server,0,3,-3,NO
HR & Administration,troubleshooting hardware,0,3,-3,NO
HR & Administration,sorting,0,3,-3,NO
HR & Administration,sharepoint foundation 2007/2010,0,3,-3,NO
HR & Administration,calculates and posts month end and year-end accruals as needed,0,3,-3,NO
HR & Administration,compound synthesis,0,3,-3,NO
HR & Administration,sound judgment,0,3,-3,NO
HR & Administration,correspondence,0,3,-3,NO
HR & Administration,proficient in solidworks,0,3,-3,NO
HR & Administration,catboost,0,3,-3,NO
HR & Administration,data arbitration,0,3,-3,NO
HR & Administration,electrical drafting,0,3,-3,NO
HR & Administration,microsoft office 2003-2011,0,3,-3,NO
HR & Administration,groovy,0,3,-3,NO
HR & Administration,allen bradley rslogix,0,3,-3,NO
HR & Administration,cadence,0,3,-3,NO
HR & Administration,simultaneous,0,3,-3,NO
HR & Administration,relationship building,0,3,-3,NO
HR & Administration,honest,0,3,-3,NO
HR & Administration,hp netservers,0,3,-3,NO
HR & Administration,faxing,0,3,-3,NO
HR & Administration,blueprint understanding,0,3,-3,NO
HR & Administration,2k,0,3,-3,NO
HR & Administration,proficient in microsoft word,0,3,-3,NO
HR & Administration,state tax,0,3,-3,NO
HR & Administration,marketing department,0,3,-3,NO
HR & Administration,sql management studio,0,3,-3,NO
HR & Administration,nastran,0,3,-3,NO
HR & Administration,hypothesis analysis,0,3,-3,NO
HR & Administration,desktop,0,3,-3,NO
HR & Administration,correlation analysis,0,3,-3,NO
HR & Administration,strong verbal communication,0,3,-3,NO
HR & Administration,thoroughness,0,3,-3,NO
HR & Administration,venue,0,3,-3,NO
HR & Administration,secret clearance,0,3,-3,NO
HR & Administration,value stream mapping,0,3,-3,NO
HR & Administration,pfmea,0,3,-3,NO
HR & Administration,physical therapy,0,3,-3,NO
HR & Administration,monthly bank reconciliations,0,3,-3,NO
HR & Administration,network installation,0,3,-3,NO
HR & Administration,equipment/wiring installation,0,3,-3,NO
HR & Administration,deadline compliance,0,3,-3,NO
HR & Administration,basic processor design,0,3,-3,NO
HR & Administration,audit report,0,3,-3,NO
HR & Administration,weld,0,3,-3,NO
HR & Administration,clerk,0,3,-3,NO
HR & Administration,hwinfo,0,3,-3,NO
HR & Administration,printing,0,3,-3,NO
HR & Administration,hsrp and lan/wan architecture,0,3,-3,NO
HR & Administration,project management: confluence,0,3,-3,NO
HR & Administration,data integrity,0,3,-3,NO
HR & Administration,ultimate boot cd (ubcd),0,3,-3,NO
HR & Administration,hindi,0,3,-3,NO
HR & Administration,accounts payable/accounts receivable,0,3,-3,NO
HR & Administration,text extraction,0,3,-3,NO
HR & Administration,excellent multitasker,0,3,-3,NO
HR & Administration,audience,0,3,-3,NO
HR & Administration,essbase,0,3,-3,NO
HR & Administration,administrative: microsoft office suite,0,3,-3,NO
HR & Administration,talend,0,3,-3,NO
HR & Administration,assembly (intel,0,3,-3,NO
HR & Administration,proengineer/creo,0,3,-3,NO
HR & Administration,stat- fsi track,0,3,-3,NO
HR & Administration,settlements,0,3,-3,NO
HR & Administration,electronics i,0,3,-3,NO
HR & Administration,tr069,0,3,-3,NO
HR & Administration,forklift and crane certification,0,3,-3,NO
HR & Administration,asp.net 4.5,0,3,-3,NO
HR & Administration,bounding algorithms,0,3,-3,NO
HR & Administration,oil servicing,0,3,-3,NO
HR & Administration,real-time,0,3,-3,NO
HR & Administration,chain management,0,3,-3,NO
HR & Administration,engineering economy,0,3,-3,NO
HR & Administration,welder,0,3,-3,NO
HR & Administration,forecasting and planning,0,3,-3,NO
HR & Administration,microsoft office proficiency,0,3,-3,NO
HR & Administration,systems engineering management,0,3,-3,NO
HR & Administration,dba,0,3,-3,NO
HR & Administration,international business,0,3,-3,NO
HR & Administration,raid,0,3,-3,NO
HR & Administration,test coverage,0,3,-3,NO
HR & Administration,skill 1,0,3,-3,NO
HR & Administration,strategic planning & development,0,3,-3,NO
HR & Administration,financial statement preparation,0,3,-3,NO
HR & Administration,mpeg,0,3,-3,NO
HR & Administration,electrical,0,3,-3,NO
HR & Administration,data warehouse,0,3,-3,NO
HR & Administration,government sell-offs,0,3,-3,NO
HR & Administration,skilled multi-tasker,0,3,-3,NO
HR & Administration,instrumentation and controls,0,3,-3,NO
HR & Administration,combinatorial optimizations,0,3,-3,NO
HR & Administration,willingness to go to whatever length it takes to solve a problem or improve a process,0,3,-3,NO
HR & Administration,vision systems,0,3,-3,NO
HR & Administration,msi,0,3,-3,NO
HR & Administration,digital signal processing,0,3,-3,NO
HR & Administration,harvard graphics,0,3,-3,NO
HR & Administration,tube furnaces,0,3,-3,NO
HR & Administration,prioritization,0,3,-3,NO
HR & Administration,database programming,0,3,-3,NO
HR & Administration,leetcode,0,3,-3,NO
HR & Administration,quickbooks payroll systems,0,3,-3,NO
HR & Administration,2-tier,0,3,-3,NO
HR & Administration,such as shared branching and atm transaction networks,0,3,-3,NO
HR & Administration,maintains inventory,0,3,-3,NO
HR & Administration,internet accounting,0,3,-3,NO
HR & Administration,ml engineer,0,3,-3,NO
HR & Administration,panda,0,3,-3,NO
HR & Administration,os/2,0,3,-3,NO
HR & Administration,discover rct,0,3,-3,NO
HR & Administration,seminars,0,3,-3,NO
HR & Administration,expert in ms office suite,0,3,-3,NO
HR & Administration,hardware and software installation,0,3,-3,NO
HR & Administration,geometry,0,3,-3,NO
HR & Administration,closings,0,3,-3,NO
HR & Administration,low and high voltage devices,0,3,-3,NO
HR & Administration,fluent in spanish,0,3,-3,NO
HR & Administration,peak,0,3,-3,NO
HR & Administration,valgrind,0,3,-3,NO
HR & Administration,oral and written communication,0,3,-3,NO
HR & Administration,stk,0,3,-3,NO
HR & Administration,power systems analysis,0,3,-3,NO
HR & Administration,outlook training,0,3,-3,NO
HR & Administration,printer support,0,3,-3,NO
HR & Administration,sql (mysql,0,3,-3,NO
HR & Administration,vendor sourcing/relations,0,3,-3,NO
HR & Administration,ssrs,0,3,-3,NO
HR & Administration,turbo c++,0,3,-3,NO
HR & Administration,remote access,0,3,-3,NO
HR & Administration,psim,0,3,-3,NO
HR & Administration,meticulous attention to detail,0,3,-3,NO
HR & Administration,cost reduction and avoidance,0,3,-3,NO
HR & Administration,government contracting,0,3,-3,NO
HR & Administration,open source,0,3,-3,NO
HR & Administration,calculators,0,3,-3,NO
HR & Administration,catalog,0,3,-3,NO
HR & Administration,coaxial,0,3,-3,NO
HR & Administration,team builder,0,3,-3,NO
HR & Administration,environmental health and safety,0,3,-3,NO
HR & Administration,technical sales,0,3,-3,NO
HR & Administration,executive decision maker,0,3,-3,NO
HR & Administration,audio editing,0,3,-3,NO
HR & Administration,business requirements,0,3,-3,NO
HR & Administration,periodic financial reporting expert,0,3,-3,NO
HR & Administration,vpn,0,3,-3,NO
HR & Administration,process development and documentation,0,3,-3,NO
HR & Administration,real time embedded systems,0,3,-3,NO
HR & Administration,ssl,0,3,-3,NO
HR & Administration,assured internal controls,0,3,-3,NO
HR & Administration,affirmative action compliance,0,3,-3,NO
HR & Administration,management,0,3,-3,NO
HR & Administration,cryptography,0,3,-3,NO
HR & Administration,aws lambda,0,3,-3,NO
HR & Administration,recorded,0,3,-3,NO
HR & Administration,entry level,0,3,-3,NO
HR & Administration,heroku,0,3,-3,NO
HR & Administration,ibm watson,0,3,-3,NO
HR & Administration,calbench,0,3,-3,NO
HR & Administration,develop business,0,3,-3,NO
HR & Administration,from sales,0,3,-3,NO
HR & Administration,discrete control system (dcs),0,3,-3,NO
HR & Administration,network design,0,3,-3,NO
HR & Administration,presentation,0,3,-3,NO
HR & Administration,hospital pharmacy,0,3,-3,NO
HR & Administration,environmental protection,0,3,-3,NO
HR & Administration,mips assembler,0,3,-3,NO
HR & Administration,ms office: database,0,3,-3,NO
HR & Administration,database design,0,3,-3,NO
HR & Administration,sales tax,0,3,-3,NO
HR & Administration,personnel records maintenance,0,3,-3,NO
HR & Administration,benchmarking,0,3,-3,NO
HR & Administration,manual testing.,0,3,-3,NO
HR & Administration,utilize oscilloscopes to measure ac frequency,0,3,-3,NO
HR & Administration,clinical trials,0,3,-3,NO
HR & Administration,java 1,0,3,-3,NO
HR & Administration,apple lion,0,3,-3,NO
HR & Administration,outgoing,0,3,-3,NO
HR & Administration,adapt to new technology at an accelerated rate,0,3,-3,NO
HR & Administration,profit improvement,0,3,-3,NO
HR & Administration,l1 l2 regression,0,3,-3,NO
HR & Administration,budget analysis,0,3,-3,NO
HR & Administration,hungry for growth and continuous learning,0,3,-3,NO
HR & Administration,wireless data,0,3,-3,NO
HR & Administration,mcse,0,3,-3,NO
HR & Administration,crystal ball,0,3,-3,NO
HR & Administration,hiring and retention,0,3,-3,NO
HR & Administration,management reports and board packages.,0,3,-3,NO
HR & Administration,research associate,0,3,-3,NO
HR & Administration,iam,0,3,-3,NO
HR & Administration,pega,0,3,-3,NO
HR & Administration,compliance audits,0,3,-3,NO
HR & Administration,data programming,0,3,-3,NO
HR & Administration,terminal services,0,3,-3,NO
HR & Administration,data migration,0,3,-3,NO
HR & Administration,agile methodologies,0,3,-3,NO
HR & Administration,adobe illustrator,0,3,-3,NO
HR & Administration,medlin,0,3,-3,NO
HR & Administration,sqlite,0,3,-3,NO
HR & Administration,event management,0,3,-3,NO
HR & Administration,training design and development,0,3,-3,NO
HR & Administration,first article inspection,0,3,-3,NO
HR & Administration,hydraulic testing,0,3,-3,NO
HR & Administration,electrical test,0,3,-3,NO
HR & Administration,safety awareness,0,3,-3,NO
HR & Administration,dell,0,3,-3,NO
HR & Administration,test cases,0,3,-3,NO
HR & Administration,factiva,0,3,-3,NO
HR & Administration,requirement tracing,0,3,-3,NO
HR & Administration,determine voltage,0,3,-3,NO
HR & Administration,vss,0,3,-3,NO
HR & Administration,data base,0,3,-3,NO
HR & Administration,erp implementation,0,3,-3,NO
HR & Administration,laptops. android smartphones tables,0,3,-3,NO
HR & Administration,local remoter systems support,0,3,-3,NO
HR & Administration,pcanywhere,0,3,-3,NO
HR & Administration,industrial electricity,0,3,-3,NO
HR & Administration,remote desktop and help desk management,0,3,-3,NO
HR & Administration,scope and project definition,0,3,-3,NO
HR & Administration,cloud computing,0,3,-3,NO
HR & Administration,eagle accounting system,0,3,-3,NO
HR & Administration,very proficient in soldering,0,3,-3,NO
HR & Administration,computer management,0,3,-3,NO
HR & Administration,civil engineer,0,3,-3,NO
HR & Administration,ability to make decisions and solve problems,0,3,-3,NO
HR & Administration,kpis,0,3,-3,NO
HR & Administration,guided mechanisms,0,3,-3,NO
HR & Administration,sales manager,0,3,-3,NO
HR & Administration,understand overtime and on-call basis may be required,0,3,-3,NO
HR & Administration,intuit proseries,0,3,-3,NO
HR & Administration,office administration,0,3,-3,NO
HR & Administration,toshiba certified service trained on aquilion 16,0,3,-3,NO
HR & Administration,electrical mechanical,0,3,-3,NO
HR & Administration,high attention to details,0,3,-3,NO
HR & Administration,netscape messenger,0,3,-3,NO
HR & Administration,data & network management,0,3,-3,NO
HR & Administration,unix terminal,0,3,-3,NO
HR & Administration,mechanical/electrical engineer,0,3,-3,NO
HR & Administration,ability to stand and walk for hours at time.,0,3,-3,NO
HR & Administration,dvb,0,3,-3,NO
HR & Administration,google drive,0,3,-3,NO
HR & Administration,lfacs,0,3,-3,NO
HR & Administration,marketing/sales,0,3,-3,NO
HR & Administration,excellent communication techniques,0,3,-3,NO
HR & Administration,prepares budget variance reports for various departments as assigned,0,3,-3,NO
HR & Administration,sale and,0,3,-3,NO
HR & Administration,economic analysis,0,3,-3,NO
HR & Administration,credit risk,0,3,-3,NO
HR & Administration,ability to prioritize,0,3,-3,NO
HR & Administration,cross-functional team leadership,0,3,-3,NO
HR & Administration,ma,0,3,-3,NO
HR & Administration,apache hive,0,3,-3,NO
HR & Administration,sla,0,3,-3,NO
HR & Administration,machine tools,0,3,-3,NO
HR & Administration,15+ years of experience in accounting & bookkeeping services,0,3,-3,NO
HR & Administration,installation of network components,0,3,-3,NO
HR & Administration,ultratax,0,3,-3,NO
HR & Administration,multi-task management,0,3,-3,NO
HR & Administration,troubleshooting a network failure,0,3,-3,NO
HR & Administration,skill 6,0,3,-3,NO
HR & Administration,image freeway,0,3,-3,NO
HR & Administration,phones,0,3,-3,NO
HR & Administration,glove,0,3,-3,NO
HR & Administration,statistical analysis: jmp,0,3,-3,NO
HR & Administration,b2c,0,3,-3,NO
HR & Administration,film,0,3,-3,NO
HR & Administration,streamlit,0,3,-3,NO
HR & Administration,analysis (linear & non-linear static,0,3,-3,NO
HR & Administration,high efficiency,0,3,-3,NO
HR & Administration,routing,0,3,-3,NO
HR & Administration,lean/six sigma principles,0,3,-3,NO
HR & Administration,t1,0,3,-3,NO
HR & Administration,public and private accounting,0,3,-3,NO
HR & Administration,capital expenditures,0,3,-3,NO
HR & Administration,prepared various specialty reports,0,3,-3,NO
HR & Administration,exceptional interpersonal communication,0,3,-3,NO
HR & Administration,advanced material selection for rapid prototyping,0,3,-3,NO
HR & Administration,purchase orders,0,3,-3,NO
HR & Administration,csi,0,3,-3,NO
HR & Administration,eclipsys,0,3,-3,NO
HR & Administration,selenium (automated testing),0,3,-3,NO
HR & Administration,staff management,0,3,-3,NO
HR & Administration,lean & six sigma practitioner,0,3,-3,NO
HR & Administration,measurement and layout,0,3,-3,NO
HR & Administration,checks,0,3,-3,NO
HR & Administration,exceptional interpersonal skills,0,3,-3,NO
HR & Administration,work under pressure and deadlines,0,3,-3,NO
HR & Administration,hardware & software design,0,3,-3,NO
HR & Administration,administrative assistant,0,3,-3,NO
HR & Administration,chemical engineering,0,3,-3,NO
HR & Administration,skill 4,0,3,-3,NO
HR & Administration,maintain files,0,3,-3,NO
HR & Administration,derivatives,0,3,-3,NO
HR & Administration,architect end to end,0,3,-3,NO
HR & Administration,sales plan,0,3,-3,NO
HR & Administration,troubleshooting specialist,0,3,-3,NO
HR & Administration,product marketing,0,3,-3,NO
HR & Administration,forklifts,0,3,-3,NO
HR & Administration,idx,0,3,-3,NO
HR & Administration,key aspect analysis,0,3,-3,NO
HR & Administration,ec2,0,3,-3,NO
HR & Administration,finance and tax research - lexis-nexis,0,3,-3,NO
HR & Administration,video conferencing equipment (tv,0,3,-3,NO
HR & Administration,research & data gathering,0,3,-3,NO
HR & Administration,.net,0,3,-3,NO
HR & Administration,resistance and power by calculations and measurements,0,3,-3,NO
HR & Administration,vxworks,0,3,-3,NO
HR & Administration,financial performance assessment,0,3,-3,NO
HR & Administration,plotly,0,3,-3,NO
HR & Administration,careful and active listener,0,3,-3,NO
HR & Administration,invoice processing,0,3,-3,NO
HR & Administration,lombardi,0,3,-3,NO
HR & Administration,cms,0,3,-3,NO
HR & Administration,qa engineering software expertise - design,0,3,-3,NO
HR & Administration,back end,0,3,-3,NO
HR & Administration,printer,0,3,-3,NO
HR & Administration,adobe captivate,0,3,-3,NO
HR & Administration,home care,0,3,-3,NO
HR & Administration,analytical process improvement,0,3,-3,NO
HR & Administration,vb script,0,3,-3,NO
HR & Administration,nationalelectric code (nec),0,3,-3,NO
HR & Administration,pc law,0,3,-3,NO
HR & Administration,microsoft sharepoint,0,3,-3,NO
HR & Administration,implementing effective internal controls,0,3,-3,NO
HR & Administration,expert in customer relations,0,3,-3,NO
HR & Administration,algorithm optimization,0,3,-3,NO
HR & Administration,game theory,0,3,-3,NO
HR & Administration,cae softwares (hypermesh,0,3,-3,NO
HR & Administration,company platforms: dras,0,3,-3,NO
HR & Administration,process design & improvement,0,3,-3,NO
HR & Administration,amazon redshift,0,3,-3,NO
HR & Administration,problem-solving skills,0,3,-3,NO
HR & Administration,epic,0,3,-3,NO
HR & Administration,creativity and imagination,0,3,-3,NO
HR & Administration,audits,0,3,-3,NO
HR & Administration,company platforms: lombardi,0,3,-3,NO
HR & Administration,passmark memtest86,0,3,-3,NO
HR & Administration,firewall setup,0,3,-3,NO
HR & Administration,new product design and development,0,3,-3,NO
HR & Administration,peoplesoft finance applications,0,3,-3,NO
HR & Administration,accounts for,0,3,-3,NO
HR & Administration,and vouchers as well as reconciled records of bank transactions.,0,3,-3,NO
HR & Administration,bert modelling,0,3,-3,NO
HR & Administration,recruitment,0,3,-3,NO
HR & Administration,risk analyst,0,3,-3,NO
HR & Administration,arcview,0,3,-3,NO
HR & Administration,waste reduction,0,3,-3,NO
HR & Administration,manufacturing engineer,0,3,-3,NO
HR & Administration,responsible and reliable,0,3,-3,NO
HR & Administration,proficiency in area,0,3,-3,NO
HR & Administration,cost control,0,3,-3,NO
HR & Administration,sales reports,0,3,-3,NO
HR & Administration,cpr certified,0,3,-3,NO
HR & Administration,compounding,0,3,-3,NO
HR & Administration,document reports,0,3,-3,NO
HR & Administration,cabling and laying of cables,0,3,-3,NO
HR & Administration,switch,0,3,-3,NO
HR & Administration,advanced utilization microsoft office suite,0,3,-3,NO
HR & Administration,symphony,0,3,-3,NO
HR & Administration,technology integration,0,3,-3,NO
HR & Administration,data storage,0,3,-3,NO
HR & Administration,and critical thinking skills,0,3,-3,NO
HR & Administration,pr,0,3,-3,NO
HR & Administration,plat indexes,0,3,-3,NO
HR & Administration,a monitor flow of credit union transactions from the various supporting systems into and out of the general ledger daily,0,3,-3,NO
HR & Administration,malwarebytes,0,3,-3,NO
HR & Administration,arduino ide,0,3,-3,NO
HR & Administration,team leadership / cross-team collaboration,0,3,-3,NO
HR & Administration,process flow,0,3,-3,NO
HR & Administration,frx,0,3,-3,NO
HR & Administration,cpus,0,3,-3,NO
HR & Administration,accounts payable & receivable,0,3,-3,NO
HR & Administration,iii,0,3,-3,NO
HR & Administration,textwrangler,0,3,-3,NO
HR & Administration,skilled in the operation of ms 2000,0,3,-3,NO
HR & Administration,inductors and transformers,0,3,-3,NO
HR & Administration,key accounts,0,3,-3,NO
HR & Administration,mac osx,0,3,-3,NO
HR & Administration,formulas,0,3,-3,NO
HR & Administration,coaching/mentoring,0,3,-3,NO
HR & Administration,document management,0,3,-3,NO
HR & Administration,elastic search,0,3,-3,NO
HR & Administration,er/studio,0,3,-3,NO
HR & Administration,windows & mac os,0,3,-3,NO
HR & Administration,cat5,0,3,-3,NO
HR & Administration,test methodologies: regression testing,0,3,-3,NO
HR & Administration,hammer,0,3,-3,NO
HR & Administration,foresight imaging systems trained on dicom protocols,0,3,-3,NO
HR & Administration,financial planning,0,3,-3,NO
HR & Administration,vts,0,3,-3,NO
HR & Administration,implemented sales,0,3,-3,NO
HR & Administration,ip addressing,0,3,-3,NO
HR & Administration,process optimization,0,3,-3,NO
HR & Administration,solution engineering,0,3,-3,NO
HR & Administration,internet applications,0,3,-3,NO
HR & Administration,ml algorithms,0,3,-3,NO
HR & Administration,probability and stats,0,3,-3,NO
HR & Administration,minute taking,0,3,-3,NO
HR & Administration,company platforms: pega,0,3,-3,NO
HR & Administration,key injection,0,3,-3,NO
HR & Administration,mssql,0,3,-3,NO
HR & Administration,water treatment,0,3,-3,NO
HR & Administration,lathe,0,3,-3,NO
HR & Administration,driver booster,0,3,-3,NO
HR & Administration,civil engineering,0,3,-3,NO
HR & Administration,project planning,0,3,-3,NO
HR & Administration,tender,0,3,-3,NO
HR & Administration,handling cash,0,3,-3,NO
HR & Administration,accounts receivable accounts payable,0,3,-3,NO
HR & Administration,project support,0,3,-3,NO
HR & Administration,octave,0,3,-3,NO
HR & Administration,curl-siege,0,3,-3,NO
HR & Administration,highly organized,0,3,-3,NO
HR & Administration,classification,0,3,-3,NO
HR & Administration,nds,0,3,-3,NO
HR & Administration,pocket pc,0,3,-3,NO
HR & Administration,dbase,0,3,-3,NO
HR & Administration,paper converting equipment,0,3,-3,NO
HR & Administration,multi-state sales tax filing,0,3,-3,NO
HR & Administration,plastics manufacturing processes,0,3,-3,NO
HR & Administration,motivational,0,3,-3,NO
HR & Administration,auto cad,0,3,-3,NO
HR & Administration,html programming,0,3,-3,NO
HR & Administration,recorded monthly transactions,0,3,-3,NO
HR & Administration,security,0,3,-3,NO
HR & Administration,lan aptitude,0,3,-3,NO
HR & Administration,router,0,3,-3,NO
HR & Administration,microsoft power pivot,0,3,-3,NO
HR & Administration,ehrs,0,3,-3,NO
HR & Administration,author,0,3,-3,NO
HR & Administration,cerner,0,3,-3,NO
HR & Administration,microprocessor,0,3,-3,NO
HR & Administration,proposal development,0,3,-3,NO
HR & Administration,mechanical processes,0,3,-3,NO
HR & Administration,dasylab,0,3,-3,NO
HR & Administration,pedague testing system,0,3,-3,NO
HR & Administration,computer system building and repair,0,3,-3,NO
HR & Administration,design review,0,3,-3,NO
HR & Administration,structured,0,3,-3,NO
HR & Administration,user support,0,3,-3,NO
HR & Administration,project development,0,3,-3,NO
HR & Administration,numerical and analytical ability,0,3,-3,NO
HR & Administration,analytical and business acumen,0,3,-3,NO
HR & Administration,netbeui,0,3,-3,NO
HR & Administration,leadership training,0,3,-3,NO
HR & Administration,schematic,0,3,-3,NO
HR & Administration,staff training,0,3,-3,NO
HR & Administration,business to business,0,3,-3,NO
HR & Administration,hotsos training,0,3,-3,NO
HR & Administration,automation tools,0,3,-3,NO
HR & Administration,proofing,0,3,-3,NO
HR & Administration,process engineering & qa management,0,3,-3,NO
HR & Administration,cip,0,3,-3,NO
HR & Administration,financial and accounting,0,3,-3,NO
HR & Administration,time management ability,0,3,-3,NO
HR & Administration,selenium,0,3,-3,NO
HR & Administration,data interpretation,0,3,-3,NO
HR & Administration,research and design,0,3,-3,NO
HR & Administration,aws texualizer,0,3,-3,NO
HR & Administration,planning modules,0,3,-3,NO
HR & Administration,current,0,3,-3,NO
HR & Administration,software quality assurance,0,3,-3,NO
HR & Administration,cad packages (solidworks,0,3,-3,NO
HR & Administration,facility management,0,3,-3,NO
HR & Administration,bank reconciliations and general ledger expertise,0,3,-3,NO
HR & Administration,black box,0,3,-3,NO
HR & Administration,multimedia,0,3,-3,NO
HR & Administration,jvs,0,3,-3,NO
HR & Administration,life insurance,0,3,-3,NO
HR & Administration,tv,0,3,-3,NO
HR & Administration,royalty agreement tracking,0,3,-3,NO
HR & Administration,unix shell/perl scripting,0,3,-3,NO
HR & Administration,cnns,0,3,-3,NO
HR & Administration,webgl,0,3,-3,NO
HR & Administration,network management,0,3,-3,NO
HR & Administration,unix shell scripts,0,3,-3,NO
HR & Administration,operating systems: windows 7-10,0,3,-3,NO
HR & Administration,prepare contract,0,3,-3,NO
HR & Administration,marconi,0,3,-3,NO
HR & Administration,tolerance analysis,0,3,-3,NO
HR & Administration,dras,0,3,-3,NO
HR & Administration,keynote,0,3,-3,NO
HR & Administration,computer sales,0,3,-3,NO
HR & Administration,roofing,0,3,-3,NO
HR & Administration,arc flash,0,3,-3,NO
HR & Administration,skilled concrete finisher,0,3,-3,NO
HR & Administration,people development,0,3,-3,NO
HR & Administration,marketing material,0,3,-3,NO
HR & Administration,sales management,0,3,-3,NO
HR & Administration,wonderware,0,3,-3,NO
HR & Administration,generating bill of materials,0,3,-3,NO
HR & Administration,excellent communication and presentation skills,0,3,-3,NO
HR & Administration,and resolving discrepancies,0,3,-3,NO
HR & Administration,photo,0,3,-3,NO
HR & Administration,analyze financial statements,0,3,-3,NO
HR & Administration,network printers,0,3,-3,NO
HR & Administration,computer proficient,0,4,-4,NO
HR & Administration,lead development,0,4,-4,NO
HR & Administration,computer literate,0,4,-4,NO
HR & Administration,cold calling,0,4,-4,NO
HR & Administration,creative problem solving,0,4,-4,NO
HR & Administration,oscilloscope,0,6,-6,NO
HR & Administration,robotics,0,6,-6,NO
HR & Administration,angularjs,0,6,-6,NO
HR & Administration,and marketing,0,6,-6,NO
HR & Administration,pcs,0,6,-6,NO
HR & Administration,restaurant manager,0,6,-6,NO
HR & Administration,process design,0,6,-6,NO
HR & Administration,graphs,0,6,-6,NO
HR & Administration,unity,0,6,-6,NO
HR & Administration,negotiation,0,6,-6,NO
HR & Administration,marketing materials,0,6,-6,NO
HR & Administration,office management,0,6,-6,NO
HR & Administration,analysis,0,6,-6,NO
HR & Administration,quickbooks expert,0,6,-6,NO
HR & Administration,iso 9001,0,6,-6,NO
HR & Administration,predictive analysis,0,6,-6,NO
HR & Administration,people soft,0,6,-6,NO
HR & Administration,generally accepted auditing standards,0,6,-6,NO
HR & Administration,and troubleshooting,0,6,-6,NO
HR & Administration,mac os,0,6,-6,NO
HR & Administration,vision,0,6,-6,NO
HR & Administration,mba,0,6,-6,NO
HR & Administration,spacy,0,6,-6,NO
HR & Administration,calm under pressure,0,6,-6,NO
HR & Administration,arabic,0,6,-6,NO
HR & Administration,balanced,0,6,-6,NO
HR & Administration,windows xp/vista,0,6,-6,NO
HR & Administration,data reporting,0,6,-6,NO
HR & Administration,exceptional time management,0,6,-6,NO
HR & Administration,lecturer,0,6,-6,NO
HR & Administration,novell,0,6,-6,NO
HR & Administration,cognos,0,6,-6,NO
HR & Administration,self-motivated professional,0,6,-6,NO
HR & Administration,television,0,6,-6,NO
HR & Administration,illustrator,0,6,-6,NO
HR & Administration,model building,0,6,-6,NO
HR & Administration,dec,0,6,-6,NO
HR & Administration,profit,0,6,-6,NO
HR & Administration,quick books,0,6,-6,NO
HR & Administration,ergonomics,0,6,-6,NO
HR & Administration,month end close,0,6,-6,NO
HR & Administration,retail marketing,0,6,-6,NO
HR & Administration,verilog,0,6,-6,NO
HR & Administration,power generation,0,6,-6,NO
HR & Administration,reconciliations,0,6,-6,NO
HR & Administration,ipx,0,6,-6,NO
HR & Administration,jupyter,0,6,-6,NO
HR & Administration,treasury,0,6,-6,NO
HR & Administration,written communication skills,0,6,-6,NO
HR & Administration,swift,0,6,-6,NO
HR & Administration,arduino,0,6,-6,NO
HR & Administration,positioning,0,6,-6,NO
HR & Administration,engineering operational functions,0,6,-6,NO
HR & Administration,rest apis,0,6,-6,NO
HR & Administration,html/ css,0,6,-6,NO
HR & Administration,police,0,6,-6,NO
HR & Administration,renovation,0,6,-6,NO
HR & Administration,motorola,0,6,-6,NO
HR & Administration,software installation,0,6,-6,NO
HR & Administration,debit,0,6,-6,NO
HR & Administration,team leader,0,6,-6,NO
HR & Administration,orcad,0,6,-6,NO
HR & Administration,inspecting,0,6,-6,NO
HR & Administration,payroll processing,0,6,-6,NO
HR & Administration,dmaic,0,6,-6,NO
HR & Administration,aia,0,6,-6,NO
HR & Administration,product management,0,6,-6,NO
HR & Administration,letters,0,6,-6,NO
HR & Administration,embedded software development,0,6,-6,NO
HR & Administration,accounts and,0,6,-6,NO
HR & Administration,air force,0,6,-6,NO
HR & Administration,competitive,0,6,-6,NO
HR & Administration,bonds,0,6,-6,NO
HR & Administration,system administration,0,6,-6,NO
HR & Administration,cash handling,0,6,-6,NO
HR & Administration,dos,0,6,-6,NO
HR & Administration,army,0,6,-6,NO
HR & Administration,process management,0,6,-6,NO
HR & Administration,sales forecasting,0,6,-6,NO
HR & Administration,contract administration,0,6,-6,NO
HR & Administration,business strategy,0,6,-6,NO
HR & Administration,property management,0,6,-6,NO
HR & Administration,oracle),0,6,-6,NO
HR & Administration,data trending knowledge,0,6,-6,NO
HR & Administration,inventory levels,0,6,-6,NO
HR & Administration,web development,0,6,-6,NO
HR & Administration,active directory,0,6,-6,NO
HR & Administration,fax,0,6,-6,NO
HR & Administration,automated payroll,0,6,-6,NO
HR & Administration,sdlc,0,6,-6,NO
HR & Administration,prime,0,6,-6,NO
HR & Administration,marketing and sales,0,6,-6,NO
HR & Administration,hydraulics,0,6,-6,NO
HR & Administration,cable,0,6,-6,NO
HR & Administration,merchandising,0,6,-6,NO
HR & Administration,decisive,0,6,-6,NO
HR & Administration,web design 2,0,6,-6,NO
HR & Administration,natural gas,0,6,-6,NO
HR & Administration,budget preparation,0,6,-6,NO
HR & Administration,asp,0,6,-6,NO
HR & Administration,process payroll,0,6,-6,NO
HR & Administration,business process improvement,0,6,-6,NO
HR & Administration,project and visio,0,6,-6,NO
HR & Administration,jde,0,6,-6,NO
HR & Administration,maintain records,0,6,-6,NO
HR & Administration,financial statement analysis,0,6,-6,NO
HR & Administration,advanced computer proficiency (pc and mac),0,6,-6,NO
HR & Administration,material management,0,6,-6,NO
HR & Administration,cnn,0,6,-6,NO
HR & Administration,algorithm development,0,6,-6,NO
HR & Administration,accrual,0,6,-6,NO
HR & Administration,money,0,6,-6,NO
HR & Administration,promotional,0,6,-6,NO
HR & Administration,trouble shooting,0,6,-6,NO
HR & Administration,newsletter,0,6,-6,NO
HR & Administration,functional testing,0,6,-6,NO
HR & Administration,cash flow projections,0,6,-6,NO
HR & Administration,huggingface,0,6,-6,NO
HR & Administration,content management,0,6,-6,NO
HR & Administration,laptops,0,6,-6,NO
HR & Administration,information security,0,6,-6,NO
HR & Administration,recuva,0,6,-6,NO
HR & Administration,first aid,0,6,-6,NO
HR & Administration,soap,0,6,-6,NO
HR & Administration,workbench,0,6,-6,NO
HR & Administration,dialysis,0,6,-6,NO
HR & Administration,direct marketing,0,6,-6,NO
HR & Administration,black box testing,0,6,-6,NO
HR & Administration,application programming,0,6,-6,NO
HR & Administration,trainer,0,6,-6,NO
HR & Administration,requirement analysis,0,6,-6,NO
HR & Administration,camera,0,6,-6,NO
HR & Administration,salesforce.com crm,0,6,-6,NO
HR & Administration,cabling,0,6,-6,NO
HR & Administration,azure databricks,0,6,-6,NO
HR & Administration,restapi,0,6,-6,NO
HR & Administration,chatbot,0,6,-6,NO
HR & Administration,ibm,0,6,-6,NO
HR & Administration,lacerte,0,6,-6,NO
HR & Administration,direct sales,0,6,-6,NO
HR & Administration,installing,0,6,-6,NO
HR & Administration,control systems,0,6,-6,NO
HR & Administration,strategic marketing,0,6,-6,NO
HR & Administration,bootstrap,0,6,-6,NO
HR & Administration,data structure,0,6,-6,NO
HR & Administration,kotlin,0,6,-6,NO
HR & Administration,robotic,0,6,-6,NO
HR & Administration,objective c,0,6,-6,NO
HR & Administration,jcl,0,6,-6,NO
HR & Administration,apqp,0,6,-6,NO
HR & Administration,construction management,0,6,-6,NO
HR & Administration,negotiating,0,6,-6,NO
HR & Administration,corporate finance,0,6,-6,NO
HR & Administration,prepare financial statements,0,6,-6,NO
HR & Administration,tcp,0,6,-6,NO
HR & Administration,microsoft office applications,0,6,-6,NO
HR & Administration,sales software: salesforce.com,0,6,-6,NO
HR & Administration,perl,0,6,-6,NO
HR & Administration,base sas,0,6,-6,NO
HR & Administration,deadline-oriented,0,6,-6,NO
HR & Administration,fmea,0,6,-6,NO
HR & Administration,a+,0,6,-6,NO
HR & Administration,regression,0,6,-6,NO
HR & Administration,equipment installation,0,6,-6,NO
HR & Administration,haskell,0,6,-6,NO
HR & Administration,strong leader,0,6,-6,NO
HR & Administration,vista,0,6,-6,NO
HR & Administration,fortran,0,6,-6,NO
HR & Administration,latex,0,6,-6,NO
HR & Administration,adaptability,0,6,-6,NO
HR & Administration,public speaking,0,6,-6,NO
HR & Administration,dispatching,0,6,-6,NO
HR & Administration,unit testing,0,6,-6,NO
HR & Administration,internet research,0,6,-6,NO
HR & Administration,strategic plans,0,6,-6,NO
HR & Administration,organization,0,6,-6,NO
HR & Administration,languages,0,6,-6,NO
HR & Administration,graphical user interface,0,6,-6,NO
HR & Administration,tensorflowjs,0,6,-6,NO
HR & Administration,branding,0,6,-6,NO
HR & Administration,technical writing,0,6,-6,NO
HR & Administration,object oriented programming,0,6,-6,NO
HR & Administration,reinforcement learning,0,6,-6,NO
HR & Administration,conversion,0,6,-6,NO
HR & Administration,outside sales,0,6,-6,NO
HR & Administration,graphql,0,6,-6,NO
HR & Administration,increase,0,6,-6,NO
HR & Administration,promotion,0,6,-6,NO
HR & Administration,solutions,0,6,-6,NO
HR & Administration,system analysis,0,6,-6,NO
HR & Administration,firewall,0,6,-6,NO
HR & Administration,quick learner,0,6,-6,NO
HR & Administration,rfp,0,6,-6,NO
HR & Administration,next,0,6,-6,NO
HR & Administration,design process,0,6,-6,NO
HR & Administration,xgboost,0,6,-6,NO
HR & Administration,nec,0,6,-6,NO
HR & Administration,operational analysis,0,6,-6,NO
HR & Administration,manufacturing process controls,0,6,-6,NO
HR & Administration,strategic thinker,0,6,-6,NO
HR & Administration,analytical,0,6,-6,NO
HR & Administration,customer care,0,6,-6,NO
HR & Administration,multivariate analysis,0,6,-6,NO
HR & Administration,bash,0,6,-6,NO
HR & Administration,experimentation,0,6,-6,NO
HR & Administration,market research,0,6,-6,NO
HR & Administration,travel arrangements,0,6,-6,NO
HR & Administration,invoice,0,6,-6,NO
HR & Administration,client engagement,0,6,-6,NO
HR & Administration,statistical modelling,0,6,-6,NO
HR & Administration,portfolio management,0,6,-6,NO
HR & Administration,cash receipts,0,6,-6,NO
HR & Administration,digital logic,0,6,-6,NO
HR & Administration,data wrangling,0,6,-6,NO
HR & Administration,mechanical engineering,0,6,-6,NO
HR & Administration,cash,0,6,-6,NO
HR & Administration,mathcad,0,6,-6,NO
HR & Administration,robotic systems,0,6,-6,NO
HR & Administration,pytesseract,0,6,-6,NO
HR & Administration,requirements gathering,0,6,-6,NO
HR & Administration,staff development,0,6,-6,NO
HR & Administration,manufacturing processes,0,6,-6,NO
HR & Administration,general accounting,0,6,-6,NO
HR & Administration,equipment maintenance,0,6,-6,NO
HR & Administration,big data analytics,0,6,-6,NO
HR & Administration,research analysis,0,6,-6,NO
HR & Administration,kronos,0,6,-6,NO
HR & Administration,cashier,0,6,-6,NO
HR & Administration,hardware design,0,6,-6,NO
HR & Administration,variance analysis,0,6,-6,NO
HR & Administration,automation design,0,6,-6,NO
HR & Administration,systems engineering,0,6,-6,NO
HR & Administration,ordering,0,6,-6,NO
HR & Administration,real time,0,6,-6,NO
HR & Administration,as400,0,6,-6,NO
HR & Administration,manual testing,0,6,-6,NO
HR & Administration,mac,0,6,-6,NO
HR & Administration,budget development,0,6,-6,NO
HR & Administration,council,0,6,-6,NO
HR & Administration,sarbanes-oxley,0,6,-6,NO
HR & Administration,interpersonal,0,6,-6,NO
HR & Administration,drivers,0,6,-6,NO
HR & Administration,scanners,0,6,-6,NO
HR & Administration,personnel management,0,6,-6,NO
HR & Administration,decision-making,0,6,-6,NO
HR & Administration,random forest,0,6,-6,NO
HR & Administration,ifrs,0,6,-6,NO
HR & Administration,written communication,0,6,-6,NO
HR & Administration,timberline,0,6,-6,NO
HR & Administration,bookkeeper,0,6,-6,NO
HR & Administration,customer analytics,0,6,-6,NO
HR & Administration,website,0,6,-6,NO
HR & Administration,decision tree,0,6,-6,NO
HR & Administration,python programming,0,6,-6,NO
HR & Administration,market trends,0,6,-6,NO
HR & Administration,its,0,6,-6,NO
HR & Administration,debugging,0,6,-6,NO
HR & Administration,ui design,0,6,-6,NO
HR & Administration,maintain inventory,0,6,-6,NO
HR & Administration,human resource,0,6,-6,NO
HR & Administration,consultant,0,6,-6,NO
HR & Administration,analytical skills,0,6,-6,NO
HR & Administration,ms visual studio,0,6,-6,NO
HR & Administration,sql (postgresql,0,6,-6,NO
HR & Administration,training programs,0,6,-6,NO
HR & Administration,risk assessment,0,6,-6,NO
HR & Administration,html5,0,6,-6,NO
HR & Administration,design and construction,0,6,-6,NO
HR & Administration,quickbooks pro,0,6,-6,NO
HR & Administration,material science,0,6,-6,NO
HR & Administration,business writing,0,6,-6,NO
HR & Administration,test plan,0,6,-6,NO
HR & Administration,windows 7,0,6,-6,NO
HR & Administration,home health,0,6,-6,NO
HR & Administration,ims,0,6,-6,NO
HR & Administration,tango,0,6,-6,NO
HR & Administration,anova,0,6,-6,NO
HR & Administration,storage area network,0,6,-6,NO
HR & Administration,transmission,0,6,-6,NO
HR & Administration,advanced bookkeeping skills,0,6,-6,NO
HR & Administration,ieee,0,6,-6,NO
HR & Administration,lighting,0,6,-6,NO
HR & Administration,esd,0,6,-6,NO
HR & Administration,vba,0,6,-6,NO
HR & Administration,communicator,0,6,-6,NO
HR & Administration,superior attention to detail,0,6,-6,NO
HR & Administration,quick,0,6,-6,NO
HR & Administration,financial accounting,0,6,-6,NO
HR & Administration,microsoft,0,6,-6,NO
HR & Administration,hand tools,0,6,-6,NO
HR & Administration,ruby,0,6,-6,NO
HR & Administration,plc programming,0,6,-6,NO
HR & Administration,scala,0,6,-6,NO
HR & Administration,springboot,0,6,-6,NO
HR & Administration,quantitative analysis,0,6,-6,NO
HR & Administration,business solutions,0,6,-6,NO
HR & Administration,front office,0,6,-6,NO
HR & Administration,business administration,0,6,-6,NO
HR & Administration,human resources,0,6,-6,NO
HR & Administration,food safety,0,6,-6,NO
HR & Administration,html/css,0,6,-6,NO
HR & Administration,kanban,0,6,-6,NO
HR & Administration,ip,0,6,-6,NO
HR & Administration,integrator,0,6,-6,NO
HR & Administration,data integration,0,6,-6,NO
HR & Administration,eda,0,6,-6,NO
HR & Administration,web design 1,0,6,-6,NO
HR & Administration,oral,0,6,-6,NO
HR & Administration,network protocols,0,6,-6,NO
HR & Administration,mas90,0,6,-6,NO
HR & Administration,ms project,0,6,-6,NO
HR & Administration,mis,0,6,-6,NO
HR & Administration,c/c++,0,6,-6,NO
HR & Administration,calculator,0,6,-6,NO
HR & Administration,strong interpersonal skills,0,6,-6,NO
HR & Administration,workshops,0,6,-6,NO
HR & Administration,marketing plan,0,6,-6,NO
HR & Administration,svm,0,6,-6,NO
HR & Administration,scripts,0,6,-6,NO
HR & Administration,signal generators,0,6,-6,NO
HR & Administration,github,0,6,-6,NO
HR & Administration,application support,0,6,-6,NO
HR & Administration,pycharm,0,6,-6,NO
HR & Administration,software training,0,6,-6,NO
HR & Administration,blueprints,0,6,-6,NO
HR & Administration,integration,0,6,-6,NO
HR & Administration,consultation,0,6,-6,NO
HR & Administration,annual reports,0,6,-6,NO
HR & Administration,fashion,0,6,-6,NO
HR & Administration,equity,0,6,-6,NO
HR & Administration,gps,0,6,-6,NO
HR & Administration,hyperion,0,6,-6,NO
HR & Administration,netscape,0,6,-6,NO
HR & Administration,team work,0,6,-6,NO
HR & Administration,kaizen,0,6,-6,NO
HR & Administration,bluebeam,0,6,-6,NO
HR & Administration,investments,0,6,-6,NO
HR & Administration,outlook),0,6,-6,NO
HR & Administration,data acquisition,0,6,-6,NO
HR & Administration,financial operations,0,6,-6,NO
HR & Administration,supply chain management,0,6,-6,NO
HR & Administration,proactive,0,6,-6,NO
HR & Administration,computer systems,0,6,-6,NO
HR & Administration,windows 2000,0,6,-6,NO
HR & Administration,visual basics,0,6,-6,NO
HR & Administration,technical plan execution aptitude,0,6,-6,NO
HR & Administration,a/p,0,6,-6,NO
HR & Administration,cash flow analysis,0,6,-6,NO
HR & Administration,verbal communication skills,0,6,-6,NO
HR & Administration,budget forecasting expertise,0,6,-6,NO
HR & Administration,asset management,0,6,-6,NO
HR & Administration,client relations,0,7,-7,NO
HR & Administration,driving,0,9,-9,NO
HR & Administration,cost reduction,0,9,-9,NO
HR & Administration,data processing,0,9,-9,NO
HR & Administration,image,0,9,-9,NO
HR & Administration,accounting operations professional,0,9,-9,NO
HR & Administration,accounts payables,0,9,-9,NO
HR & Administration,customer relations,0,9,-9,NO
HR & Administration,type,0,9,-9,NO
HR & Administration,month-end closing,0,9,-9,NO
HR & Administration,scheme,0,9,-9,NO
HR & Administration,vhf,0,9,-9,NO
HR & Administration,relationship management,0,9,-9,NO
HR & Administration,experiments,0,9,-9,NO
HR & Administration,accounting software,0,9,-9,NO
HR & Administration,gis,0,9,-9,NO
HR & Administration,windows xp,0,9,-9,NO
HR & Administration,microstation,0,9,-9,NO
HR & Administration,interpersonal skills,0,9,-9,NO
HR & Administration,manufacturing process,0,9,-9,NO
HR & Administration,c programming,0,9,-9,NO
HR & Administration,jenkins,0,9,-9,NO
HR & Administration,asp.net,0,9,-9,NO
HR & Administration,db2,0,9,-9,NO
HR & Administration,training materials,0,9,-9,NO
HR & Administration,grants,0,9,-9,NO
HR & Administration,project,0,9,-9,NO
HR & Administration,power supplies,0,9,-9,NO
HR & Administration,testing,0,9,-9,NO
HR & Administration,catia,0,9,-9,NO
HR & Administration,ann,0,9,-9,NO
HR & Administration,wireshark,0,9,-9,NO
HR & Administration,team leadership,0,9,-9,NO
HR & Administration,inventor,0,9,-9,NO
HR & Administration,charts,0,9,-9,NO
HR & Administration,cisco,0,9,-9,NO
HR & Administration,heuristics,0,9,-9,NO
HR & Administration,flexible team player,0,9,-9,NO
HR & Administration,solid works,0,9,-9,NO
HR & Administration,teamviewer,0,9,-9,NO
HR & Administration,graphic,0,9,-9,NO
HR & Administration,multimeters,0,9,-9,NO
HR & Administration,qa,0,9,-9,NO
HR & Administration,r programming,0,9,-9,NO
HR & Administration,carpentry,0,9,-9,NO
HR & Administration,speaking,0,9,-9,NO
HR & Administration,negotiations,0,9,-9,NO
HR & Administration,pick,0,9,-9,NO
HR & Administration,cobol,0,9,-9,NO
HR & Administration,window,0,9,-9,NO
HR & Administration,balance sheets,0,9,-9,NO
HR & Administration,analyst,0,9,-9,NO
HR & Administration,android,0,9,-9,NO
HR & Administration,risk analysis,0,9,-9,NO
HR & Administration,self-motivated,0,9,-9,NO
HR & Administration,vb.net,0,9,-9,NO
HR & Administration,financial management,0,9,-9,NO
HR & Administration,organizing,0,9,-9,NO
HR & Administration,sop,0,9,-9,NO
HR & Administration,postman,0,9,-9,NO
HR & Administration,mailing,0,9,-9,NO
HR & Administration,process engineering,0,9,-9,NO
HR & Administration,agile methodology,0,9,-9,NO
HR & Administration,conferences,0,9,-9,NO
HR & Administration,data scientist,0,9,-9,NO
HR & Administration,pivot tables,0,9,-9,NO
HR & Administration,expense reports,0,9,-9,NO
HR & Administration,adobe acrobat,0,9,-9,NO
HR & Administration,fundraising,0,9,-9,NO
HR & Administration,edge,0,9,-9,NO
HR & Administration,lotus notes,0,9,-9,NO
HR & Administration,performance reviews,0,9,-9,NO
HR & Administration,natural,0,9,-9,NO
HR & Administration,lstm,0,9,-9,NO
HR & Administration,visual studio code,0,9,-9,NO
HR & Administration,conversational ai,0,9,-9,NO
HR & Administration,communication skills,0,9,-9,NO
HR & Administration,decision trees,0,9,-9,NO
HR & Administration,law,0,9,-9,NO
HR & Administration,vhdl,0,9,-9,NO
HR & Administration,python (django),0,9,-9,NO
HR & Administration,upgrades,0,9,-9,NO
HR & Administration,supply chain,0,9,-9,NO
HR & Administration,new business development,0,9,-9,NO
HR & Administration,learning algorithm,0,9,-9,NO
HR & Administration,typing,0,9,-9,NO
HR & Administration,nodejs,0,9,-9,NO
HR & Administration,surveys,0,9,-9,NO
HR & Administration,siemens,0,9,-9,NO
HR & Administration,websites,0,9,-9,NO
HR & Administration,team building,0,9,-9,NO
HR & Administration,tcp/ip,0,9,-9,NO
HR & Administration,self-starter,0,9,-9,NO
HR & Administration,eclipse,0,9,-9,NO
HR & Administration,modems,0,9,-9,NO
HR & Administration,data management,0,9,-9,NO
HR & Administration,cloud,0,9,-9,NO
HR & Administration,monitors,0,9,-9,NO
HR & Administration,technical documentation,0,9,-9,NO
HR & Administration,azure,0,9,-9,NO
HR & Administration,failure analysis,0,9,-9,NO
HR & Administration,uhf,0,9,-9,NO
HR & Administration,fast,0,9,-9,NO
HR & Administration,system integration,0,9,-9,NO
HR & Administration,technician,0,9,-9,NO
HR & Administration,problem solving skills,0,9,-9,NO
HR & Administration,leadership development,0,9,-9,NO
HR & Administration,customer support,0,9,-9,NO
HR & Administration,telecommunications,0,9,-9,NO
HR & Administration,adp,0,9,-9,NO
HR & Administration,preparation of financial statements,0,9,-9,NO
HR & Administration,data extraction,0,9,-9,NO
HR & Administration,streamline,0,9,-9,NO
HR & Administration,java script,0,9,-9,NO
HR & Administration,supervisory,0,9,-9,NO
HR & Administration,configuring,0,9,-9,NO
HR & Administration,requirement,0,9,-9,NO
HR & Administration,atm,0,9,-9,NO
HR & Administration,ms visio,0,9,-9,NO
HR & Administration,job costing,0,9,-9,NO
HR & Administration,microsoft applications,0,9,-9,NO
HR & Administration,adobe photoshop,0,9,-9,NO
HR & Administration,audit,0,9,-9,NO
HR & Administration,technical architecture,0,9,-9,NO
HR & Administration,intel,0,9,-9,NO
HR & Administration,win,0,9,-9,NO
HR & Administration,strong organizational skills,0,9,-9,NO
HR & Administration,agile,0,9,-9,NO
HR & Administration,iso,0,9,-9,NO
HR & Administration,flutter,0,9,-9,NO
HR & Administration,kafka,0,9,-9,NO
HR & Administration,dynamic html5,0,9,-9,NO
HR & Administration,invoice coding familiarity,0,9,-9,NO
HR & Administration,painting,0,9,-9,NO
HR & Administration,instruction,0,9,-9,NO
HR & Administration,software testing,0,9,-9,NO
HR & Administration,imaging,0,9,-9,NO
HR & Administration,ms office suite,0,9,-9,NO
HR & Administration,marketing strategies,0,9,-9,NO
HR & Administration,radar,0,9,-9,NO
HR & Administration,cnc,0,9,-9,NO
HR & Administration,producing,0,9,-9,NO
HR & Administration,cash management,0,9,-9,NO
HR & Administration,rest,0,9,-9,NO
HR & Administration,trial balance,0,9,-9,NO
HR & Administration,doors,0,9,-9,NO
HR & Administration,kubernetes,0,9,-9,NO
HR & Administration,oil,0,9,-9,NO
HR & Administration,macros,0,9,-9,NO
HR & Administration,bridges,0,9,-9,NO
HR & Administration,general ledger accounting,0,9,-9,NO
HR & Administration,pspice,0,9,-9,NO
HR & Administration,logic,0,9,-9,NO
HR & Administration,bi,0,12,-12,NO
HR & Administration,supervising,0,12,-12,NO
HR & Administration,visual c++,0,12,-12,NO
HR & Administration,features,0,12,-12,NO
HR & Administration,plumbing,0,12,-12,NO
HR & Administration,invoicing,0,12,-12,NO
HR & Administration,analytical reasoning,0,12,-12,NO
HR & Administration,adobe,0,12,-12,NO
HR & Administration,electrical engineering,0,12,-12,NO
HR & Administration,microsoft windows,0,12,-12,NO
HR & Administration,tables,0,12,-12,NO
HR & Administration,voip,0,12,-12,NO
HR & Administration,javascript (angular),0,12,-12,NO
HR & Administration,atl,0,12,-12,NO
HR & Administration,data cleaning,0,12,-12,NO
HR & Administration,reading,0,12,-12,NO
HR & Administration,public relations,0,12,-12,NO
HR & Administration,bert,0,12,-12,NO
HR & Administration,organizational,0,12,-12,NO
HR & Administration,results-oriented,0,12,-12,NO
HR & Administration,erp,0,12,-12,NO
HR & Administration,express,0,12,-12,NO
HR & Administration,scanning,0,12,-12,NO
HR & Administration,power distribution,0,12,-12,NO
HR & Administration,operating systems,0,12,-12,NO
HR & Administration,wiring,0,12,-12,NO
HR & Administration,cost analysis,0,12,-12,NO
HR & Administration,mb,0,12,-12,NO
HR & Administration,threads,0,12,-12,NO
HR & Administration,communication,0,12,-12,NO
HR & Administration,ad,0,12,-12,NO
HR & Administration,explorer,0,12,-12,NO
HR & Administration,repairing,0,12,-12,NO
HR & Administration,protocols,0,12,-12,NO
HR & Administration,operations,0,12,-12,NO
HR & Administration,databases,0,12,-12,NO
HR & Administration,machine learning engineer,0,12,-12,NO
HR & Administration,advanced excel,0,12,-12,NO
HR & Administration,dbms,0,12,-12,NO
HR & Administration,os,0,12,-12,NO
HR & Administration,publisher,0,12,-12,NO
HR & Administration,leadership skills,0,12,-12,NO
HR & Administration,dns,0,12,-12,NO
HR & Administration,nas,0,12,-12,NO
HR & Administration,rnn,0,12,-12,NO
HR & Administration,apple,0,12,-12,NO
HR & Administration,proxy,0,12,-12,NO
HR & Administration,embedded systems,0,12,-12,NO
HR & Administration,project plans,0,12,-12,NO
HR & Administration,nltk,0,12,-12,NO
HR & Administration,change management,0,12,-12,NO
HR & Administration,upgrade,0,12,-12,NO
HR & Administration,fast learner,0,12,-12,NO
HR & Administration,new product development,0,12,-12,NO
HR & Administration,accounting systems,0,12,-12,NO
HR & Administration,supervisor,0,12,-12,NO
HR & Administration,ms access,0,12,-12,NO
HR & Administration,hiring,0,12,-12,NO
HR & Administration,business management,0,12,-12,NO
HR & Administration,billings,0,12,-12,NO
HR & Administration,e-mail,0,12,-12,NO
HR & Administration,process control,0,12,-12,NO
HR & Administration,writer,0,12,-12,NO
HR & Administration,navy,0,12,-12,NO
HR & Administration,spanish,0,12,-12,NO
HR & Administration,researching,0,12,-12,NO
HR & Administration,welding,0,12,-12,NO
HR & Administration,data warehousing,0,12,-12,NO
HR & Administration,ap,0,12,-12,NO
HR & Administration,mathematics,0,12,-12,NO
HR & Administration,selling,0,12,-12,NO
HR & Administration,recording,0,12,-12,NO
HR & Administration,effective time management,0,12,-12,NO
HR & Administration,statistical process control,0,12,-12,NO
HR & Administration,encryption,0,12,-12,NO
HR & Administration,sql server,0,12,-12,NO
HR & Administration,rdbms,0,12,-12,NO
HR & Administration,client management,0,12,-12,NO
HR & Administration,packaging,0,12,-12,NO
HR & Administration,jd edwards,0,12,-12,NO
HR & Administration,estimating,0,12,-12,NO
HR & Administration,soldering,0,12,-12,NO
HR & Administration,innovation,0,12,-12,NO
HR & Administration,self motivated,0,12,-12,NO
HR & Administration,switches,0,12,-12,NO
HR & Administration,firebase,0,12,-12,NO
HR & Administration,data validation,0,12,-12,NO
HR & Administration,dhcp,0,12,-12,NO
HR & Administration,view,0,12,-12,NO
HR & Administration,great plains,0,12,-12,NO
HR & Administration,academic,0,12,-12,NO
HR & Administration,inventory management,0,12,-12,NO
HR & Administration,printers,0,12,-12,NO
HR & Administration,oscilloscopes,0,12,-12,NO
HR & Administration,root cause analysis,0,12,-12,NO
HR & Administration,microsoft azure,0,12,-12,NO
HR & Administration,microsoft visio,0,12,-12,NO
HR & Administration,application development,0,12,-12,NO
HR & Administration,developer,0,12,-12,NO
HR & Administration,rendering,0,12,-12,NO
HR & Administration,mfc,0,12,-12,NO
HR & Administration,quicken,0,12,-12,NO
HR & Administration,directing,0,12,-12,NO
HR & Administration,organizational skills,0,12,-12,NO
HR & Administration,data manipulation,0,12,-12,NO
HR & Administration,ids,0,12,-12,NO
HR & Administration,transformers,0,12,-12,NO
HR & Administration,radio,0,12,-12,NO
HR & Administration,director,0,15,-15,NO
HR & Administration,peoplesoft,0,15,-15,NO
HR & Administration,hp,0,15,-15,NO
HR & Administration,visual studio,0,15,-15,NO
HR & Administration,video editing,0,15,-15,NO
HR & Administration,visio,0,15,-15,NO
HR & Administration,cpa,0,15,-15,NO
HR & Administration,ansys,0,15,-15,NO
HR & Administration,audio,0,15,-15,NO
HR & Administration,ms word,0,15,-15,NO
HR & Administration,microsoft outlook,0,15,-15,NO
HR & Administration,mentor,0,15,-15,NO
HR & Administration,general ledger accounts,0,15,-15,NO
HR & Administration,teaching,0,15,-15,NO
HR & Administration,seaborn,0,15,-15,NO
HR & Administration,text analysis,0,15,-15,NO
HR & Administration,strong communication skills,0,15,-15,NO
HR & Administration,hadoop,0,15,-15,NO
HR & Administration,nosql,0,15,-15,NO
HR & Administration,spss,0,15,-15,NO
HR & Administration,jira,0,15,-15,NO
HR & Administration,enterprise,0,15,-15,NO
HR & Administration,pattern recognition,0,15,-15,NO
HR & Administration,tax returns,0,15,-15,NO
HR & Administration,internet explorer,0,15,-15,NO
HR & Administration,strategic,0,15,-15,NO
HR & Administration,modeling,0,15,-15,NO
HR & Administration,data collection,0,15,-15,NO
HR & Administration,bank reconciliation,0,15,-15,NO
HR & Administration,focus,0,15,-15,NO
HR & Administration,risk management,0,15,-15,NO
HR & Administration,works,0,15,-15,NO
HR & Administration,data modelling,0,15,-15,NO
HR & Administration,physics,0,15,-15,NO
HR & Administration,layout,0,15,-15,NO
HR & Administration,text analytics,0,15,-15,NO
HR & Administration,product development,0,15,-15,NO
HR & Administration,software engineer,0,15,-15,NO
HR & Administration,laser,0,15,-15,NO
HR & Administration,mentoring,0,15,-15,NO
HR & Administration,transportation,0,15,-15,NO
HR & Administration,hvac,0,15,-15,NO
HR & Administration,spark,0,15,-15,NO
HR & Administration,accounting system,0,15,-15,NO
HR & Administration,complex problem solving,0,15,-15,NO
HR & Administration,regression analysis,0,15,-15,NO
HR & Administration,taxes,0,15,-15,NO
HR & Administration,accounts receivables,0,15,-15,NO
HR & Administration,approach,0,15,-15,NO
HR & Administration,continuous improvement,0,15,-15,NO
HR & Administration,messaging,0,15,-15,NO
HR & Administration,oop,0,15,-15,NO
HR & Administration,http,0,15,-15,NO
HR & Administration,ms excel,0,15,-15,NO
HR & Administration,customer relationship management,0,15,-15,NO
HR & Administration,text mining,0,15,-15,NO
HR & Administration,power point,0,15,-15,NO
HR & Administration,instructor,0,15,-15,NO
HR & Administration,ftp,0,15,-15,NO
HR & Administration,maintenance,0,15,-15,NO
HR & Administration,troubleshoot,0,15,-15,NO
HR & Administration,coding,0,15,-15,NO
HR & Administration,scikit-learn,0,15,-15,NO
HR & Administration,cad,0,15,-15,NO
HR & Administration,account reconciliation,0,15,-15,NO
HR & Administration,financials,0,15,-15,NO
HR & Administration,administrative,0,15,-15,NO
HR & Administration,retail,0,15,-15,NO
HR & Administration,direction,0,15,-15,NO
HR & Administration,schematics,0,15,-15,NO
HR & Administration,test equipment,0,15,-15,NO
HR & Administration,ar,0,15,-15,NO
HR & Administration,controller,0,15,-15,NO
HR & Administration,business analyst,0,15,-15,NO
HR & Administration,information technology,0,15,-15,NO
HR & Administration,electrical systems,0,15,-15,NO
HR & Administration,cli,0,15,-15,NO
HR & Administration,plc,0,15,-15,NO
HR & Administration,migration,0,15,-15,NO
HR & Administration,routers,0,15,-15,NO
HR & Administration,electronics,0,15,-15,NO
HR & Administration,hr,0,15,-15,NO
HR & Administration,payables,0,15,-15,NO
HR & Administration,spreadsheet,0,15,-15,NO
HR & Administration,specification,0,15,-15,NO
HR & Administration,team lead,0,15,-15,NO
HR & Administration,accruals,0,15,-15,NO
HR & Administration,read,0,15,-15,NO
HR & Administration,record keeping,0,15,-15,NO
HR & Administration,customer satisfaction,0,16,-16,NO
HR & Administration,balance,0,18,-18,NO
HR & Administration,microsoft powerpoint,0,18,-18,NO
HR & Administration,workflow,0,18,-18,NO
HR & Administration,advertising,0,18,-18,NO
HR & Administration,account reconciliation expert,0,18,-18,NO
HR & Administration,assembly,0,18,-18,NO
HR & Administration,servers,0,18,-18,NO
HR & Administration,2000,0,18,-18,NO
HR & Administration,cash flow,0,18,-18,NO
HR & Administration,labview,0,18,-18,NO
HR & Administration,team player,0,18,-18,NO
HR & Administration,bookkeeping,0,18,-18,NO
HR & Administration,spreadsheets,0,18,-18,NO
HR & Administration,dc,0,18,-18,NO
HR & Administration,gui,0,18,-18,NO
HR & Administration,microsoft office suite,0,18,-18,NO
HR & Administration,drawing,0,18,-18,NO
HR & Administration,clerical,0,18,-18,NO
HR & Administration,gl,0,18,-18,NO
HR & Administration,problem solving,0,18,-18,NO
HR & Administration,program management,0,18,-18,NO
HR & Administration,solidworks,0,18,-18,NO
HR & Administration,calibration,0,18,-18,NO
HR & Administration,crm,0,18,-18,NO
HR & Administration,reconciling,0,18,-18,NO
HR & Administration,strategic planning,0,18,-18,NO
HR & Administration,lan,0,18,-18,NO
HR & Administration,auditing,0,18,-18,NO
HR & Administration,broadcast,0,18,-18,NO
HR & Administration,backup,0,18,-18,NO
HR & Administration,business objects,0,18,-18,NO
HR & Administration,sage,0,18,-18,NO
HR & Administration,utilities,0,18,-18,NO
HR & Administration,coaching,0,18,-18,NO
HR & Administration,minitab,0,18,-18,NO
HR & Administration,pricing,0,18,-18,NO
HR & Administration,book,0,18,-18,NO
HR & Administration,big data,0,18,-18,NO
HR & Administration,simulation,0,18,-18,NO
HR & Administration,hive,0,18,-18,NO
HR & Administration,json,0,18,-18,NO
HR & Administration,benefits,0,18,-18,NO
HR & Administration,sas,0,18,-18,NO
HR & Administration,database management,0,18,-18,NO
HR & Administration,administrative support,0,18,-18,NO
HR & Administration,editing,0,18,-18,NO
HR & Administration,docker,0,18,-18,NO
HR & Administration,detail-oriented,0,18,-18,NO
HR & Administration,page,0,18,-18,NO
HR & Administration,team management,0,18,-18,NO
HR & Administration,agency,0,18,-18,NO
HR & Administration,networks,0,18,-18,NO
HR & Administration,operations management,0,18,-18,NO
HR & Administration,government,0,18,-18,NO
HR & Administration,receiving,0,18,-18,NO
HR & Administration,content,0,18,-18,NO
HR & Administration,account management,0,19,-19,NO
HR & Administration,critical thinking,0,21,-21,NO
HR & Administration,ca,0,21,-21,NO
HR & Administration,training,0,21,-21,NO
HR & Administration,postgresql,0,21,-21,NO
HR & Administration,requirement gathering,0,21,-21,NO
HR & Administration,software developer,0,21,-21,NO
HR & Administration,unix,0,21,-21,NO
HR & Administration,san,0,21,-21,NO
HR & Administration,php,0,21,-21,NO
HR & Administration,predictive analytics,0,21,-21,NO
HR & Administration,concept,0,21,-21,NO
HR & Administration,optimization,0,21,-21,NO
HR & Administration,account reconciliations,0,21,-21,NO
HR & Administration,statistical modeling,0,21,-21,NO
HR & Administration,mail,0,21,-21,NO
HR & Administration,staffing,0,21,-21,NO
HR & Administration,lean manufacturing,0,21,-21,NO
HR & Administration,microsoft project,0,21,-21,NO
HR & Administration,drafting,0,21,-21,NO
HR & Administration,clustering,0,21,-21,NO
HR & Administration,real estate,0,21,-21,NO
HR & Administration,legal,0,21,-21,NO
HR & Administration,time series analysis,0,21,-21,NO
HR & Administration,strategy,0,21,-21,NO
HR & Administration,ledger,0,24,-24,NO
HR & Administration,scrum,0,24,-24,NO
HR & Administration,bank reconciliations,0,24,-24,NO
HR & Administration,xml,0,24,-24,NO
HR & Administration,financial analysis,0,24,-24,NO
HR & Administration,data entry,0,24,-24,NO
HR & Administration,flask,0,24,-24,NO
HR & Administration,english,0,24,-24,NO
HR & Administration,telephone,0,24,-24,NO
HR & Administration,statistics,0,24,-24,NO
HR & Administration,basic,0,24,-24,NO
HR & Administration,six sigma,0,24,-24,NO
HR & Administration,django,0,24,-24,NO
HR & Administration,funds,0,24,-24,NO
HR & Administration,visual basic,0,24,-24,NO
HR & Administration,senior management,0,24,-24,NO
HR & Administration,api,0,24,-24,NO
HR & Administration,sharepoint,0,24,-24,NO
HR & Administration,presentations,0,24,-24,NO
HR & Administration,com,0,24,-24,NO
HR & Administration,opencv,0,24,-24,NO
HR & Administration,image processing,0,24,-24,NO
HR & Administration,power bi,0,24,-24,NO
HR & Administration,email,0,24,-24,NO
HR & Administration,accountant,0,24,-24,NO
HR & Administration,inventory control,0,24,-24,NO
HR & Administration,written,0,24,-24,NO
HR & Administration,video,0,27,-27,NO
HR & Administration,microsoft access,0,27,-27,NO
HR & Administration,machinery,0,27,-27,NO
HR & Administration,accounts receivable,0,27,-27,NO
HR & Administration,shipping,0,27,-27,NO
HR & Administration,validation,0,27,-27,NO
HR & Administration,financial reporting,0,27,-27,NO
HR & Administration,designing,0,27,-27,NO
HR & Administration,quality control,0,27,-27,NO
HR & Administration,peachtree,0,27,-27,NO
HR & Administration,filing,0,27,-27,NO
HR & Administration,programming,0,27,-27,NO
HR & Administration,nlp,0,27,-27,NO
HR & Administration,algorithms,0,27,-27,NO
HR & Administration,software engineering,0,27,-27,NO
HR & Administration,procurement,0,27,-27,NO
HR & Administration,year-end,0,27,-27,NO
HR & Administration,business development,0,28,-28,NO
HR & Administration,logistics,0,30,-30,NO
HR & Administration,banking,0,30,-30,NO
HR & Administration,time management,0,30,-30,NO
HR & Administration,phone,0,30,-30,NO
HR & Administration,financial reports,0,30,-30,NO
HR & Administration,automation,0,30,-30,NO
HR & Administration,engineer,0,30,-30,NO
HR & Administration,repairs,0,30,-30,NO
HR & Administration,consulting,0,30,-30,NO
HR & Administration,process improvement,0,33,-33,NO
HR & Administration,forecasting,0,33,-33,NO
HR & Administration,technical support,0,33,-33,NO
HR & Administration,mongodb,0,33,-33,NO
HR & Administration,purchasing,0,33,-33,NO
HR & Administration,logistic regression,0,33,-33,NO
HR & Administration,market,0,33,-33,NO
HR & Administration,network,0,33,-33,NO
HR & Administration,tax,0,33,-33,NO
HR & Administration,oracle,0,33,-33,NO
HR & Administration,data modeling,0,33,-33,NO
HR & Administration,networking,0,33,-33,NO
HR & Administration,mechanical,0,33,-33,NO
HR & Administration,meetings,0,36,-36,NO
HR & Administration,pytorch,0,36,-36,NO
HR & Administration,predictive modeling,0,36,-36,NO
HR & Administration,microsoft word,0,36,-36,NO
HR & Administration,supervision,0,36,-36,NO
HR & Administration,business intelligence,0,36,-36,NO
HR & Administration,scikit learn,0,36,-36,NO
HR & Administration,neural networks,0,36,-36,NO
HR & Administration,aws,0,36,-36,NO
HR & Administration,c#,0,39,-39,NO
HR & Administration,microsoft excel,0,39,-39,NO
HR & Administration,powerbi,0,39,-39,NO
HR & Administration,data structures,0,39,-39,NO
HR & Administration,git,0,39,-39,NO
HR & Administration,inspection,0,39,-39,NO
HR & Administration,proposals,0,39,-39,NO
HR & Administration,balance sheet,0,39,-39,NO
HR & Administration,business analytics,0,39,-39,NO
HR & Administration,delivery,0,39,-39,NO
HR & Administration,fixed assets,0,39,-39,NO
HR & Administration,pyspark,0,39,-39,NO
HR & Administration,functional,0,42,-42,NO
HR & Administration,payroll,0,42,-42,NO
HR & Administration,quality assurance,0,42,-42,NO
HR & Administration,keras,0,42,-42,NO
HR & Administration,insurance,0,42,-42,NO
HR & Administration,credit,0,42,-42,NO
HR & Administration,managing,0,42,-42,NO
HR & Administration,css,0,42,-42,NO
HR & Administration,statistical analysis,0,42,-42,NO
HR & Administration,forms,0,45,-45,NO
HR & Administration,accounts payable,0,45,-45,NO
HR & Administration,hardware,0,45,-45,NO
HR & Administration,closing,0,45,-45,NO
HR & Administration,matplotlib,0,45,-45,NO
HR & Administration,budgeting,0,45,-45,NO
HR & Administration,computer vision,0,48,-48,NO
HR & Administration,finance,0,48,-48,NO
HR & Administration,budgets,0,48,-48,NO
HR & Administration,business analysis,0,48,-48,NO
HR & Administration,general ledger,0,48,-48,NO
HR & Administration,marketing,0,49,-49,NO
HR & Administration,ms office,0,49,-49,NO
HR & Administration,customer service,0,49,-49,NO
HR & Administration,data analyst,0,51,-51,NO
HR & Administration,matlab,0,51,-51,NO
HR & Administration,progress,0,51,-51,NO
HR & Administration,pandas,0,51,-51,NO
HR & Administration,leadership,0,51,-51,NO
HR & Administration,linear regression,0,51,-51,NO
HR & Administration,database,0,54,-54,NO
HR & Administration,personnel,0,54,-54,NO
HR & Administration,billing,0,54,-54,NO
HR & Administration,javascript,0,54,-54,NO
HR & Administration,safety,0,57,-57,NO
HR & Administration,linux,0,57,-57,NO
HR & Administration,scheduling,0,57,-57,NO
HR & Administration,autocad,0,57,-57,NO
HR & Administration,tensorflow,0,57,-57,NO
HR & Administration,software development,0,57,-57,NO
HR & Administration,windows,0,57,-57,NO
HR & Administration,troubleshooting,0,57,-57,NO
HR & Administration,financial statements,0,60,-60,NO
HR & Administration,materials,0,63,-63,NO
HR & Administration,numpy,0,63,-63,NO
HR & Administration,reporting,0,64,-64,NO
HR & Administration,html,0,66,-66,NO
HR & Administration,office,0,66,-66,NO
HR & Administration,r,0,66,-66,NO
HR & Administration,data visualization,0,66,-66,NO
HR & Administration,mysql,0,69,-69,NO
HR & Administration,client,0,69,-69,NO
HR & Administration,research,0,69,-69,NO
HR & Administration,policies,0,69,-69,NO
HR & Administration,quickbooks,0,72,-72,NO
HR & Administration,contracts,0,75,-75,NO
HR & Administration,financial,0,75,-75,NO
HR & Administration,inventory,0,78,-78,NO
HR & Administration,budget,0,78,-78,NO
HR & Administration,sap,0,78,-78,NO
HR & Administration,access,0,78,-78,NO
HR & Administration,data analytics,0,78,-78,NO
HR & Administration,word,0,78,-78,NO
HR & Administration,quality,0,81,-81,NO
HR & Administration,clients,0,81,-81,NO
HR & Administration,c,0,84,-84,NO
HR & Administration,data mining,0,87,-87,NO
HR & Administration,processes,0,87,-87,NO
HR & Administration,powerpoint,0,87,-87,NO
HR & Administration,tableau,0,90,-90,NO
HR & Administration,microsoft office,0,90,-90,NO
HR & Administration,outlook,0,90,-90,NO
HR & Administration,accounting,0,93,-93,NO
HR & Administration,project management,0,99,-99,NO
HR & Administration,data science,0,99,-99,NO
HR & Administration,documentation,0,102,-102,NO
HR & Administration,artificial intelligence,0,105,-105,NO
HR & Administration,sales,0,115,-115,NO
HR & Administration,natural language processing,0,117,-117,NO
HR & Administration,c++,0,126,-126,NO
HR & Administration,java,0,129,-129,NO
HR & Administration,deep learning,0,162,-162,NO
HR & Administration,data analysis,0,168,-168,NO
HR & Administration,excel,0,180,-180,NO
HR & Administration,sql,0,189,-189,NO
HR & Administration,machine learning,0,369,-369,NO
HR & Administration,python,0,390,-390,NO
IT Infrastructure,ccna (cisco certified network associate),339,0,339,YES
IT Infrastructure,operation & maintenance of server,339,0,339,YES
IT Infrastructure,olt and onu,339,0,339,YES
IT Infrastructure,mysql database,339,0,339,YES
IT Infrastructure,hardware & networking,339,0,339,YES
IT Infrastructure,asp.net mvc strong understanding of database design,339,0,339,YES
IT Infrastructure,it enabled services,339,0,339,YES
IT Infrastructure,nosql database,339,0,339,YES
IT Infrastructure,database administrator (dba),339,0,339,YES
IT Infrastructure,redis,339,0,339,YES
IT Infrastructure,isp,339,0,339,YES
IT Infrastructure,gpon,339,0,339,YES
IT Infrastructure,iig,339,0,339,YES
IT Infrastructure,elasticsearch,339,0,339,YES
IT Infrastructure,terraform,338,0,338,YES
IT Infrastructure,aws cloud,338,0,338,YES
IT Infrastructure,cloud platform,338,0,338,YES
IT Infrastructure,ansible,338,0,338,YES
IT Infrastructure,dockers and kubernetes,338,0,338,YES
IT Infrastructure,devops,338,4,334,YES
IT Infrastructure,reactjs,338,4,334,YES
IT Infrastructure,cisco,339,12,327,YES
IT Infrastructure,database management,339,24,315,YES
IT Infrastructure,mongodb,339,44,295,YES
IT Infrastructure,linux,339,76,263,YES
IT Infrastructure,java,338,172,166,NO
IT Infrastructure,salesforce / crm,0,3,-3,NO
IT Infrastructure,brand development,0,4,-4,NO
IT Infrastructure,problem resolution,0,4,-4,NO
IT Infrastructure,mortgage,0,4,-4,NO
IT Infrastructure,3d printing,0,4,-4,NO
IT Infrastructure,pentaho,0,4,-4,NO
IT Infrastructure,erp (alliance,0,4,-4,NO
IT Infrastructure,frontend,0,4,-4,NO
IT Infrastructure,product and service sales,0,4,-4,NO
IT Infrastructure,worked with management to document and offset unusual expense variances in their respective areas.,0,4,-4,NO
IT Infrastructure,wap,0,4,-4,NO
IT Infrastructure,workforce management systems,0,4,-4,NO
IT Infrastructure,pos systems: micros,0,4,-4,NO
IT Infrastructure,host software,0,4,-4,NO
IT Infrastructure,microsoft windows 10,0,4,-4,NO
IT Infrastructure,ssis,0,4,-4,NO
IT Infrastructure,cbmet,0,4,-4,NO
IT Infrastructure,coordination,0,4,-4,NO
IT Infrastructure,hardware: dell,0,4,-4,NO
IT Infrastructure,microsoft (ms) access,0,4,-4,NO
IT Infrastructure,rfi,0,4,-4,NO
IT Infrastructure,wan,0,4,-4,NO
IT Infrastructure,google calendar,0,4,-4,NO
IT Infrastructure,lock-out/tag-out,0,4,-4,NO
IT Infrastructure,scorecard,0,4,-4,NO
IT Infrastructure,patience,0,4,-4,NO
IT Infrastructure,5s expert,0,4,-4,NO
IT Infrastructure,excellent problem solver,0,4,-4,NO
IT Infrastructure,peachtree accounting,0,4,-4,NO
IT Infrastructure,develop products in consumer electronics,0,4,-4,NO
IT Infrastructure,troubleshooting and problem solving,0,4,-4,NO
IT Infrastructure,multidisciplinary exposure,0,4,-4,NO
IT Infrastructure,tera term,0,4,-4,NO
IT Infrastructure,flexible,0,4,-4,NO
IT Infrastructure,customer care and satisfaction,0,4,-4,NO
IT Infrastructure,individual tax returns,0,4,-4,NO
IT Infrastructure,motivated,0,4,-4,NO
IT Infrastructure,vehicle ergonomics,0,4,-4,NO
IT Infrastructure,manufacturing process development and improvement,0,4,-4,NO
IT Infrastructure,git-lab,0,4,-4,NO
IT Infrastructure,preparation of financial reports,0,4,-4,NO
IT Infrastructure,xpert,0,4,-4,NO
IT Infrastructure,dhcp/dns ethernet and firewall proficient,0,4,-4,NO
IT Infrastructure,xp,0,4,-4,NO
IT Infrastructure,superior research skills,0,4,-4,NO
IT Infrastructure,identifies vendors requiring an irs form 1099 and prepares the form and transmittal,0,4,-4,NO
IT Infrastructure,biotechnology,0,4,-4,NO
IT Infrastructure,raspberry pi,0,4,-4,NO
IT Infrastructure,windows vista,0,4,-4,NO
IT Infrastructure,iis 5,0,4,-4,NO
IT Infrastructure,detail drawings,0,4,-4,NO
IT Infrastructure,software systems engineering,0,4,-4,NO
IT Infrastructure,aardwolf,0,4,-4,NO
IT Infrastructure,general ledger proficiency,0,4,-4,NO
IT Infrastructure,six sigma certified,0,4,-4,NO
IT Infrastructure,estimation,0,4,-4,NO
IT Infrastructure,laboratory testing,0,4,-4,NO
IT Infrastructure,fm,0,4,-4,NO
IT Infrastructure,automation tools - design and implement,0,4,-4,NO
IT Infrastructure,edit,0,4,-4,NO
IT Infrastructure,business process management,0,4,-4,NO
IT Infrastructure,windows platforms programming,0,4,-4,NO
IT Infrastructure,assist,0,4,-4,NO
IT Infrastructure,peoplesoft hrms,0,4,-4,NO
IT Infrastructure,sap),0,4,-4,NO
IT Infrastructure,algebra,0,4,-4,NO
IT Infrastructure,for selling,0,4,-4,NO
IT Infrastructure,design for manufacturing,0,4,-4,NO
IT Infrastructure,test tools,0,4,-4,NO
IT Infrastructure,pl/pgsql,0,4,-4,NO
IT Infrastructure,pearl,0,4,-4,NO
IT Infrastructure,interpersonal communication skills,0,4,-4,NO
IT Infrastructure,user experience,0,4,-4,NO
IT Infrastructure,demonstrated organizational/planning skills,0,4,-4,NO
IT Infrastructure,software development skills,0,4,-4,NO
IT Infrastructure,apple computers,0,4,-4,NO
IT Infrastructure,ibm-pc,0,4,-4,NO
IT Infrastructure,interpretation,0,4,-4,NO
IT Infrastructure,linux programming,0,4,-4,NO
IT Infrastructure,test engineer,0,4,-4,NO
IT Infrastructure,overall sales,0,4,-4,NO
IT Infrastructure,office suite,0,4,-4,NO
IT Infrastructure,processing payments,0,4,-4,NO
IT Infrastructure,sentiment analysis,0,4,-4,NO
IT Infrastructure,installation and configuration of peripherals,0,4,-4,NO
IT Infrastructure,ii,0,4,-4,NO
IT Infrastructure,document control,0,4,-4,NO
IT Infrastructure,oracle database,0,4,-4,NO
IT Infrastructure,i-max,0,4,-4,NO
IT Infrastructure,chill,0,4,-4,NO
IT Infrastructure,a/r,0,4,-4,NO
IT Infrastructure,sublime 2,0,4,-4,NO
IT Infrastructure,client support,0,4,-4,NO
IT Infrastructure,ms office applications,0,4,-4,NO
IT Infrastructure,self-starter & self-motivated,0,4,-4,NO
IT Infrastructure,white box testing,0,4,-4,NO
IT Infrastructure,pillow,0,4,-4,NO
IT Infrastructure,catalysis,0,4,-4,NO
IT Infrastructure,retention,0,4,-4,NO
IT Infrastructure,microsoft rdp,0,4,-4,NO
IT Infrastructure,investment research,0,4,-4,NO
IT Infrastructure,facilities management,0,4,-4,NO
IT Infrastructure,3dsmax,0,4,-4,NO
IT Infrastructure,mp4,0,4,-4,NO
IT Infrastructure,sarbanes oxley,0,4,-4,NO
IT Infrastructure,marketing collateral,0,4,-4,NO
IT Infrastructure,business to customer,0,4,-4,NO
IT Infrastructure,microsoft windows nt server,0,4,-4,NO
IT Infrastructure,cics,0,4,-4,NO
IT Infrastructure,exceptional telephone etiquette,0,4,-4,NO
IT Infrastructure,industrial automation,0,4,-4,NO
IT Infrastructure,regression testing,0,4,-4,NO
IT Infrastructure,dukpt,0,4,-4,NO
IT Infrastructure,windows 95 - xp,0,4,-4,NO
IT Infrastructure,exploratory data analysis,0,4,-4,NO
IT Infrastructure,layout design,0,4,-4,NO
IT Infrastructure,plc 5,0,4,-4,NO
IT Infrastructure,differential equations,0,4,-4,NO
IT Infrastructure,accounts receivable professional,0,4,-4,NO
IT Infrastructure,oss,0,4,-4,NO
IT Infrastructure,engineer-in-training,0,4,-4,NO
IT Infrastructure,suspension and alignment,0,4,-4,NO
IT Infrastructure,of sales,0,4,-4,NO
IT Infrastructure,interpersonal communication,0,4,-4,NO
IT Infrastructure,profit and loss,0,4,-4,NO
IT Infrastructure,jd edwards/as 400,0,4,-4,NO
IT Infrastructure,college math,0,4,-4,NO
IT Infrastructure,indesign,0,4,-4,NO
IT Infrastructure,excellent written,0,4,-4,NO
IT Infrastructure,very organized,0,4,-4,NO
IT Infrastructure,data preparation,0,4,-4,NO
IT Infrastructure,electrical component repair,0,4,-4,NO
IT Infrastructure,ios9,0,4,-4,NO
IT Infrastructure,osha regulations,0,4,-4,NO
IT Infrastructure,laravel,0,4,-4,NO
IT Infrastructure,manufacturing,0,4,-4,NO
IT Infrastructure,speakers),0,4,-4,NO
IT Infrastructure,financial controls,0,4,-4,NO
IT Infrastructure,reduce waste,0,4,-4,NO
IT Infrastructure,windows 9.x,0,4,-4,NO
IT Infrastructure,solomon,0,4,-4,NO
IT Infrastructure,help desk support,0,4,-4,NO
IT Infrastructure,effective leader,0,4,-4,NO
IT Infrastructure,analog and digital circuitry,0,4,-4,NO
IT Infrastructure,method development,0,4,-4,NO
IT Infrastructure,file maintenance,0,4,-4,NO
IT Infrastructure,clarify,0,4,-4,NO
IT Infrastructure,powershell,0,4,-4,NO
IT Infrastructure,drilling- tapping,0,4,-4,NO
IT Infrastructure,vpn/remote connectivity - openvpn,0,4,-4,NO
IT Infrastructure,team building & leadership,0,4,-4,NO
IT Infrastructure,excellent facilitator,0,4,-4,NO
IT Infrastructure,forward-thinking mindset,0,4,-4,NO
IT Infrastructure,prolith (modeling),0,4,-4,NO
IT Infrastructure,iia,0,4,-4,NO
IT Infrastructure,focus integrated erp software for retail garment stores,0,4,-4,NO
IT Infrastructure,physics i,0,4,-4,NO
IT Infrastructure,re-engineering,0,4,-4,NO
IT Infrastructure,organizational and planning skills,0,4,-4,NO
IT Infrastructure,solidworks 2005,0,4,-4,NO
IT Infrastructure,emv systems : btt (ul),0,4,-4,NO
IT Infrastructure,bluehill testing software,0,4,-4,NO
IT Infrastructure,market analysis/competitive positioning,0,4,-4,NO
IT Infrastructure,data analysis techniques,0,4,-4,NO
IT Infrastructure,lotus sametime,0,4,-4,NO
IT Infrastructure,voice over ip telephone,0,4,-4,NO
IT Infrastructure,data handling,0,4,-4,NO
IT Infrastructure,web design technology,0,4,-4,NO
IT Infrastructure,lx,0,4,-4,NO
IT Infrastructure,energy manager,0,4,-4,NO
IT Infrastructure,saas,0,4,-4,NO
IT Infrastructure,human resource management,0,4,-4,NO
IT Infrastructure,windows nt,0,4,-4,NO
IT Infrastructure,including ordering and canceling cards,0,4,-4,NO
IT Infrastructure,office switchphone,0,4,-4,NO
IT Infrastructure,msra,0,4,-4,NO
IT Infrastructure,statistical solutions,0,4,-4,NO
IT Infrastructure,featurization,0,4,-4,NO
IT Infrastructure,phoenix (e1),0,4,-4,NO
IT Infrastructure,verbal communication,0,4,-4,NO
IT Infrastructure,ms office: outlook,0,4,-4,NO
IT Infrastructure,advanced presentation,0,4,-4,NO
IT Infrastructure,create circuits with multisim cad software,0,4,-4,NO
IT Infrastructure,spc++,0,4,-4,NO
IT Infrastructure,analysis of algorithms,0,4,-4,NO
IT Infrastructure,adc,0,4,-4,NO
IT Infrastructure,sc,0,4,-4,NO
IT Infrastructure,dynamic ax,0,4,-4,NO
IT Infrastructure,visual studio 2008-2010,0,4,-4,NO
IT Infrastructure,fasb & gaap standards,0,4,-4,NO
IT Infrastructure,image scanner asset manager -10-key,0,4,-4,NO
IT Infrastructure,business consulting,0,4,-4,NO
IT Infrastructure,naval,0,4,-4,NO
IT Infrastructure,fetch,0,4,-4,NO
IT Infrastructure,company platforms: eagle,0,4,-4,NO
IT Infrastructure,microsoft accounting office,0,4,-4,NO
IT Infrastructure,computer proficient,0,4,-4,NO
IT Infrastructure,interpersonal and communication,0,4,-4,NO
IT Infrastructure,quick on my feet & with my hands,0,4,-4,NO
IT Infrastructure,professor,0,4,-4,NO
IT Infrastructure,fas asset accounting,0,4,-4,NO
IT Infrastructure,competency in procedure development,0,4,-4,NO
IT Infrastructure,troubleshooting i,0,4,-4,NO
IT Infrastructure,developed reconciliation format,0,4,-4,NO
IT Infrastructure,power supply,0,4,-4,NO
IT Infrastructure,performed debit,0,4,-4,NO
IT Infrastructure,vast technical knowledge,0,4,-4,NO
IT Infrastructure,diagnostic software utilities,0,4,-4,NO
IT Infrastructure,client-focused,0,4,-4,NO
IT Infrastructure,cli knowledge,0,4,-4,NO
IT Infrastructure,received,0,4,-4,NO
IT Infrastructure,tools of operations research,0,4,-4,NO
IT Infrastructure,superb communication skills,0,4,-4,NO
IT Infrastructure,network systems,0,4,-4,NO
IT Infrastructure,operating systems: xp windows professional / windows 7/ windows 8,0,4,-4,NO
IT Infrastructure,test scripts,0,4,-4,NO
IT Infrastructure,advanced anatomy knowledge,0,4,-4,NO
IT Infrastructure,pc repair,0,4,-4,NO
IT Infrastructure,revenue recognition,0,4,-4,NO
IT Infrastructure,microsoft virtual pc/hyper-v,0,4,-4,NO
IT Infrastructure,proficient in avg,0,4,-4,NO
IT Infrastructure,calculus,0,4,-4,NO
IT Infrastructure,cash-flow,0,4,-4,NO
IT Infrastructure,parameter tuning,0,4,-4,NO
IT Infrastructure,needs analysis,0,4,-4,NO
IT Infrastructure,vmware workstation,0,4,-4,NO
IT Infrastructure,critical thinker,0,4,-4,NO
IT Infrastructure,hboc,0,4,-4,NO
IT Infrastructure,estimate,0,4,-4,NO
IT Infrastructure,osx,0,4,-4,NO
IT Infrastructure,complex problem solver,0,4,-4,NO
IT Infrastructure,pc security systems,0,4,-4,NO
IT Infrastructure,pluming,0,4,-4,NO
IT Infrastructure,firefox,0,4,-4,NO
IT Infrastructure,adobe indesign,0,4,-4,NO
IT Infrastructure,supervision and training,0,4,-4,NO
IT Infrastructure,facet,0,4,-4,NO
IT Infrastructure,customer services,0,4,-4,NO
IT Infrastructure,business systems analysis,0,4,-4,NO
IT Infrastructure,generally accepted accounting principles,0,4,-4,NO
IT Infrastructure,producer,0,4,-4,NO
IT Infrastructure,budget planning,0,4,-4,NO
IT Infrastructure,aramark service trained on ge 9600,0,4,-4,NO
IT Infrastructure,excellent verbal and written communication skills,0,4,-4,NO
IT Infrastructure,embedded linux,0,4,-4,NO
IT Infrastructure,memtest86,0,4,-4,NO
IT Infrastructure,project analysis,0,4,-4,NO
IT Infrastructure,8d,0,4,-4,NO
IT Infrastructure,full life cycle,0,4,-4,NO
IT Infrastructure,marketing plans,0,4,-4,NO
IT Infrastructure,erp (enterprise resource planning) software,0,4,-4,NO
IT Infrastructure,management skills,0,4,-4,NO
IT Infrastructure,shielded pair and coaxial,0,4,-4,NO
IT Infrastructure,mathematical modelling,0,4,-4,NO
IT Infrastructure,mckesson,0,4,-4,NO
IT Infrastructure,skilled in the operation of networks,0,4,-4,NO
IT Infrastructure,market basket analysis,0,4,-4,NO
IT Infrastructure,python developer,0,4,-4,NO
IT Infrastructure,data exploration,0,4,-4,NO
IT Infrastructure,business plan,0,4,-4,NO
IT Infrastructure,tensorflow keras,0,4,-4,NO
IT Infrastructure,project management methodologies: agile,0,4,-4,NO
IT Infrastructure,internet,0,4,-4,NO
IT Infrastructure,well organized,0,4,-4,NO
IT Infrastructure,hands on training: electrical,0,4,-4,NO
IT Infrastructure,risk assessment & tracking,0,4,-4,NO
IT Infrastructure,filling,0,4,-4,NO
IT Infrastructure,logic analyzer,0,4,-4,NO
IT Infrastructure,wiring/wire spicing: cat3,0,4,-4,NO
IT Infrastructure,sparkocr,0,4,-4,NO
IT Infrastructure,qa/qm,0,4,-4,NO
IT Infrastructure,emv tags,0,4,-4,NO
IT Infrastructure,tax accounting,0,4,-4,NO
IT Infrastructure,graphic design,0,4,-4,NO
IT Infrastructure,presales,0,4,-4,NO
IT Infrastructure,systems integration,0,4,-4,NO
IT Infrastructure,aderant/cms,0,4,-4,NO
IT Infrastructure,compliance management,0,4,-4,NO
IT Infrastructure,home office,0,4,-4,NO
IT Infrastructure,project management & execution,0,4,-4,NO
IT Infrastructure,order management,0,4,-4,NO
IT Infrastructure,project coordinator,0,4,-4,NO
IT Infrastructure,community outreach,0,4,-4,NO
IT Infrastructure,comprehensive large array data stewardship system,0,4,-4,NO
IT Infrastructure,speak,0,4,-4,NO
IT Infrastructure,xilinx ise,0,4,-4,NO
IT Infrastructure,capital markets,0,4,-4,NO
IT Infrastructure,rtos - os9,0,4,-4,NO
IT Infrastructure,business and requirements analysis,0,4,-4,NO
IT Infrastructure,unsupervised learning,0,4,-4,NO
IT Infrastructure,gse,0,4,-4,NO
IT Infrastructure,sound,0,4,-4,NO
IT Infrastructure,train employees,0,4,-4,NO
IT Infrastructure,active-listening,0,4,-4,NO
IT Infrastructure,graphics and design,0,4,-4,NO
IT Infrastructure,xcode,0,4,-4,NO
IT Infrastructure,experienced manager,0,4,-4,NO
IT Infrastructure,trello,0,4,-4,NO
IT Infrastructure,bounded rationality,0,4,-4,NO
IT Infrastructure,patient and diligent,0,4,-4,NO
IT Infrastructure,powerpoint presentations,0,4,-4,NO
IT Infrastructure,infolease for lease and financial accounting & citconnect research,0,4,-4,NO
IT Infrastructure,mas,0,4,-4,NO
IT Infrastructure,know-your-consumer (kyc),0,4,-4,NO
IT Infrastructure,strong written and verbal communication skills,0,4,-4,NO
IT Infrastructure,fiber brains,0,4,-4,NO
IT Infrastructure,collaborating with stakeholders - roadmap,0,4,-4,NO
IT Infrastructure,office master system,0,4,-4,NO
IT Infrastructure,asp),0,4,-4,NO
IT Infrastructure,java programming,0,4,-4,NO
IT Infrastructure,general ledger accounting skills,0,4,-4,NO
IT Infrastructure,assisted living,0,4,-4,NO
IT Infrastructure,web developer,0,4,-4,NO
IT Infrastructure,sonet,0,4,-4,NO
IT Infrastructure,ifixit pro tech toolkit,0,4,-4,NO
IT Infrastructure,company platforms: business objects,0,4,-4,NO
IT Infrastructure,through-hole,0,4,-4,NO
IT Infrastructure,computer peripherals,0,4,-4,NO
IT Infrastructure,broadpos,0,4,-4,NO
IT Infrastructure,instruction list.),0,4,-4,NO
IT Infrastructure,protocols execution,0,4,-4,NO
IT Infrastructure,us gaap principles,0,4,-4,NO
IT Infrastructure,construct,0,4,-4,NO
IT Infrastructure,production and engineering management,0,4,-4,NO
IT Infrastructure,chromeos,0,4,-4,NO
IT Infrastructure,lasso regression,0,4,-4,NO
IT Infrastructure,ms,0,4,-4,NO
IT Infrastructure,tax slayer,0,4,-4,NO
IT Infrastructure,microsoft technologies,0,4,-4,NO
IT Infrastructure,mediation expertise,0,4,-4,NO
IT Infrastructure,toshiba certified service trained on vantage 1.5 t 8 channel mri,0,4,-4,NO
IT Infrastructure,fannie mae,0,4,-4,NO
IT Infrastructure,gaap understanding,0,4,-4,NO
IT Infrastructure,computer graphics,0,4,-4,NO
IT Infrastructure,radiography,0,4,-4,NO
IT Infrastructure,full finish,0,4,-4,NO
IT Infrastructure,design optimization),0,4,-4,NO
IT Infrastructure,e-business,0,4,-4,NO
IT Infrastructure,requestnet,0,4,-4,NO
IT Infrastructure,architectural drafting,0,4,-4,NO
IT Infrastructure,e-learning,0,4,-4,NO
IT Infrastructure,waterfall,0,4,-4,NO
IT Infrastructure,basic knowledge of microsoft powerpoint and excel,0,4,-4,NO
IT Infrastructure,electronic & mechanical technology,0,4,-4,NO
IT Infrastructure,quickbooks software,0,4,-4,NO
IT Infrastructure,cd-roms,0,4,-4,NO
IT Infrastructure,various testing equipment,0,4,-4,NO
IT Infrastructure,business process,0,4,-4,NO
IT Infrastructure,microcontrollers,0,4,-4,NO
IT Infrastructure,strong collaborative skills,0,4,-4,NO
IT Infrastructure,low voltage power consumption,0,4,-4,NO
IT Infrastructure,quality assurance/control,0,4,-4,NO
IT Infrastructure,manages the corporate visa accounts for managers and volunteers,0,4,-4,NO
IT Infrastructure,marketing research,0,4,-4,NO
IT Infrastructure,product improvement,0,4,-4,NO
IT Infrastructure,application analysis,0,4,-4,NO
IT Infrastructure,linksys,0,4,-4,NO
IT Infrastructure,software engineer/developer,0,4,-4,NO
IT Infrastructure,engineering ethics,0,4,-4,NO
IT Infrastructure,motivation and initiative,0,4,-4,NO
IT Infrastructure,responsible for maintaining fixed assets and prepaid sub-ledger accounts,0,4,-4,NO
IT Infrastructure,driving license,0,4,-4,NO
IT Infrastructure,usb,0,4,-4,NO
IT Infrastructure,developing other business analyst,0,4,-4,NO
IT Infrastructure,erp/accounting systems proficiency,0,4,-4,NO
IT Infrastructure,gdb,0,4,-4,NO
IT Infrastructure,microsoft teams,0,4,-4,NO
IT Infrastructure,architecting best practice technical solutions,0,4,-4,NO
IT Infrastructure,active learning,0,4,-4,NO
IT Infrastructure,sequential analysis,0,4,-4,NO
IT Infrastructure,brake systems expertise,0,4,-4,NO
IT Infrastructure,rcm,0,4,-4,NO
IT Infrastructure,real estate p.m.a.s.,0,4,-4,NO
IT Infrastructure,spc,0,4,-4,NO
IT Infrastructure,proactive and energetic,0,4,-4,NO
IT Infrastructure,inventory management and control,0,4,-4,NO
IT Infrastructure,market evaluation,0,4,-4,NO
IT Infrastructure,collection,0,4,-4,NO
IT Infrastructure,patient safety,0,4,-4,NO
IT Infrastructure,sage fas,0,4,-4,NO
IT Infrastructure,dexterous with hand tools,0,4,-4,NO
IT Infrastructure,ad copy,0,4,-4,NO
IT Infrastructure,windows installation usb/dvd,0,4,-4,NO
IT Infrastructure,xilinx vivado,0,4,-4,NO
IT Infrastructure,call center,0,4,-4,NO
IT Infrastructure,risk mitigation planning,0,4,-4,NO
IT Infrastructure,oracle 8i,0,4,-4,NO
IT Infrastructure,source evaluation and selection,0,4,-4,NO
IT Infrastructure,interoperability,0,4,-4,NO
IT Infrastructure,technical review,0,4,-4,NO
IT Infrastructure,related skills,0,4,-4,NO
IT Infrastructure,identify electronic components and schematic symbols,0,4,-4,NO
IT Infrastructure,solution design,0,4,-4,NO
IT Infrastructure,bind,0,4,-4,NO
IT Infrastructure,aaa security model,0,4,-4,NO
IT Infrastructure,fire protection,0,4,-4,NO
IT Infrastructure,microsoft office software,0,4,-4,NO
IT Infrastructure,ad hoc,0,4,-4,NO
IT Infrastructure,3d modeling,0,4,-4,NO
IT Infrastructure,dashboards,0,4,-4,NO
IT Infrastructure,operating system knowledge,0,4,-4,NO
IT Infrastructure,sales presentations,0,4,-4,NO
IT Infrastructure,tapscan,0,4,-4,NO
IT Infrastructure,configuration management,0,4,-4,NO
IT Infrastructure,validation process specialist,0,4,-4,NO
IT Infrastructure,ccna,0,4,-4,NO
IT Infrastructure,public accounting,0,4,-4,NO
IT Infrastructure,netsuite,0,4,-4,NO
IT Infrastructure,acronis true image,0,4,-4,NO
IT Infrastructure,initiative to work independent,0,4,-4,NO
IT Infrastructure,excellent customer service skills.,0,4,-4,NO
IT Infrastructure,sccm 2012 ios-mdm,0,4,-4,NO
IT Infrastructure,gshell,0,4,-4,NO
IT Infrastructure,art,0,4,-4,NO
IT Infrastructure,and wearables. iphones and ipads. printers,0,4,-4,NO
IT Infrastructure,web-based,0,4,-4,NO
IT Infrastructure,dotnet,0,4,-4,NO
IT Infrastructure,groupwise,0,4,-4,NO
IT Infrastructure,macintosh,0,4,-4,NO
IT Infrastructure,microsoft office including word,0,4,-4,NO
IT Infrastructure,portuguese (fluent),0,4,-4,NO
IT Infrastructure,principal component analysis,0,4,-4,NO
IT Infrastructure,frame,0,4,-4,NO
IT Infrastructure,microprocessors,0,4,-4,NO
IT Infrastructure,along with other finance department staff,0,4,-4,NO
IT Infrastructure,ibm spss,0,4,-4,NO
IT Infrastructure,knn,0,4,-4,NO
IT Infrastructure,ms powerpoint,0,4,-4,NO
IT Infrastructure,issue resolution,0,4,-4,NO
IT Infrastructure,easy power,0,4,-4,NO
IT Infrastructure,bi360 (businessintelligence tool),0,4,-4,NO
IT Infrastructure,engineering cost estimating,0,4,-4,NO
IT Infrastructure,reliability sae standards,0,4,-4,NO
IT Infrastructure,new hire orientation,0,4,-4,NO
IT Infrastructure,classroom monitoring,0,4,-4,NO
IT Infrastructure,visio),0,4,-4,NO
IT Infrastructure,sharepoint & costpoint,0,4,-4,NO
IT Infrastructure,c/python,0,4,-4,NO
IT Infrastructure,tax software,0,4,-4,NO
IT Infrastructure,executive management,0,4,-4,NO
IT Infrastructure,process capability,0,4,-4,NO
IT Infrastructure,doe (design of experiment),0,4,-4,NO
IT Infrastructure,ingenico,0,4,-4,NO
IT Infrastructure,energetic,0,4,-4,NO
IT Infrastructure,webscrapping,0,4,-4,NO
IT Infrastructure,fund accounting,0,4,-4,NO
IT Infrastructure,solar pv systems design,0,4,-4,NO
IT Infrastructure,works with that department manager in preparation of annual budget,0,4,-4,NO
IT Infrastructure,negotiating skills,0,4,-4,NO
IT Infrastructure,proposal,0,4,-4,NO
IT Infrastructure,scanner,0,4,-4,NO
IT Infrastructure,it skills (shopper,0,4,-4,NO
IT Infrastructure,training and development,0,4,-4,NO
IT Infrastructure,product design,0,4,-4,NO
IT Infrastructure,product excellence,0,4,-4,NO
IT Infrastructure,floor plans,0,4,-4,NO
IT Infrastructure,abaqus,0,4,-4,NO
IT Infrastructure,testing and commissioning planning and execution,0,4,-4,NO
IT Infrastructure,tirks,0,4,-4,NO
IT Infrastructure,process analysis,0,4,-4,NO
IT Infrastructure,xa,0,4,-4,NO
IT Infrastructure,skilled in the use of hand tools for repairing and installing electronics,0,4,-4,NO
IT Infrastructure,quality management,0,4,-4,NO
IT Infrastructure,mechanical technician,0,4,-4,NO
IT Infrastructure,hardworking,0,4,-4,NO
IT Infrastructure,electrical mechanical systems,0,4,-4,NO
IT Infrastructure,embedded c,0,4,-4,NO
IT Infrastructure,rehabilitation,0,4,-4,NO
IT Infrastructure,10key by touch,0,4,-4,NO
IT Infrastructure,microsoft word/excel,0,4,-4,NO
IT Infrastructure,profit and loss account,0,4,-4,NO
IT Infrastructure,defect detection,0,4,-4,NO
IT Infrastructure,architect,0,4,-4,NO
IT Infrastructure,pharmacy,0,4,-4,NO
IT Infrastructure,pricing proposal development,0,4,-4,NO
IT Infrastructure,hp alm quality center,0,4,-4,NO
IT Infrastructure,document management testing,0,4,-4,NO
IT Infrastructure,mercurial,0,4,-4,NO
IT Infrastructure,backend,0,4,-4,NO
IT Infrastructure,maintenance schedules,0,4,-4,NO
IT Infrastructure,lean manufacturing and management,0,4,-4,NO
IT Infrastructure,build teams,0,4,-4,NO
IT Infrastructure,industrial machinery,0,4,-4,NO
IT Infrastructure,contract negotiation,0,4,-4,NO
IT Infrastructure,aci-prm,0,4,-4,NO
IT Infrastructure,omb circular a-133,0,4,-4,NO
IT Infrastructure,financial analyst,0,4,-4,NO
IT Infrastructure,database servers,0,4,-4,NO
IT Infrastructure,electrical engineer,0,4,-4,NO
IT Infrastructure,ergonomic and safety conscious,0,4,-4,NO
IT Infrastructure,accounting packages,0,4,-4,NO
IT Infrastructure,electrical equipment operation,0,4,-4,NO
IT Infrastructure,computer proficiency,0,4,-4,NO
IT Infrastructure,enterprise software,0,4,-4,NO
IT Infrastructure,highly responsible and reliable,0,4,-4,NO
IT Infrastructure,gage r & r,0,4,-4,NO
IT Infrastructure,siebel,0,4,-4,NO
IT Infrastructure,trade shows,0,4,-4,NO
IT Infrastructure,budgetary and policy development,0,4,-4,NO
IT Infrastructure,emperical modelling,0,4,-4,NO
IT Infrastructure,equities,0,4,-4,NO
IT Infrastructure,policy/program development,0,4,-4,NO
IT Infrastructure,puppet,0,4,-4,NO
IT Infrastructure,multi-tasking,0,4,-4,NO
IT Infrastructure,proficiency in tcp/ip protocols,0,4,-4,NO
IT Infrastructure,quick test professional,0,4,-4,NO
IT Infrastructure,lead development,0,4,-4,NO
IT Infrastructure,projectors,0,4,-4,NO
IT Infrastructure,hp quality center,0,4,-4,NO
IT Infrastructure,market and development,0,4,-4,NO
IT Infrastructure,cost accounting,0,4,-4,NO
IT Infrastructure,technical: vantive,0,4,-4,NO
IT Infrastructure,cloud infrastructure,0,4,-4,NO
IT Infrastructure,document manager software,0,4,-4,NO
IT Infrastructure,outpatient,0,4,-4,NO
IT Infrastructure,speaker,0,4,-4,NO
IT Infrastructure,performance testing,0,4,-4,NO
IT Infrastructure,stratton warren mms,0,4,-4,NO
IT Infrastructure,sas base,0,4,-4,NO
IT Infrastructure,sculpting,0,4,-4,NO
IT Infrastructure,computer literate,0,4,-4,NO
IT Infrastructure,financial modeling,0,4,-4,NO
IT Infrastructure,applications: ms office 2010-2016 (word,0,4,-4,NO
IT Infrastructure,compliance testing knowledge,0,4,-4,NO
IT Infrastructure,pneumatics,0,4,-4,NO
IT Infrastructure,creative solutions bookkeeping software,0,4,-4,NO
IT Infrastructure,manufacturing systems integration,0,4,-4,NO
IT Infrastructure,business and commercial acumen,0,4,-4,NO
IT Infrastructure,vm,0,4,-4,NO
IT Infrastructure,self-directed,0,4,-4,NO
IT Infrastructure,monthly sales,0,4,-4,NO
IT Infrastructure,very organized & energetic,0,4,-4,NO
IT Infrastructure,macro media director,0,4,-4,NO
IT Infrastructure,keane care,0,4,-4,NO
IT Infrastructure,direct mail,0,4,-4,NO
IT Infrastructure,sheets,0,4,-4,NO
IT Infrastructure,product manager,0,4,-4,NO
IT Infrastructure,hp qtp,0,4,-4,NO
IT Infrastructure,java 2,0,4,-4,NO
IT Infrastructure,student assistance,0,4,-4,NO
IT Infrastructure,cyber ethics,0,4,-4,NO
IT Infrastructure,stories,0,4,-4,NO
IT Infrastructure,dynamic,0,4,-4,NO
IT Infrastructure,gru,0,4,-4,NO
IT Infrastructure,surface mount,0,4,-4,NO
IT Infrastructure,mortgage loan,0,4,-4,NO
IT Infrastructure,intuit payroll,0,4,-4,NO
IT Infrastructure,reconciled various general ledger fund accounts,0,4,-4,NO
IT Infrastructure,strong oral and written communication skills,0,4,-4,NO
IT Infrastructure,familiar in c+,0,4,-4,NO
IT Infrastructure,business growth,0,4,-4,NO
IT Infrastructure,swedish,0,4,-4,NO
IT Infrastructure,great plains dynamics,0,4,-4,NO
IT Infrastructure,adtran,0,4,-4,NO
IT Infrastructure,highly dependable,0,4,-4,NO
IT Infrastructure,test plans,0,4,-4,NO
IT Infrastructure,interface with customers and vendors,0,4,-4,NO
IT Infrastructure,maintenance repair,0,4,-4,NO
IT Infrastructure,skill 5,0,4,-4,NO
IT Infrastructure,annuities,0,4,-4,NO
IT Infrastructure,technical interface,0,4,-4,NO
IT Infrastructure,relationship building and management,0,4,-4,NO
IT Infrastructure,talent management tools: hireright,0,4,-4,NO
IT Infrastructure,kind,0,4,-4,NO
IT Infrastructure,acrylic,0,4,-4,NO
IT Infrastructure,ngs systems,0,4,-4,NO
IT Infrastructure,munis,0,4,-4,NO
IT Infrastructure,streak crm,0,4,-4,NO
IT Infrastructure,consistently meet goals,0,4,-4,NO
IT Infrastructure,spring,0,4,-4,NO
IT Infrastructure,instructing,0,4,-4,NO
IT Infrastructure,protel,0,4,-4,NO
IT Infrastructure,epicor,0,4,-4,NO
IT Infrastructure,technical grammar skills,0,4,-4,NO
IT Infrastructure,excellent managerial techniques,0,4,-4,NO
IT Infrastructure,algorithms and data structures,0,4,-4,NO
IT Infrastructure,biology,0,4,-4,NO
IT Infrastructure,hospice,0,4,-4,NO
IT Infrastructure,c languages,0,4,-4,NO
IT Infrastructure,validations,0,4,-4,NO
IT Infrastructure,secretarial,0,4,-4,NO
IT Infrastructure,client liaison,0,4,-4,NO
IT Infrastructure,presenter,0,4,-4,NO
IT Infrastructure,solenoid/valves,0,4,-4,NO
IT Infrastructure,neural networks.,0,4,-4,NO
IT Infrastructure,embedded hardware & software,0,4,-4,NO
IT Infrastructure,relational database,0,4,-4,NO
IT Infrastructure,valuation,0,4,-4,NO
IT Infrastructure,siemens step 7,0,4,-4,NO
IT Infrastructure,programming in java,0,4,-4,NO
IT Infrastructure,front end,0,4,-4,NO
IT Infrastructure,bank reconciliations and balancing,0,4,-4,NO
IT Infrastructure,file,0,4,-4,NO
IT Infrastructure,budget management,0,4,-4,NO
IT Infrastructure,articulate,0,4,-4,NO
IT Infrastructure,reception,0,4,-4,NO
IT Infrastructure,glacier tax prep,0,4,-4,NO
IT Infrastructure,mechanically-inclined,0,4,-4,NO
IT Infrastructure,sound cards,0,4,-4,NO
IT Infrastructure,communication/presentations,0,4,-4,NO
IT Infrastructure,inspector,0,4,-4,NO
IT Infrastructure,federal acquisition,0,4,-4,NO
IT Infrastructure,corporate accounting,0,4,-4,NO
IT Infrastructure,quality inspection professional,0,4,-4,NO
IT Infrastructure,assurance analyst,0,4,-4,NO
IT Infrastructure,bug tracking,0,4,-4,NO
IT Infrastructure,systems support,0,4,-4,NO
IT Infrastructure,wsam image,0,4,-4,NO
IT Infrastructure,staff,0,4,-4,NO
IT Infrastructure,structured text,0,4,-4,NO
IT Infrastructure,api design,0,4,-4,NO
IT Infrastructure,keep,0,4,-4,NO
IT Infrastructure,sensors,0,4,-4,NO
IT Infrastructure,netbeans,0,4,-4,NO
IT Infrastructure,astrex,0,4,-4,NO
IT Infrastructure,managerial,0,4,-4,NO
IT Infrastructure,copier,0,4,-4,NO
IT Infrastructure,it support services,0,4,-4,NO
IT Infrastructure,microcontroller,0,4,-4,NO
IT Infrastructure,monitoring and evaluation skills,0,4,-4,NO
IT Infrastructure,business processes,0,4,-4,NO
IT Infrastructure,kibana,0,4,-4,NO
IT Infrastructure,microsoft test manager,0,4,-4,NO
IT Infrastructure,works well under pressure,0,4,-4,NO
IT Infrastructure,linux os,0,4,-4,NO
IT Infrastructure,diagnosis and repair,0,4,-4,NO
IT Infrastructure,retail mortgage,0,4,-4,NO
IT Infrastructure,m&e,0,4,-4,NO
IT Infrastructure,antivirus,0,4,-4,NO
IT Infrastructure,xamarin studio,0,4,-4,NO
IT Infrastructure,security: basic knowledge of ipsec / ssl-vpn / nat / gre,0,4,-4,NO
IT Infrastructure,salesforce lead management,0,4,-4,NO
IT Infrastructure,bilingual spanish (fluent,0,4,-4,NO
IT Infrastructure,erp : microsoft ax dynamics,0,4,-4,NO
IT Infrastructure,developer 2000,0,4,-4,NO
IT Infrastructure,aws view,0,4,-4,NO
IT Infrastructure,openvpn,0,4,-4,NO
IT Infrastructure,letters and memos,0,4,-4,NO
IT Infrastructure,process-engineering,0,4,-4,NO
IT Infrastructure,installation of hardware,0,4,-4,NO
IT Infrastructure,renovations,0,4,-4,NO
IT Infrastructure,mechanical component troubleshooting,0,4,-4,NO
IT Infrastructure,snmp,0,4,-4,NO
IT Infrastructure,analog and digital filter design,0,4,-4,NO
IT Infrastructure,programming language,0,4,-4,NO
IT Infrastructure,sas-stat,0,4,-4,NO
IT Infrastructure,mlops,0,4,-4,NO
IT Infrastructure,mcafee endpoint security,0,4,-4,NO
IT Infrastructure,p&l management,0,4,-4,NO
IT Infrastructure,positouch,0,4,-4,NO
IT Infrastructure,app development (android and ios),0,4,-4,NO
IT Infrastructure,and banked cash,0,4,-4,NO
IT Infrastructure,informatica,0,4,-4,NO
IT Infrastructure,aci-interchange,0,4,-4,NO
IT Infrastructure,integrated reporting information system (iris),0,4,-4,NO
IT Infrastructure,postgresql),0,4,-4,NO
IT Infrastructure,iccverify,0,4,-4,NO
IT Infrastructure,auto-cad,0,4,-4,NO
IT Infrastructure,aviation,0,4,-4,NO
IT Infrastructure,ms office: v-look up,0,4,-4,NO
IT Infrastructure,analyzing market trends,0,4,-4,NO
IT Infrastructure,model development,0,4,-4,NO
IT Infrastructure,mrp,0,4,-4,NO
IT Infrastructure,opengl,0,4,-4,NO
IT Infrastructure,code blocks,0,4,-4,NO
IT Infrastructure,proficient in ms-office (word/excel/powerpoint),0,4,-4,NO
IT Infrastructure,accounting operations,0,4,-4,NO
IT Infrastructure,adt,0,4,-4,NO
IT Infrastructure,tutoring,0,4,-4,NO
IT Infrastructure,socs,0,4,-4,NO
IT Infrastructure,scrum & agile,0,4,-4,NO
IT Infrastructure,employee relations,0,4,-4,NO
IT Infrastructure,corrective maintenance,0,4,-4,NO
IT Infrastructure,digital design,0,4,-4,NO
IT Infrastructure,simulations using witness13 and simio,0,4,-4,NO
IT Infrastructure,dataset management,0,4,-4,NO
IT Infrastructure,office equipment such as copiers,0,4,-4,NO
IT Infrastructure,software/pc/lan troubleshooting,0,4,-4,NO
IT Infrastructure,device drivers,0,4,-4,NO
IT Infrastructure,system administrator,0,4,-4,NO
IT Infrastructure,environmental science,0,4,-4,NO
IT Infrastructure,computer networks,0,4,-4,NO
IT Infrastructure,networking: tcp/ip,0,4,-4,NO
IT Infrastructure,pdf: adobe reader / adobe acrobat x,0,4,-4,NO
IT Infrastructure,technical reviews,0,4,-4,NO
IT Infrastructure,vista),0,4,-4,NO
IT Infrastructure,fabrication,0,4,-4,NO
IT Infrastructure,junit,0,4,-4,NO
IT Infrastructure,technical communication skills - bug triage,0,4,-4,NO
IT Infrastructure,wireless,0,4,-4,NO
IT Infrastructure,iis 6,0,4,-4,NO
IT Infrastructure,resolve customer complaints,0,4,-4,NO
IT Infrastructure,rest apis (graphql),0,4,-4,NO
IT Infrastructure,recruiting,0,4,-4,NO
IT Infrastructure,grinders,0,4,-4,NO
IT Infrastructure,chrome,0,4,-4,NO
IT Infrastructure,real time embedded,0,4,-4,NO
IT Infrastructure,powerworld,0,4,-4,NO
IT Infrastructure,engineering standards expert,0,4,-4,NO
IT Infrastructure,scada,0,4,-4,NO
IT Infrastructure,automated testing,0,4,-4,NO
IT Infrastructure,peer review,0,4,-4,NO
IT Infrastructure,pascal,0,4,-4,NO
IT Infrastructure,critical thinking with root cause analysis,0,4,-4,NO
IT Infrastructure,google apps (drive,0,4,-4,NO
IT Infrastructure,analytics,0,4,-4,NO
IT Infrastructure,advanced problem solving abilities,0,4,-4,NO
IT Infrastructure,professional demeanor,0,4,-4,NO
IT Infrastructure,ms power point,0,4,-4,NO
IT Infrastructure,32 and 64 slice cts,0,4,-4,NO
IT Infrastructure,procedure writing,0,4,-4,NO
IT Infrastructure,technical proposal writing skills,0,4,-4,NO
IT Infrastructure,iso 9000,0,4,-4,NO
IT Infrastructure,to check preparation and mailing,0,4,-4,NO
IT Infrastructure,sublime text,0,4,-4,NO
IT Infrastructure,configuration,0,4,-4,NO
IT Infrastructure,computer applications,0,4,-4,NO
IT Infrastructure,hyperion essbase,0,4,-4,NO
IT Infrastructure,design and drafting of custom seal solutions,0,4,-4,NO
IT Infrastructure,dependable,0,4,-4,NO
IT Infrastructure,falcon dust-off compressed gas duster,0,4,-4,NO
IT Infrastructure,erp-sap,0,4,-4,NO
IT Infrastructure,gpu,0,4,-4,NO
IT Infrastructure,clustering analysis,0,4,-4,NO
IT Infrastructure,version control tools: git-bash,0,4,-4,NO
IT Infrastructure,iso 8583,0,4,-4,NO
IT Infrastructure,node.js,0,4,-4,NO
IT Infrastructure,approval by appropriate party,0,4,-4,NO
IT Infrastructure,geometric dimensioning,0,4,-4,NO
IT Infrastructure,videoscribe software,0,4,-4,NO
IT Infrastructure,orthopedics,0,4,-4,NO
IT Infrastructure,ability to take initiative and exhibit flexibility.,0,4,-4,NO
IT Infrastructure,using specialized accounting software.,0,4,-4,NO
IT Infrastructure,aws(emr,0,4,-4,NO
IT Infrastructure,staff training/development,0,4,-4,NO
IT Infrastructure,financial planner,0,4,-4,NO
IT Infrastructure,brake repair and replacement,0,4,-4,NO
IT Infrastructure,fiscal management,0,4,-4,NO
IT Infrastructure,pivot table,0,4,-4,NO
IT Infrastructure,usability testing,0,4,-4,NO
IT Infrastructure,problem-solver,0,4,-4,NO
IT Infrastructure,machine learning engineering,0,4,-4,NO
IT Infrastructure,skilled in the operation of workstations and servers,0,4,-4,NO
IT Infrastructure,account management and development,0,4,-4,NO
IT Infrastructure,interviewing techniques,0,4,-4,NO
IT Infrastructure,iworks,0,4,-4,NO
IT Infrastructure,fixed asset solutions software,0,4,-4,NO
IT Infrastructure,interpersonal and communication skills,0,4,-4,NO
IT Infrastructure,coded the general ledger and processed vendor invoice payments.,0,4,-4,NO
IT Infrastructure,have interpersonal skills to deal effectively with all business contacts.,0,4,-4,NO
IT Infrastructure,excel training,0,4,-4,NO
IT Infrastructure,desktop support,0,4,-4,NO
IT Infrastructure,dmf and project work process,0,4,-4,NO
IT Infrastructure,technical report writing,0,4,-4,NO
IT Infrastructure,clinical research,0,4,-4,NO
IT Infrastructure,aspen,0,4,-4,NO
IT Infrastructure,database administration,0,4,-4,NO
IT Infrastructure,revit,0,4,-4,NO
IT Infrastructure,some experience with authentication protocols (radius / tacacs),0,4,-4,NO
IT Infrastructure,responsible for preparing and posting entries for the daily posting packet,0,4,-4,NO
IT Infrastructure,itil v,0,4,-4,NO
IT Infrastructure,strong management skills,0,4,-4,NO
IT Infrastructure,mechanical repair,0,4,-4,NO
IT Infrastructure,ibm/lenovo,0,4,-4,NO
IT Infrastructure,content development,0,4,-4,NO
IT Infrastructure,some basic cisco ios,0,4,-4,NO
IT Infrastructure,p & l management,0,4,-4,NO
IT Infrastructure,windows (95,0,4,-4,NO
IT Infrastructure,strong leadership skills,0,4,-4,NO
IT Infrastructure,team-oriented,0,4,-4,NO
IT Infrastructure,tenacity,0,4,-4,NO
IT Infrastructure,market analysis,0,4,-4,NO
IT Infrastructure,lstms,0,4,-4,NO
IT Infrastructure,ssms,0,4,-4,NO
IT Infrastructure,toyota production systems,0,4,-4,NO
IT Infrastructure,mas 90,0,4,-4,NO
IT Infrastructure,law enforcement,0,4,-4,NO
IT Infrastructure,retail sales,0,4,-4,NO
IT Infrastructure,managerial accounting,0,4,-4,NO
IT Infrastructure,voyager),0,4,-4,NO
IT Infrastructure,paperless proposals,0,4,-4,NO
IT Infrastructure,database software,0,4,-4,NO
IT Infrastructure,financial audits,0,4,-4,NO
IT Infrastructure,technical program management,0,4,-4,NO
IT Infrastructure,project management lifecycle,0,4,-4,NO
IT Infrastructure,prosystem,0,4,-4,NO
IT Infrastructure,tesseract,0,4,-4,NO
IT Infrastructure,unix shell scripting (bash),0,4,-4,NO
IT Infrastructure,fiber optics,0,4,-4,NO
IT Infrastructure,vi,0,4,-4,NO
IT Infrastructure,power user of microsoft excel epicor netsuite quickbooks hyperion great plains sage intacct,0,4,-4,NO
IT Infrastructure,series analysis,0,4,-4,NO
IT Infrastructure,katalon studio,0,4,-4,NO
IT Infrastructure,technology architecture analysis,0,4,-4,NO
IT Infrastructure,concur,0,4,-4,NO
IT Infrastructure,initiative to work independently,0,4,-4,NO
IT Infrastructure,sarbanesoxley,0,4,-4,NO
IT Infrastructure,ndt level ii,0,4,-4,NO
IT Infrastructure,media relations,0,4,-4,NO
IT Infrastructure,google documents,0,4,-4,NO
IT Infrastructure,catsweb,0,4,-4,NO
IT Infrastructure,superior analytical skills,0,4,-4,NO
IT Infrastructure,a highly motivated and energetic personality.,0,4,-4,NO
IT Infrastructure,employee training,0,4,-4,NO
IT Infrastructure,microsoft access 2010,0,4,-4,NO
IT Infrastructure,mechanical theory,0,4,-4,NO
IT Infrastructure,telecommunication,0,4,-4,NO
IT Infrastructure,analytical and logical,0,4,-4,NO
IT Infrastructure,the sales,0,4,-4,NO
IT Infrastructure,financial analysis/planning,0,4,-4,NO
IT Infrastructure,cost-benefit analysis,0,4,-4,NO
IT Infrastructure,telecom,0,4,-4,NO
IT Infrastructure,ubuntu 14.04,0,4,-4,NO
IT Infrastructure,database management system and administration,0,4,-4,NO
IT Infrastructure,emacs,0,4,-4,NO
IT Infrastructure,managing releases,0,4,-4,NO
IT Infrastructure,nanovision,0,4,-4,NO
IT Infrastructure,98,0,4,-4,NO
IT Infrastructure,pcb,0,4,-4,NO
IT Infrastructure,functional block diagram,0,4,-4,NO
IT Infrastructure,g/l,0,4,-4,NO
IT Infrastructure,cloud management,0,4,-4,NO
IT Infrastructure,cmpro,0,4,-4,NO
IT Infrastructure,research and development,0,4,-4,NO
IT Infrastructure,facility and plant modifications,0,4,-4,NO
IT Infrastructure,insights,0,4,-4,NO
IT Infrastructure,visual test,0,4,-4,NO
IT Infrastructure,xls data input,0,4,-4,NO
IT Infrastructure,decisive leader,0,4,-4,NO
IT Infrastructure,microsoft office (word,0,4,-4,NO
IT Infrastructure,designer 2000,0,4,-4,NO
IT Infrastructure,scientific,0,4,-4,NO
IT Infrastructure,exchange,0,4,-4,NO
IT Infrastructure,loss optimization,0,4,-4,NO
IT Infrastructure,textpad,0,4,-4,NO
IT Infrastructure,improving accounting and internal control systems,0,4,-4,NO
IT Infrastructure,assisted the cfo with the production of the monthly financials,0,4,-4,NO
IT Infrastructure,jmeter,0,4,-4,NO
IT Infrastructure,traceability matrix,0,4,-4,NO
IT Infrastructure,hpc,0,4,-4,NO
IT Infrastructure,cdi,0,4,-4,NO
IT Infrastructure,troubleshooting windows,0,4,-4,NO
IT Infrastructure,k-means,0,4,-4,NO
IT Infrastructure,leadership mentoring,0,4,-4,NO
IT Infrastructure,ppap,0,4,-4,NO
IT Infrastructure,lan/wan,0,4,-4,NO
IT Infrastructure,excellent writing skills,0,4,-4,NO
IT Infrastructure,microsoft office: word / advanced ms excel skills /ms access / powerpoint / outlook,0,4,-4,NO
IT Infrastructure,ipsec,0,4,-4,NO
IT Infrastructure,s3),0,4,-4,NO
IT Infrastructure,marketing & sales,0,4,-4,NO
IT Infrastructure,html 5,0,4,-4,NO
IT Infrastructure,echimp,0,4,-4,NO
IT Infrastructure,managing multiple priorities,0,4,-4,NO
IT Infrastructure,retail analytics,0,4,-4,NO
IT Infrastructure,pro series,0,4,-4,NO
IT Infrastructure,accounts and group policy,0,4,-4,NO
IT Infrastructure,employee training and development,0,4,-4,NO
IT Infrastructure,act!,0,4,-4,NO
IT Infrastructure,water quality,0,4,-4,NO
IT Infrastructure,business systems,0,4,-4,NO
IT Infrastructure,dropbox,0,4,-4,NO
IT Infrastructure,switchgear,0,4,-4,NO
IT Infrastructure,proxmox,0,4,-4,NO
IT Infrastructure,icims,0,4,-4,NO
IT Infrastructure,implementing,0,4,-4,NO
IT Infrastructure,prepares analyses as requested by manager and other departments,0,4,-4,NO
IT Infrastructure,global shop,0,4,-4,NO
IT Infrastructure,basic financial and operational reporting,0,4,-4,NO
IT Infrastructure,grading and evaluation,0,4,-4,NO
IT Infrastructure,powersteering,0,4,-4,NO
IT Infrastructure,experienced with microsoft office - word,0,4,-4,NO
IT Infrastructure,dbase iv,0,4,-4,NO
IT Infrastructure,vendor management,0,4,-4,NO
IT Infrastructure,white papers,0,4,-4,NO
IT Infrastructure,safety compliance,0,4,-4,NO
IT Infrastructure,portfolio analysis,0,4,-4,NO
IT Infrastructure,ports,0,4,-4,NO
IT Infrastructure,process improvement/simplification,0,4,-4,NO
IT Infrastructure,as 400,0,4,-4,NO
IT Infrastructure,develop drug,0,4,-4,NO
IT Infrastructure,quest,0,4,-4,NO
IT Infrastructure,struts,0,4,-4,NO
IT Infrastructure,financial planning and analysis,0,4,-4,NO
IT Infrastructure,lxc,0,4,-4,NO
IT Infrastructure,administration of windows 2000 server,0,4,-4,NO
IT Infrastructure,sensor,0,4,-4,NO
IT Infrastructure,investor relations,0,4,-4,NO
IT Infrastructure,processing corporate visa accounts for payment,0,4,-4,NO
IT Infrastructure,atlas,0,4,-4,NO
IT Infrastructure,marketing strategy,0,4,-4,NO
IT Infrastructure,integration testing,0,4,-4,NO
IT Infrastructure,inspections,0,4,-4,NO
IT Infrastructure,financial risk management,0,4,-4,NO
IT Infrastructure,networking support,0,4,-4,NO
IT Infrastructure,leadership development program,0,4,-4,NO
IT Infrastructure,business development & sales leadership,0,4,-4,NO
IT Infrastructure,data cleansing,0,4,-4,NO
IT Infrastructure,success factors lms,0,4,-4,NO
IT Infrastructure,strategy/planning,0,4,-4,NO
IT Infrastructure,dmm,0,4,-4,NO
IT Infrastructure,government contracts,0,4,-4,NO
IT Infrastructure,yearend,0,4,-4,NO
IT Infrastructure,ibm rationale doors,0,4,-4,NO
IT Infrastructure,ultra tax,0,4,-4,NO
IT Infrastructure,usda,0,4,-4,NO
IT Infrastructure,maintains files,0,4,-4,NO
IT Infrastructure,upgrading of hardware,0,4,-4,NO
IT Infrastructure,instructional design,0,4,-4,NO
IT Infrastructure,so ware development,0,4,-4,NO
IT Infrastructure,curriculum development,0,4,-4,NO
IT Infrastructure,customer engagement,0,4,-4,NO
IT Infrastructure,adp payroll,0,4,-4,NO
IT Infrastructure,accountable for,0,4,-4,NO
IT Infrastructure,lending,0,4,-4,NO
IT Infrastructure,research support,0,4,-4,NO
IT Infrastructure,established track record of exceptional sales results,0,4,-4,NO
IT Infrastructure,mathematical modeling,0,4,-4,NO
IT Infrastructure,office manager,0,4,-4,NO
IT Infrastructure,payment terminals: verifone,0,4,-4,NO
IT Infrastructure,eit,0,4,-4,NO
IT Infrastructure,drilling engineering,0,4,-4,NO
IT Infrastructure,upgrading,0,4,-4,NO
IT Infrastructure,six-sigma,0,4,-4,NO
IT Infrastructure,sites),0,4,-4,NO
IT Infrastructure,sql developer,0,4,-4,NO
IT Infrastructure,client development,0,4,-4,NO
IT Infrastructure,test and troubleshoot ac/dc circuits,0,4,-4,NO
IT Infrastructure,access database queries & data mining,0,4,-4,NO
IT Infrastructure,ms office: pivot tables,0,4,-4,NO
IT Infrastructure,advanced data analytics,0,4,-4,NO
IT Infrastructure,financing,0,4,-4,NO
IT Infrastructure,engineering standards,0,4,-4,NO
IT Infrastructure,stat graphics,0,4,-4,NO
IT Infrastructure,credit risk modeling,0,4,-4,NO
IT Infrastructure,database systems,0,4,-4,NO
IT Infrastructure,ability to lead and motivate a team,0,4,-4,NO
IT Infrastructure,discrete mathematics,0,4,-4,NO
IT Infrastructure,systems administration,0,4,-4,NO
IT Infrastructure,journal,0,4,-4,NO
IT Infrastructure,advanced critical thinking,0,4,-4,NO
IT Infrastructure,key account management,0,4,-4,NO
IT Infrastructure,trend,0,4,-4,NO
IT Infrastructure,key management,0,4,-4,NO
IT Infrastructure,ability to translate technical specifications,0,4,-4,NO
IT Infrastructure,virtual systems: vmware,0,4,-4,NO
IT Infrastructure,printers & scanners,0,4,-4,NO
IT Infrastructure,technician v,0,4,-4,NO
IT Infrastructure,repair and maintenance practice,0,4,-4,NO
IT Infrastructure,programming tools: python,0,4,-4,NO
IT Infrastructure,linux and os,0,4,-4,NO
IT Infrastructure,knowledge of manufacturing test methodologies.,0,4,-4,NO
IT Infrastructure,de-bugging,0,4,-4,NO
IT Infrastructure,clarity,0,4,-4,NO
IT Infrastructure,structured software,0,4,-4,NO
IT Infrastructure,scheduling appointments,0,4,-4,NO
IT Infrastructure,pages,0,4,-4,NO
IT Infrastructure,linux and os x,0,4,-4,NO
IT Infrastructure,sps,0,4,-4,NO
IT Infrastructure,tornado,0,4,-4,NO
IT Infrastructure,networking i,0,4,-4,NO
IT Infrastructure,vsphere,0,4,-4,NO
IT Infrastructure,ms outlook,0,4,-4,NO
IT Infrastructure,mdfs,0,4,-4,NO
IT Infrastructure,nics,0,4,-4,NO
IT Infrastructure,architecture,0,4,-4,NO
IT Infrastructure,telephones,0,4,-4,NO
IT Infrastructure,helioscope,0,4,-4,NO
IT Infrastructure,microsoft office - word,0,4,-4,NO
IT Infrastructure,ptc creo),0,4,-4,NO
IT Infrastructure,proe,0,4,-4,NO
IT Infrastructure,preparing financial reports,0,4,-4,NO
IT Infrastructure,fraud detection,0,4,-4,NO
IT Infrastructure,qcc,0,4,-4,NO
IT Infrastructure,production process,0,4,-4,NO
IT Infrastructure,live electrical,0,4,-4,NO
IT Infrastructure,sheet metal,0,4,-4,NO
IT Infrastructure,troubles,0,4,-4,NO
IT Infrastructure,mortgage lending,0,4,-4,NO
IT Infrastructure,astm material testing and chemical evaluations of materials,0,4,-4,NO
IT Infrastructure,network security,0,4,-4,NO
IT Infrastructure,venture capital,0,4,-4,NO
IT Infrastructure,excellent communication,0,4,-4,NO
IT Infrastructure,traffic control and state highway database,0,4,-4,NO
IT Infrastructure,experience with autocad,0,4,-4,NO
IT Infrastructure,supervisory control and data acquisition,0,4,-4,NO
IT Infrastructure,5s,0,4,-4,NO
IT Infrastructure,iterative,0,4,-4,NO
IT Infrastructure,active noise cancelling (anc),0,4,-4,NO
IT Infrastructure,microsoft excel expert - pivot tables,0,4,-4,NO
IT Infrastructure,hive(hql),0,4,-4,NO
IT Infrastructure,siemens plc,0,4,-4,NO
IT Infrastructure,agile coach,0,4,-4,NO
IT Infrastructure,mac ios,0,4,-4,NO
IT Infrastructure,troubleshooting soho networks,0,4,-4,NO
IT Infrastructure,wall paper,0,4,-4,NO
IT Infrastructure,and irregularities to provide accurate records for tfcu and its service organizations,0,4,-4,NO
IT Infrastructure,advanced knowledge of embedded systems,0,4,-4,NO
IT Infrastructure,excellent negotiating tactics,0,4,-4,NO
IT Infrastructure,ms visual basic,0,4,-4,NO
IT Infrastructure,maintain documentation,0,4,-4,NO
IT Infrastructure,proficient with microsoft word,0,4,-4,NO
IT Infrastructure,9900 portable c-arm,0,4,-4,NO
IT Infrastructure,research scientist,0,4,-4,NO
IT Infrastructure,sales force,0,4,-4,NO
IT Infrastructure,system configuration,0,4,-4,NO
IT Infrastructure,mortgage banking,0,4,-4,NO
IT Infrastructure,the sale,0,4,-4,NO
IT Infrastructure,relational databases,0,4,-4,NO
IT Infrastructure,qa testing,0,4,-4,NO
IT Infrastructure,market share,0,4,-4,NO
IT Infrastructure,gantt chart scheduler,0,4,-4,NO
IT Infrastructure,prediction modelling,0,4,-4,NO
IT Infrastructure,wsam-dc fiber,0,4,-4,NO
IT Infrastructure,manages the accounts payable function - including employee/volunteer reimbursement - from processing incoming invoices,0,4,-4,NO
IT Infrastructure,read blueprints,0,4,-4,NO
IT Infrastructure,asset keeper pro software,0,4,-4,NO
IT Infrastructure,social networks,0,4,-4,NO
IT Infrastructure,openssh,0,4,-4,NO
IT Infrastructure,qa engineering,0,4,-4,NO
IT Infrastructure,remedy,0,4,-4,NO
IT Infrastructure,iec 61131 (ladder logic,0,4,-4,NO
IT Infrastructure,excellent at networking,0,4,-4,NO
IT Infrastructure,pc hardware and software installation,0,4,-4,NO
IT Infrastructure,fds,0,4,-4,NO
IT Infrastructure,ms-dos,0,4,-4,NO
IT Infrastructure,mapreduce,0,4,-4,NO
IT Infrastructure,total quality management,0,4,-4,NO
IT Infrastructure,2008-2010,0,4,-4,NO
IT Infrastructure,ms exchange,0,4,-4,NO
IT Infrastructure,development,0,4,-4,NO
IT Infrastructure,ccp,0,4,-4,NO
IT Infrastructure,microsoft dynamics,0,4,-4,NO
IT Infrastructure,trackwise,0,4,-4,NO
IT Infrastructure,receptionist,0,4,-4,NO
IT Infrastructure,oracledb,0,4,-4,NO
IT Infrastructure,detail oriented,0,4,-4,NO
IT Infrastructure,office party and event planning,0,4,-4,NO
IT Infrastructure,test equipment repair and operation,0,4,-4,NO
IT Infrastructure,hls,0,4,-4,NO
IT Infrastructure,web application development,0,4,-4,NO
IT Infrastructure,e-commerce,0,4,-4,NO
IT Infrastructure,organized and detail-oriented,0,4,-4,NO
IT Infrastructure,seasoned leadership,0,4,-4,NO
IT Infrastructure,sales analysis,0,4,-4,NO
IT Infrastructure,windows 95,0,4,-4,NO
IT Infrastructure,mozilla thunderbird,0,4,-4,NO
IT Infrastructure,out of the box thinking,0,4,-4,NO
IT Infrastructure,good team player,0,4,-4,NO
IT Infrastructure,google docs,0,4,-4,NO
IT Infrastructure,object-oriented programming,0,4,-4,NO
IT Infrastructure,office equipment,0,4,-4,NO
IT Infrastructure,server management,0,4,-4,NO
IT Infrastructure,kpi,0,4,-4,NO
IT Infrastructure,utp,0,4,-4,NO
IT Infrastructure,sql navigator,0,4,-4,NO
IT Infrastructure,requirement analysis (static testing),0,4,-4,NO
IT Infrastructure,julia,0,4,-4,NO
IT Infrastructure,detail-oriented understanding that any downtime must be minimized if not avoidable,0,4,-4,NO
IT Infrastructure,project manager,0,4,-4,NO
IT Infrastructure,educated,0,4,-4,NO
IT Infrastructure,macess,0,4,-4,NO
IT Infrastructure,pl/sql,0,4,-4,NO
IT Infrastructure,comfortable working at heights and odd locations,0,4,-4,NO
IT Infrastructure,sales and management,0,4,-4,NO
IT Infrastructure,customer service skills,0,4,-4,NO
IT Infrastructure,and account,0,4,-4,NO
IT Infrastructure,usability,0,4,-4,NO
IT Infrastructure,systems design i,0,4,-4,NO
IT Infrastructure,creating & updating documentation,0,4,-4,NO
IT Infrastructure,ability to work in a team structure,0,4,-4,NO
IT Infrastructure,white box,0,4,-4,NO
IT Infrastructure,coach,0,4,-4,NO
IT Infrastructure,mobile device support,0,4,-4,NO
IT Infrastructure,net,0,4,-4,NO
IT Infrastructure,optistruct),0,4,-4,NO
IT Infrastructure,production engineering,0,4,-4,NO
IT Infrastructure,etl,0,4,-4,NO
IT Infrastructure,rigging,0,4,-4,NO
IT Infrastructure,ability of managing multi tasks,0,4,-4,NO
IT Infrastructure,tally,0,4,-4,NO
IT Infrastructure,contextual reasoning,0,4,-4,NO
IT Infrastructure,middle school & high school math,0,4,-4,NO
IT Infrastructure,program development,0,4,-4,NO
IT Infrastructure,troubleshoot and identify faulty capacitors,0,4,-4,NO
IT Infrastructure,performance management,0,4,-4,NO
IT Infrastructure,pr soft,0,4,-4,NO
IT Infrastructure,cluster analysis,0,4,-4,NO
IT Infrastructure,metrics,0,4,-4,NO
IT Infrastructure,software practice i/ii,0,4,-4,NO
IT Infrastructure,etap,0,4,-4,NO
IT Infrastructure,and write),0,4,-4,NO
IT Infrastructure,market planning,0,4,-4,NO
IT Infrastructure,gd&t,0,4,-4,NO
IT Infrastructure,digital tv,0,4,-4,NO
IT Infrastructure,lotus i,0,4,-4,NO
IT Infrastructure,jvm,0,4,-4,NO
IT Infrastructure,adobe creative suite,0,4,-4,NO
IT Infrastructure,strong attention to detail,0,4,-4,NO
IT Infrastructure,circuit boards,0,4,-4,NO
IT Infrastructure,bugzilla,0,4,-4,NO
IT Infrastructure,contract negotiations,0,4,-4,NO
IT Infrastructure,therapy,0,4,-4,NO
IT Infrastructure,presenting,0,4,-4,NO
IT Infrastructure,voice,0,4,-4,NO
IT Infrastructure,horizontal,0,4,-4,NO
IT Infrastructure,sharepoint use experience,0,4,-4,NO
IT Infrastructure,ocr,0,4,-4,NO
IT Infrastructure,mainframe,0,4,-4,NO
IT Infrastructure,slides,0,4,-4,NO
IT Infrastructure,ethernet,0,4,-4,NO
IT Infrastructure,marketing strategist,0,4,-4,NO
IT Infrastructure,kek,0,4,-4,NO
IT Infrastructure,excel in areas of expertise,0,4,-4,NO
IT Infrastructure,flash,0,4,-4,NO
IT Infrastructure,typing speed,0,4,-4,NO
IT Infrastructure,autocad civil 3d,0,4,-4,NO
IT Infrastructure,sales objectives,0,4,-4,NO
IT Infrastructure,microsoft office suite (2013),0,4,-4,NO
IT Infrastructure,skill 2,0,4,-4,NO
IT Infrastructure,configuring network and end user security,0,4,-4,NO
IT Infrastructure,budget 5,0,4,-4,NO
IT Infrastructure,book keeping,0,4,-4,NO
IT Infrastructure,reliable,0,4,-4,NO
IT Infrastructure,advertisements,0,4,-4,NO
IT Infrastructure,skills,0,4,-4,NO
IT Infrastructure,and works with branch staff to ensure incoming wires are posted and resolve issues,0,4,-4,NO
IT Infrastructure,lotus,0,4,-4,NO
IT Infrastructure,neural,0,4,-4,NO
IT Infrastructure,and identifies and resolves errors,0,4,-4,NO
IT Infrastructure,cd-rom,0,4,-4,NO
IT Infrastructure,profit pluss 2k8,0,4,-4,NO
IT Infrastructure,apache pig,0,4,-4,NO
IT Infrastructure,firstdata certpro and more,0,4,-4,NO
IT Infrastructure,os x 10.8-10.11,0,4,-4,NO
IT Infrastructure,desktops,0,4,-4,NO
IT Infrastructure,blackboard,0,4,-4,NO
IT Infrastructure,assemble/disassemble pcs and electronics to the component level,0,4,-4,NO
IT Infrastructure,ms office suite (word,0,4,-4,NO
IT Infrastructure,image segmentation,0,4,-4,NO
IT Infrastructure,ms frontpage,0,4,-4,NO
IT Infrastructure,articles,0,4,-4,NO
IT Infrastructure,safety codes,0,4,-4,NO
IT Infrastructure,flask api,0,4,-4,NO
IT Infrastructure,maintenance management,0,4,-4,NO
IT Infrastructure,project planning and management,0,4,-4,NO
IT Infrastructure,programming languages,0,4,-4,NO
IT Infrastructure,k-means clustering,0,4,-4,NO
IT Infrastructure,failure modes and effective analysis (fmea),0,4,-4,NO
IT Infrastructure,conflict management,0,4,-4,NO
IT Infrastructure,pfd,0,4,-4,NO
IT Infrastructure,pq,0,4,-4,NO
IT Infrastructure,forklift,0,4,-4,NO
IT Infrastructure,competitive analysis,0,4,-4,NO
IT Infrastructure,responds to inquiries from that manager regarding budgeted and actual expenses,0,4,-4,NO
IT Infrastructure,loans,0,4,-4,NO
IT Infrastructure,information systems,0,4,-4,NO
IT Infrastructure,functional requirements,0,4,-4,NO
IT Infrastructure,production analytics,0,4,-4,NO
IT Infrastructure,meeting facilitation,0,4,-4,NO
IT Infrastructure,public relations software: bacons mediasource,0,4,-4,NO
IT Infrastructure,pro e,0,4,-4,NO
IT Infrastructure,machining,0,4,-4,NO
IT Infrastructure,attention to detail,0,4,-4,NO
IT Infrastructure,msa,0,4,-4,NO
IT Infrastructure,omissions,0,4,-4,NO
IT Infrastructure,building commissioning experience,0,4,-4,NO
IT Infrastructure,torquisesvn,0,4,-4,NO
IT Infrastructure,influencing and negotiation,0,4,-4,NO
IT Infrastructure,product development and design,0,4,-4,NO
IT Infrastructure,verifies those wires have all required documentation,0,4,-4,NO
IT Infrastructure,sap fi,0,4,-4,NO
IT Infrastructure,engineering management,0,4,-4,NO
IT Infrastructure,scripting,0,4,-4,NO
IT Infrastructure,acquisitions,0,4,-4,NO
IT Infrastructure,sap r/3,0,4,-4,NO
IT Infrastructure,heat,0,4,-4,NO
IT Infrastructure,underwriting,0,4,-4,NO
IT Infrastructure,ceridian,0,4,-4,NO
IT Infrastructure,business associate,0,4,-4,NO
IT Infrastructure,staff development/leadership,0,4,-4,NO
IT Infrastructure,microwave,0,4,-4,NO
IT Infrastructure,software quality engineer,0,4,-4,NO
IT Infrastructure,researched and resolved billing and invoice problems.,0,4,-4,NO
IT Infrastructure,strategy consulting,0,4,-4,NO
IT Infrastructure,integrating content protection systems,0,4,-4,NO
IT Infrastructure,business operations,0,4,-4,NO
IT Infrastructure,icgs / idds,0,4,-4,NO
IT Infrastructure,laundry,0,4,-4,NO
IT Infrastructure,lucidchart,0,4,-4,NO
IT Infrastructure,file structures,0,4,-4,NO
IT Infrastructure,osi,0,4,-4,NO
IT Infrastructure,strong requirement tracing,0,4,-4,NO
IT Infrastructure,applied machine learning,0,4,-4,NO
IT Infrastructure,internal medicine,0,4,-4,NO
IT Infrastructure,ats,0,4,-4,NO
IT Infrastructure,project coordination,0,4,-4,NO
IT Infrastructure,payroll mate,0,4,-4,NO
IT Infrastructure,ruby on rails,0,4,-4,NO
IT Infrastructure,941 withholding accounting,0,4,-4,NO
IT Infrastructure,tsys certifynow,0,4,-4,NO
IT Infrastructure,yarn,0,4,-4,NO
IT Infrastructure,labor relations,0,4,-4,NO
IT Infrastructure,maintain and document.,0,4,-4,NO
IT Infrastructure,skill 3,0,4,-4,NO
IT Infrastructure,data gathering,0,4,-4,NO
IT Infrastructure,lesson planning,0,4,-4,NO
IT Infrastructure,ms-excel,0,4,-4,NO
IT Infrastructure,react native,0,4,-4,NO
IT Infrastructure,management training,0,4,-4,NO
IT Infrastructure,adobe dreamweaver,0,4,-4,NO
IT Infrastructure,equipment inventory,0,4,-4,NO
IT Infrastructure,data insights,0,4,-4,NO
IT Infrastructure,ibm-aix,0,4,-4,NO
IT Infrastructure,vcms,0,4,-4,NO
IT Infrastructure,excellent time management skills,0,4,-4,NO
IT Infrastructure,automated test scripts,0,4,-4,NO
IT Infrastructure,payroll experts,0,4,-4,NO
IT Infrastructure,lighting designs using visual professional,0,4,-4,NO
IT Infrastructure,core java,0,4,-4,NO
IT Infrastructure,processes outgoing and incoming wires,0,4,-4,NO
IT Infrastructure,weka,0,4,-4,NO
IT Infrastructure,basis,0,4,-4,NO
IT Infrastructure,pax and innowi,0,4,-4,NO
IT Infrastructure,maple,0,4,-4,NO
IT Infrastructure,training material,0,4,-4,NO
IT Infrastructure,key decision making,0,4,-4,NO
IT Infrastructure,new products,0,4,-4,NO
IT Infrastructure,user centered design,0,4,-4,NO
IT Infrastructure,full accounting cycle,0,4,-4,NO
IT Infrastructure,chasepaymentech,0,4,-4,NO
IT Infrastructure,data transition,0,4,-4,NO
IT Infrastructure,contract management,0,4,-4,NO
IT Infrastructure,azure data factory,0,4,-4,NO
IT Infrastructure,wago codesys,0,4,-4,NO
IT Infrastructure,managed sales,0,4,-4,NO
IT Infrastructure,.ney(vb,0,4,-4,NO
IT Infrastructure,input into the system,0,4,-4,NO
IT Infrastructure,scrum master,0,4,-4,NO
IT Infrastructure,interpersonal communications,0,4,-4,NO
IT Infrastructure,jquery,0,4,-4,NO
IT Infrastructure,algorithm design,0,4,-4,NO
IT Infrastructure,executive presentations,0,4,-4,NO
IT Infrastructure,performance tracking and evaluation,0,4,-4,NO
IT Infrastructure,automotive,0,4,-4,NO
IT Infrastructure,sql server 2008,0,4,-4,NO
IT Infrastructure,advanced engineering knowledge,0,4,-4,NO
IT Infrastructure,decorating,0,4,-4,NO
IT Infrastructure,self-motivation,0,4,-4,NO
IT Infrastructure,training program implementation,0,4,-4,NO
IT Infrastructure,multi-line telephone,0,4,-4,NO
IT Infrastructure,primary care,0,4,-4,NO
IT Infrastructure,control system design,0,4,-4,NO
IT Infrastructure,5 why,0,4,-4,NO
IT Infrastructure,aramark service trained on ge amx 4 and amx4+ portable xr unit,0,4,-4,NO
IT Infrastructure,oracle financials,0,4,-4,NO
IT Infrastructure,creativity,0,4,-4,NO
IT Infrastructure,analytical thinking,0,4,-4,NO
IT Infrastructure,tear,0,4,-4,NO
IT Infrastructure,sales strategies,0,4,-4,NO
IT Infrastructure,digital communications with fiber optics,0,4,-4,NO
IT Infrastructure,pico or suri,0,4,-4,NO
IT Infrastructure,test scenario engineering,0,4,-4,NO
IT Infrastructure,toad,0,4,-4,NO
IT Infrastructure,oracle experience,0,4,-4,NO
IT Infrastructure,preventive maintenance,0,4,-4,NO
IT Infrastructure,webex,0,4,-4,NO
IT Infrastructure,chemical engineering technician,0,4,-4,NO
IT Infrastructure,netgear,0,4,-4,NO
IT Infrastructure,vbs,0,4,-4,NO
IT Infrastructure,mis reporting,0,4,-4,NO
IT Infrastructure,google drive sync client,0,4,-4,NO
IT Infrastructure,operating systems: unix-aix,0,4,-4,NO
IT Infrastructure,effective multitasking,0,4,-4,NO
IT Infrastructure,aci- adm,0,4,-4,NO
IT Infrastructure,database and tools: oracle 11g,0,4,-4,NO
IT Infrastructure,quality management system implementation,0,4,-4,NO
IT Infrastructure,product project management,0,4,-4,NO
IT Infrastructure,profit and loss statement,0,4,-4,NO
IT Infrastructure,cases,0,4,-4,NO
IT Infrastructure,financials budgeting & forecasting,0,4,-4,NO
IT Infrastructure,service orientation,0,4,-4,NO
IT Infrastructure,sanity testing,0,4,-4,NO
IT Infrastructure,redmine,0,4,-4,NO
IT Infrastructure,equipment calibration,0,4,-4,NO
IT Infrastructure,timberline software,0,4,-4,NO
IT Infrastructure,fluent in english,0,4,-4,NO
IT Infrastructure,logo,0,4,-4,NO
IT Infrastructure,ti),0,4,-4,NO
IT Infrastructure,vmware,0,4,-4,NO
IT Infrastructure,script,0,4,-4,NO
IT Infrastructure,access control,0,4,-4,NO
IT Infrastructure,demand creation pursuits,0,4,-4,NO
IT Infrastructure,database management system,0,4,-4,NO
IT Infrastructure,test and measurement equipment,0,4,-4,NO
IT Infrastructure,dts,0,4,-4,NO
IT Infrastructure,ss7,0,4,-4,NO
IT Infrastructure,kubeflow,0,4,-4,NO
IT Infrastructure,cch & ria tax research,0,4,-4,NO
IT Infrastructure,search algorithms,0,4,-4,NO
IT Infrastructure,system originated interfaces refers to the credit union owned system as well as external systems,0,4,-4,NO
IT Infrastructure,execute,0,4,-4,NO
IT Infrastructure,video conferencing,0,4,-4,NO
IT Infrastructure,myob,0,4,-4,NO
IT Infrastructure,experience in routing & switching (ospf / bgp / vlan / stp),0,4,-4,NO
IT Infrastructure,process development,0,4,-4,NO
IT Infrastructure,accounting software: peoplesoft / quickbooks,0,4,-4,NO
IT Infrastructure,various erp systems,0,4,-4,NO
IT Infrastructure,verifies and balances system originated interfaces and posts non-system generated transactions prepared from other sources,0,4,-4,NO
IT Infrastructure,engineering design,0,4,-4,NO
IT Infrastructure,iso9001 and as9100 auditing,0,4,-4,NO
IT Infrastructure,numerical analysis,0,4,-4,NO
IT Infrastructure,browser support,0,4,-4,NO
IT Infrastructure,circuit design and analysis,0,4,-4,NO
IT Infrastructure,virtual machine,0,4,-4,NO
IT Infrastructure,npi/jdm/odm,0,4,-4,NO
IT Infrastructure,class,0,4,-4,NO
IT Infrastructure,microphones,0,4,-4,NO
IT Infrastructure,adobe analytics,0,4,-4,NO
IT Infrastructure,gd & t,0,4,-4,NO
IT Infrastructure,chemistry,0,4,-4,NO
IT Infrastructure,data computation libraries in python,0,4,-4,NO
IT Infrastructure,investment banking,0,4,-4,NO
IT Infrastructure,oracle 12c,0,4,-4,NO
IT Infrastructure,learning management: saba lms,0,4,-4,NO
IT Infrastructure,3d,0,4,-4,NO
IT Infrastructure,executive management support,0,4,-4,NO
IT Infrastructure,autodesk inventor,0,4,-4,NO
IT Infrastructure,federal government experience,0,4,-4,NO
IT Infrastructure,medical devices,0,4,-4,NO
IT Infrastructure,maintaining inventory,0,4,-4,NO
IT Infrastructure,apache,0,4,-4,NO
IT Infrastructure,verilog hardware language,0,4,-4,NO
IT Infrastructure,business case,0,4,-4,NO
IT Infrastructure,data visualisation,0,4,-4,NO
IT Infrastructure,data view,0,4,-4,NO
IT Infrastructure,six sigma green belt,0,4,-4,NO
IT Infrastructure,and humidity,0,4,-4,NO
IT Infrastructure,quality engineer,0,4,-4,NO
IT Infrastructure,toshiba certified service trained on siemens e-cam nuclear medicine camera,0,4,-4,NO
IT Infrastructure,predict,0,4,-4,NO
IT Infrastructure,sales and,0,4,-4,NO
IT Infrastructure,abila mip fund accounting software,0,4,-4,NO
IT Infrastructure,establishing goals and setting priorities,0,4,-4,NO
IT Infrastructure,proficient in polish language,0,4,-4,NO
IT Infrastructure,drawings,0,4,-4,NO
IT Infrastructure,conflict resolution,0,4,-4,NO
IT Infrastructure,desktop publishing software: photoshop,0,4,-4,NO
IT Infrastructure,anaconda,0,4,-4,NO
IT Infrastructure,compensation administration,0,4,-4,NO
IT Infrastructure,writing skills,0,4,-4,NO
IT Infrastructure,numbers,0,4,-4,NO
IT Infrastructure,ascertain accuracy of financial reporting,0,4,-4,NO
IT Infrastructure,jupyter notebook,0,4,-4,NO
IT Infrastructure,proposal writing,0,4,-4,NO
IT Infrastructure,fedex,0,4,-4,NO
IT Infrastructure,fluke 115 compact true-rms digital multimeter,0,4,-4,NO
IT Infrastructure,computer programming,0,4,-4,NO
IT Infrastructure,lean/5s,0,4,-4,NO
IT Infrastructure,inside sales,0,4,-4,NO
IT Infrastructure,drive,0,4,-4,NO
IT Infrastructure,administrative manager,0,4,-4,NO
IT Infrastructure,google bigquery,0,4,-4,NO
IT Infrastructure,lacerte tax preparation software,0,4,-4,NO
IT Infrastructure,reading circuit schematics,0,4,-4,NO
IT Infrastructure,printed circuit board cad (protel),0,4,-4,NO
IT Infrastructure,mini-tab,0,4,-4,NO
IT Infrastructure,pro-e,0,4,-4,NO
IT Infrastructure,quickbooks pro 2015/2016/2017,0,4,-4,NO
IT Infrastructure,troubleshooting of hardware failure,0,4,-4,NO
IT Infrastructure,sql server 2005,0,4,-4,NO
IT Infrastructure,process development and engineering,0,4,-4,NO
IT Infrastructure,critical thinking skills,0,4,-4,NO
IT Infrastructure,defect management,0,4,-4,NO
IT Infrastructure,credit and total accounts on computer spreadsheets/databases,0,4,-4,NO
IT Infrastructure,supervising 4,0,4,-4,NO
IT Infrastructure,microsoft team foundation,0,4,-4,NO
IT Infrastructure,dvp&r,0,4,-4,NO
IT Infrastructure,philosophy,0,4,-4,NO
IT Infrastructure,anytime scheduler,0,4,-4,NO
IT Infrastructure,h.264,0,4,-4,NO
IT Infrastructure,ms excel/ ms office,0,4,-4,NO
IT Infrastructure,video chat support,0,4,-4,NO
IT Infrastructure,cold calling,0,4,-4,NO
IT Infrastructure,test stand fabrication,0,4,-4,NO
IT Infrastructure,cash register,0,4,-4,NO
IT Infrastructure,hdfs,0,4,-4,NO
IT Infrastructure,software support,0,4,-4,NO
IT Infrastructure,xlnet,0,4,-4,NO
IT Infrastructure,understand different types of transmission lines: twisted pair,0,4,-4,NO
IT Infrastructure,written and verbal communication skills,0,4,-4,NO
IT Infrastructure,multi-meters,0,4,-4,NO
IT Infrastructure,alteryx,0,4,-4,NO
IT Infrastructure,federal government,0,4,-4,NO
IT Infrastructure,demos,0,4,-4,NO
IT Infrastructure,energy saving,0,4,-4,NO
IT Infrastructure,administrative functions,0,4,-4,NO
IT Infrastructure,safety member,0,4,-4,NO
IT Infrastructure,algore fea,0,4,-4,NO
IT Infrastructure,daily cash receipts,0,4,-4,NO
IT Infrastructure,programmable logic controls (plc),0,4,-4,NO
IT Infrastructure,snowflake,0,4,-4,NO
IT Infrastructure,documenting operational procedures,0,4,-4,NO
IT Infrastructure,computer hardware,0,4,-4,NO
IT Infrastructure,secretary,0,4,-4,NO
IT Infrastructure,iso 9001/as9100 standards,0,4,-4,NO
IT Infrastructure,gcp,0,4,-4,NO
IT Infrastructure,reading schematics,0,4,-4,NO
IT Infrastructure,temperature,0,4,-4,NO
IT Infrastructure,pneumatic and hydraulic theory,0,4,-4,NO
IT Infrastructure,payroll & tax 940,0,4,-4,NO
IT Infrastructure,good analytical skills,0,4,-4,NO
IT Infrastructure,telephony,0,4,-4,NO
IT Infrastructure,web design,0,4,-4,NO
IT Infrastructure,telecom support,0,4,-4,NO
IT Infrastructure,ios,0,4,-4,NO
IT Infrastructure,and scanners,0,4,-4,NO
IT Infrastructure,basic and advanced supervision training courses,0,4,-4,NO
IT Infrastructure,ms office proficient,0,4,-4,NO
IT Infrastructure,3ds max,0,4,-4,NO
IT Infrastructure,econometrics,0,4,-4,NO
IT Infrastructure,system integration testing,0,4,-4,NO
IT Infrastructure,cables,0,4,-4,NO
IT Infrastructure,adjustments,0,4,-4,NO
IT Infrastructure,predictive modelling,0,4,-4,NO
IT Infrastructure,friendly,0,4,-4,NO
IT Infrastructure,unix-solaris,0,4,-4,NO
IT Infrastructure,git-stash,0,4,-4,NO
IT Infrastructure,cpr & first aid certified,0,4,-4,NO
IT Infrastructure,patran,0,4,-4,NO
IT Infrastructure,complyright,0,4,-4,NO
IT Infrastructure,aws deployment,0,4,-4,NO
IT Infrastructure,outlook express,0,4,-4,NO
IT Infrastructure,bgp,0,4,-4,NO
IT Infrastructure,paint,0,4,-4,NO
IT Infrastructure,deadlines focused,0,4,-4,NO
IT Infrastructure,studied and understand programmable logic controllers,0,4,-4,NO
IT Infrastructure,memory,0,4,-4,NO
IT Infrastructure,community health,0,4,-4,NO
IT Infrastructure,pgadmin 4,0,4,-4,NO
IT Infrastructure,strong desire to learn more,0,4,-4,NO
IT Infrastructure,client relations development,0,4,-4,NO
IT Infrastructure,sun,0,4,-4,NO
IT Infrastructure,cat5e,0,4,-4,NO
IT Infrastructure,on-call tech support,0,4,-4,NO
IT Infrastructure,ospf,0,4,-4,NO
IT Infrastructure,data engineer,0,4,-4,NO
IT Infrastructure,appfolio,0,4,-4,NO
IT Infrastructure,product owner,0,4,-4,NO
IT Infrastructure,through cost center coding,0,4,-4,NO
IT Infrastructure,lean manufacturingâ€‹,0,4,-4,NO
IT Infrastructure,lucene,0,4,-4,NO
IT Infrastructure,cloud-testing,0,4,-4,NO
IT Infrastructure,employee management,0,4,-4,NO
IT Infrastructure,ridge regression,0,4,-4,NO
IT Infrastructure,engineering projects,0,4,-4,NO
IT Infrastructure,analysis of financial systems,0,4,-4,NO
IT Infrastructure,gpt,0,4,-4,NO
IT Infrastructure,written communications,0,4,-4,NO
IT Infrastructure,computersavvy,0,4,-4,NO
IT Infrastructure,safari,0,4,-4,NO
IT Infrastructure,tax preparation,0,4,-4,NO
IT Infrastructure,photoshop,0,4,-4,NO
IT Infrastructure,tax software: drake / ultra tax / turbotax,0,4,-4,NO
IT Infrastructure,engineering resource management and forecasting,0,4,-4,NO
IT Infrastructure,visual foxpro,0,4,-4,NO
IT Infrastructure,responsible for assisting with the preparation of financial statements,0,4,-4,NO
IT Infrastructure,crystal reports,0,4,-4,NO
IT Infrastructure,database management and processing,0,4,-4,NO
IT Infrastructure,esl students,0,4,-4,NO
IT Infrastructure,efficient multi-tasker,0,4,-4,NO
IT Infrastructure,one note,0,4,-4,NO
IT Infrastructure,compensation/payroll,0,4,-4,NO
IT Infrastructure,inventory & purchases,0,4,-4,NO
IT Infrastructure,sourcetree,0,4,-4,NO
IT Infrastructure,pagemaker,0,4,-4,NO
IT Infrastructure,proficient in microsoft office,0,4,-4,NO
IT Infrastructure,qa test,0,4,-4,NO
IT Infrastructure,cisco ios,0,4,-4,NO
IT Infrastructure,process invoices,0,4,-4,NO
IT Infrastructure,anatomy,0,4,-4,NO
IT Infrastructure,general office tools,0,4,-4,NO
IT Infrastructure,programmable logic controllers,0,4,-4,NO
IT Infrastructure,relational database design,0,4,-4,NO
IT Infrastructure,adp ezlabor,0,4,-4,NO
IT Infrastructure,dax,0,4,-4,NO
IT Infrastructure,simulink,0,4,-4,NO
IT Infrastructure,manufacturing yield improvement,0,4,-4,NO
IT Infrastructure,electronic circuit analysis,0,4,-4,NO
IT Infrastructure,inspects,0,4,-4,NO
IT Infrastructure,boundary analysis,0,4,-4,NO
IT Infrastructure,training manuals,0,4,-4,NO
IT Infrastructure,special events,0,4,-4,NO
IT Infrastructure,v-lookups,0,4,-4,NO
IT Infrastructure,advanced manufacturing,0,4,-4,NO
IT Infrastructure,9800,0,4,-4,NO
IT Infrastructure,creative thinker,0,4,-4,NO
IT Infrastructure,ringbuilder,0,4,-4,NO
IT Infrastructure,paychex,0,4,-4,NO
IT Infrastructure,sail point,0,4,-4,NO
IT Infrastructure,preventative maintenance,0,4,-4,NO
IT Infrastructure,injection molding,0,4,-4,NO
IT Infrastructure,mechanical test equipment,0,4,-4,NO
IT Infrastructure,accounting manager,0,4,-4,NO
IT Infrastructure,dnn,0,4,-4,NO
IT Infrastructure,copying,0,4,-4,NO
IT Infrastructure,sox compliance,0,4,-4,NO
IT Infrastructure,sklearn,0,4,-4,NO
IT Infrastructure,determined,0,4,-4,NO
IT Infrastructure,web based,0,4,-4,NO
IT Infrastructure,microsoft sql,0,4,-4,NO
IT Infrastructure,objective analysis,0,4,-4,NO
IT Infrastructure,equinox,0,4,-4,NO
IT Infrastructure,test artifacts: test estimation,0,4,-4,NO
IT Infrastructure,iso-9001 standards,0,4,-4,NO
IT Infrastructure,excellent written and verbal communication skills,0,4,-4,NO
IT Infrastructure,client server,0,4,-4,NO
IT Infrastructure,peoplesoft use & knowledge - queries & data mining,0,4,-4,NO
IT Infrastructure,jdbc,0,4,-4,NO
IT Infrastructure,docs,0,4,-4,NO
IT Infrastructure,market expansion,0,4,-4,NO
IT Infrastructure,aramark service trained on ge precision 500 radiology and fluoroscopic image system,0,4,-4,NO
IT Infrastructure,account reconciliation processes,0,4,-4,NO
IT Infrastructure,executive assistant,0,4,-4,NO
IT Infrastructure,company platforms: workbench,0,4,-4,NO
IT Infrastructure,equipment operation,0,4,-4,NO
IT Infrastructure,mechanical design,0,4,-4,NO
IT Infrastructure,six sigma tools and methodologies,0,4,-4,NO
IT Infrastructure,weighing,0,4,-4,NO
IT Infrastructure,dfmea,0,4,-4,NO
IT Infrastructure,microsoft nt server,0,4,-4,NO
IT Infrastructure,cloud architecture,0,4,-4,NO
IT Infrastructure,owasp zap,0,4,-4,NO
IT Infrastructure,issues management,0,4,-4,NO
IT Infrastructure,oral communication,0,4,-4,NO
IT Infrastructure,ms office proficiency,0,4,-4,NO
IT Infrastructure,jax,0,4,-4,NO
IT Infrastructure,selling and,0,4,-4,NO
IT Infrastructure,wireless routers,0,4,-4,NO
IT Infrastructure,counseling,0,4,-4,NO
IT Infrastructure,cnc engineering,0,4,-4,NO
IT Infrastructure,tax return filing,0,4,-4,NO
IT Infrastructure,google colab,0,4,-4,NO
IT Infrastructure,client/server,0,4,-4,NO
IT Infrastructure,troubleshooting hardware,0,4,-4,NO
IT Infrastructure,sorting,0,4,-4,NO
IT Infrastructure,sharepoint foundation 2007/2010,0,4,-4,NO
IT Infrastructure,compound synthesis,0,4,-4,NO
IT Infrastructure,calculates and posts month end and year-end accruals as needed,0,4,-4,NO
IT Infrastructure,sound judgment,0,4,-4,NO
IT Infrastructure,correspondence,0,4,-4,NO
IT Infrastructure,proficient in solidworks,0,4,-4,NO
IT Infrastructure,catboost,0,4,-4,NO
IT Infrastructure,data arbitration,0,4,-4,NO
IT Infrastructure,electrical drafting,0,4,-4,NO
IT Infrastructure,microsoft office 2003-2011,0,4,-4,NO
IT Infrastructure,groovy,0,4,-4,NO
IT Infrastructure,allen bradley rslogix,0,4,-4,NO
IT Infrastructure,cadence,0,4,-4,NO
IT Infrastructure,simultaneous,0,4,-4,NO
IT Infrastructure,relationship building,0,4,-4,NO
IT Infrastructure,honest,0,4,-4,NO
IT Infrastructure,hp netservers,0,4,-4,NO
IT Infrastructure,faxing,0,4,-4,NO
IT Infrastructure,blueprint understanding,0,4,-4,NO
IT Infrastructure,2k,0,4,-4,NO
IT Infrastructure,proficient in microsoft word,0,4,-4,NO
IT Infrastructure,state tax,0,4,-4,NO
IT Infrastructure,marketing department,0,4,-4,NO
IT Infrastructure,verbal and written communication,0,4,-4,NO
IT Infrastructure,nastran,0,4,-4,NO
IT Infrastructure,sql management studio,0,4,-4,NO
IT Infrastructure,hypothesis analysis,0,4,-4,NO
IT Infrastructure,desktop,0,4,-4,NO
IT Infrastructure,correlation analysis,0,4,-4,NO
IT Infrastructure,strong verbal communication,0,4,-4,NO
IT Infrastructure,thoroughness,0,4,-4,NO
IT Infrastructure,venue,0,4,-4,NO
IT Infrastructure,secret clearance,0,4,-4,NO
IT Infrastructure,value stream mapping,0,4,-4,NO
IT Infrastructure,pfmea,0,4,-4,NO
IT Infrastructure,physical therapy,0,4,-4,NO
IT Infrastructure,equipment/wiring installation,0,4,-4,NO
IT Infrastructure,monthly bank reconciliations,0,4,-4,NO
IT Infrastructure,network installation,0,4,-4,NO
IT Infrastructure,deadline compliance,0,4,-4,NO
IT Infrastructure,basic processor design,0,4,-4,NO
IT Infrastructure,weld,0,4,-4,NO
IT Infrastructure,audit report,0,4,-4,NO
IT Infrastructure,clerk,0,4,-4,NO
IT Infrastructure,hwinfo,0,4,-4,NO
IT Infrastructure,printing,0,4,-4,NO
IT Infrastructure,hsrp and lan/wan architecture,0,4,-4,NO
IT Infrastructure,data integrity,0,4,-4,NO
IT Infrastructure,project management: confluence,0,4,-4,NO
IT Infrastructure,ultimate boot cd (ubcd),0,4,-4,NO
IT Infrastructure,hindi,0,4,-4,NO
IT Infrastructure,accounts payable/accounts receivable,0,4,-4,NO
IT Infrastructure,text extraction,0,4,-4,NO
IT Infrastructure,excellent multitasker,0,4,-4,NO
IT Infrastructure,audience,0,4,-4,NO
IT Infrastructure,essbase,0,4,-4,NO
IT Infrastructure,administrative: microsoft office suite,0,4,-4,NO
IT Infrastructure,talend,0,4,-4,NO
IT Infrastructure,proengineer/creo,0,4,-4,NO
IT Infrastructure,assembly (intel,0,4,-4,NO
IT Infrastructure,stat- fsi track,0,4,-4,NO
IT Infrastructure,settlements,0,4,-4,NO
IT Infrastructure,electronics i,0,4,-4,NO
IT Infrastructure,tr069,0,4,-4,NO
IT Infrastructure,bounding algorithms,0,4,-4,NO
IT Infrastructure,asp.net 4.5,0,4,-4,NO
IT Infrastructure,forklift and crane certification,0,4,-4,NO
IT Infrastructure,oil servicing,0,4,-4,NO
IT Infrastructure,real-time,0,4,-4,NO
IT Infrastructure,welder,0,4,-4,NO
IT Infrastructure,engineering economy,0,4,-4,NO
IT Infrastructure,chain management,0,4,-4,NO
IT Infrastructure,forecasting and planning,0,4,-4,NO
IT Infrastructure,microsoft office proficiency,0,4,-4,NO
IT Infrastructure,systems engineering management,0,4,-4,NO
IT Infrastructure,dba,0,4,-4,NO
IT Infrastructure,international business,0,4,-4,NO
IT Infrastructure,raid,0,4,-4,NO
IT Infrastructure,test coverage,0,4,-4,NO
IT Infrastructure,strategic planning & development,0,4,-4,NO
IT Infrastructure,skill 1,0,4,-4,NO
IT Infrastructure,financial statement preparation,0,4,-4,NO
IT Infrastructure,mpeg,0,4,-4,NO
IT Infrastructure,electrical,0,4,-4,NO
IT Infrastructure,data warehouse,0,4,-4,NO
IT Infrastructure,skilled multi-tasker,0,4,-4,NO
IT Infrastructure,government sell-offs,0,4,-4,NO
IT Infrastructure,instrumentation and controls,0,4,-4,NO
IT Infrastructure,combinatorial optimizations,0,4,-4,NO
IT Infrastructure,willingness to go to whatever length it takes to solve a problem or improve a process,0,4,-4,NO
IT Infrastructure,vision systems,0,4,-4,NO
IT Infrastructure,msi,0,4,-4,NO
IT Infrastructure,digital signal processing,0,4,-4,NO
IT Infrastructure,harvard graphics,0,4,-4,NO
IT Infrastructure,tube furnaces,0,4,-4,NO
IT Infrastructure,database programming,0,4,-4,NO
IT Infrastructure,prioritization,0,4,-4,NO
IT Infrastructure,leetcode,0,4,-4,NO
IT Infrastructure,quickbooks payroll systems,0,4,-4,NO
IT Infrastructure,2-tier,0,4,-4,NO
IT Infrastructure,maintains inventory,0,4,-4,NO
IT Infrastructure,such as shared branching and atm transaction networks,0,4,-4,NO
IT Infrastructure,internet accounting,0,4,-4,NO
IT Infrastructure,ml engineer,0,4,-4,NO
IT Infrastructure,panda,0,4,-4,NO
IT Infrastructure,os/2,0,4,-4,NO
IT Infrastructure,discover rct,0,4,-4,NO
IT Infrastructure,seminars,0,4,-4,NO
IT Infrastructure,expert in ms office suite,0,4,-4,NO
IT Infrastructure,hardware and software installation,0,4,-4,NO
IT Infrastructure,geometry,0,4,-4,NO
IT Infrastructure,closings,0,4,-4,NO
IT Infrastructure,low and high voltage devices,0,4,-4,NO
IT Infrastructure,fluent in spanish,0,4,-4,NO
IT Infrastructure,peak,0,4,-4,NO
IT Infrastructure,stk,0,4,-4,NO
IT Infrastructure,power systems analysis,0,4,-4,NO
IT Infrastructure,valgrind,0,4,-4,NO
IT Infrastructure,oral and written communication,0,4,-4,NO
IT Infrastructure,outlook training,0,4,-4,NO
IT Infrastructure,printer support,0,4,-4,NO
IT Infrastructure,sql (mysql,0,4,-4,NO
IT Infrastructure,vendor sourcing/relations,0,4,-4,NO
IT Infrastructure,ssrs,0,4,-4,NO
IT Infrastructure,remote access,0,4,-4,NO
IT Infrastructure,turbo c++,0,4,-4,NO
IT Infrastructure,meticulous attention to detail,0,4,-4,NO
IT Infrastructure,psim,0,4,-4,NO
IT Infrastructure,cost reduction and avoidance,0,4,-4,NO
IT Infrastructure,government contracting,0,4,-4,NO
IT Infrastructure,open source,0,4,-4,NO
IT Infrastructure,calculators,0,4,-4,NO
IT Infrastructure,catalog,0,4,-4,NO
IT Infrastructure,coaxial,0,4,-4,NO
IT Infrastructure,team builder,0,4,-4,NO
IT Infrastructure,technical sales,0,4,-4,NO
IT Infrastructure,environmental health and safety,0,4,-4,NO
IT Infrastructure,executive decision maker,0,4,-4,NO
IT Infrastructure,audio editing,0,4,-4,NO
IT Infrastructure,business requirements,0,4,-4,NO
IT Infrastructure,periodic financial reporting expert,0,4,-4,NO
IT Infrastructure,vpn,0,4,-4,NO
IT Infrastructure,real time embedded systems,0,4,-4,NO
IT Infrastructure,process development and documentation,0,4,-4,NO
IT Infrastructure,ssl,0,4,-4,NO
IT Infrastructure,assured internal controls,0,4,-4,NO
IT Infrastructure,affirmative action compliance,0,4,-4,NO
IT Infrastructure,management,0,4,-4,NO
IT Infrastructure,cryptography,0,4,-4,NO
IT Infrastructure,aws lambda,0,4,-4,NO
IT Infrastructure,recorded,0,4,-4,NO
IT Infrastructure,heroku,0,4,-4,NO
IT Infrastructure,ibm watson,0,4,-4,NO
IT Infrastructure,entry level,0,4,-4,NO
IT Infrastructure,calbench,0,4,-4,NO
IT Infrastructure,develop business,0,4,-4,NO
IT Infrastructure,from sales,0,4,-4,NO
IT Infrastructure,discrete control system (dcs),0,4,-4,NO
IT Infrastructure,network design,0,4,-4,NO
IT Infrastructure,presentation,0,4,-4,NO
IT Infrastructure,hospital pharmacy,0,4,-4,NO
IT Infrastructure,environmental protection,0,4,-4,NO
IT Infrastructure,ms office: database,0,4,-4,NO
IT Infrastructure,mips assembler,0,4,-4,NO
IT Infrastructure,database design,0,4,-4,NO
IT Infrastructure,sales tax,0,4,-4,NO
IT Infrastructure,personnel records maintenance,0,4,-4,NO
IT Infrastructure,benchmarking,0,4,-4,NO
IT Infrastructure,manual testing.,0,4,-4,NO
IT Infrastructure,utilize oscilloscopes to measure ac frequency,0,4,-4,NO
IT Infrastructure,clinical trials,0,4,-4,NO
IT Infrastructure,java 1,0,4,-4,NO
IT Infrastructure,apple lion,0,4,-4,NO
IT Infrastructure,adapt to new technology at an accelerated rate,0,4,-4,NO
IT Infrastructure,outgoing,0,4,-4,NO
IT Infrastructure,l1 l2 regression,0,4,-4,NO
IT Infrastructure,profit improvement,0,4,-4,NO
IT Infrastructure,hungry for growth and continuous learning,0,4,-4,NO
IT Infrastructure,wireless data,0,4,-4,NO
IT Infrastructure,budget analysis,0,4,-4,NO
IT Infrastructure,mcse,0,4,-4,NO
IT Infrastructure,hiring and retention,0,4,-4,NO
IT Infrastructure,crystal ball,0,4,-4,NO
IT Infrastructure,management reports and board packages.,0,4,-4,NO
IT Infrastructure,research associate,0,4,-4,NO
IT Infrastructure,iam,0,4,-4,NO
IT Infrastructure,pega,0,4,-4,NO
IT Infrastructure,compliance audits,0,4,-4,NO
IT Infrastructure,data programming,0,4,-4,NO
IT Infrastructure,terminal services,0,4,-4,NO
IT Infrastructure,data migration,0,4,-4,NO
IT Infrastructure,agile methodologies,0,4,-4,NO
IT Infrastructure,adobe illustrator,0,4,-4,NO
IT Infrastructure,medlin,0,4,-4,NO
IT Infrastructure,sqlite,0,4,-4,NO
IT Infrastructure,event management,0,4,-4,NO
IT Infrastructure,training design and development,0,4,-4,NO
IT Infrastructure,first article inspection,0,4,-4,NO
IT Infrastructure,hydraulic testing,0,4,-4,NO
IT Infrastructure,electrical test,0,4,-4,NO
IT Infrastructure,safety awareness,0,4,-4,NO
IT Infrastructure,dell,0,4,-4,NO
IT Infrastructure,test cases,0,4,-4,NO
IT Infrastructure,factiva,0,4,-4,NO
IT Infrastructure,requirement tracing,0,4,-4,NO
IT Infrastructure,determine voltage,0,4,-4,NO
IT Infrastructure,vss,0,4,-4,NO
IT Infrastructure,data base,0,4,-4,NO
IT Infrastructure,erp implementation,0,4,-4,NO
IT Infrastructure,laptops. android smartphones tables,0,4,-4,NO
IT Infrastructure,territory management,0,4,-4,NO
IT Infrastructure,local remoter systems support,0,4,-4,NO
IT Infrastructure,pcanywhere,0,4,-4,NO
IT Infrastructure,industrial electricity,0,4,-4,NO
IT Infrastructure,remote desktop and help desk management,0,4,-4,NO
IT Infrastructure,scope and project definition,0,4,-4,NO
IT Infrastructure,cloud computing,0,4,-4,NO
IT Infrastructure,eagle accounting system,0,4,-4,NO
IT Infrastructure,very proficient in soldering,0,4,-4,NO
IT Infrastructure,computer management,0,4,-4,NO
IT Infrastructure,civil engineer,0,4,-4,NO
IT Infrastructure,ability to make decisions and solve problems,0,4,-4,NO
IT Infrastructure,kpis,0,4,-4,NO
IT Infrastructure,guided mechanisms,0,4,-4,NO
IT Infrastructure,sales manager,0,4,-4,NO
IT Infrastructure,understand overtime and on-call basis may be required,0,4,-4,NO
IT Infrastructure,intuit proseries,0,4,-4,NO
IT Infrastructure,office administration,0,4,-4,NO
IT Infrastructure,toshiba certified service trained on aquilion 16,0,4,-4,NO
IT Infrastructure,electrical mechanical,0,4,-4,NO
IT Infrastructure,high attention to details,0,4,-4,NO
IT Infrastructure,netscape messenger,0,4,-4,NO
IT Infrastructure,data & network management,0,4,-4,NO
IT Infrastructure,unix terminal,0,4,-4,NO
IT Infrastructure,mechanical/electrical engineer,0,4,-4,NO
IT Infrastructure,ability to stand and walk for hours at time.,0,4,-4,NO
IT Infrastructure,dvb,0,4,-4,NO
IT Infrastructure,google drive,0,4,-4,NO
IT Infrastructure,lfacs,0,4,-4,NO
IT Infrastructure,marketing/sales,0,4,-4,NO
IT Infrastructure,excellent communication techniques,0,4,-4,NO
IT Infrastructure,sale and,0,4,-4,NO
IT Infrastructure,prepares budget variance reports for various departments as assigned,0,4,-4,NO
IT Infrastructure,economic analysis,0,4,-4,NO
IT Infrastructure,credit risk,0,4,-4,NO
IT Infrastructure,ability to prioritize,0,4,-4,NO
IT Infrastructure,cross-functional team leadership,0,4,-4,NO
IT Infrastructure,ma,0,4,-4,NO
IT Infrastructure,apache hive,0,4,-4,NO
IT Infrastructure,sla,0,4,-4,NO
IT Infrastructure,machine tools,0,4,-4,NO
IT Infrastructure,15+ years of experience in accounting & bookkeeping services,0,4,-4,NO
IT Infrastructure,installation of network components,0,4,-4,NO
IT Infrastructure,ultratax,0,4,-4,NO
IT Infrastructure,multi-task management,0,4,-4,NO
IT Infrastructure,troubleshooting a network failure,0,4,-4,NO
IT Infrastructure,skill 6,0,4,-4,NO
IT Infrastructure,image freeway,0,4,-4,NO
IT Infrastructure,phones,0,4,-4,NO
IT Infrastructure,b2c,0,4,-4,NO
IT Infrastructure,statistical analysis: jmp,0,4,-4,NO
IT Infrastructure,glove,0,4,-4,NO
IT Infrastructure,film,0,4,-4,NO
IT Infrastructure,streamlit,0,4,-4,NO
IT Infrastructure,analysis (linear & non-linear static,0,4,-4,NO
IT Infrastructure,high efficiency,0,4,-4,NO
IT Infrastructure,routing,0,4,-4,NO
IT Infrastructure,lean/six sigma principles,0,4,-4,NO
IT Infrastructure,t1,0,4,-4,NO
IT Infrastructure,public and private accounting,0,4,-4,NO
IT Infrastructure,capital expenditures,0,4,-4,NO
IT Infrastructure,exceptional interpersonal communication,0,4,-4,NO
IT Infrastructure,prepared various specialty reports,0,4,-4,NO
IT Infrastructure,advanced material selection for rapid prototyping,0,4,-4,NO
IT Infrastructure,purchase orders,0,4,-4,NO
IT Infrastructure,csi,0,4,-4,NO
IT Infrastructure,eclipsys,0,4,-4,NO
IT Infrastructure,selenium (automated testing),0,4,-4,NO
IT Infrastructure,staff management,0,4,-4,NO
IT Infrastructure,lean & six sigma practitioner,0,4,-4,NO
IT Infrastructure,measurement and layout,0,4,-4,NO
IT Infrastructure,checks,0,4,-4,NO
IT Infrastructure,exceptional interpersonal skills,0,4,-4,NO
IT Infrastructure,hardware & software design,0,4,-4,NO
IT Infrastructure,work under pressure and deadlines,0,4,-4,NO
IT Infrastructure,administrative assistant,0,4,-4,NO
IT Infrastructure,chemical engineering,0,4,-4,NO
IT Infrastructure,skill 4,0,4,-4,NO
IT Infrastructure,maintain files,0,4,-4,NO
IT Infrastructure,derivatives,0,4,-4,NO
IT Infrastructure,architect end to end,0,4,-4,NO
IT Infrastructure,sales plan,0,4,-4,NO
IT Infrastructure,troubleshooting specialist,0,4,-4,NO
IT Infrastructure,product marketing,0,4,-4,NO
IT Infrastructure,forklifts,0,4,-4,NO
IT Infrastructure,idx,0,4,-4,NO
IT Infrastructure,key aspect analysis,0,4,-4,NO
IT Infrastructure,ec2,0,4,-4,NO
IT Infrastructure,finance and tax research - lexis-nexis,0,4,-4,NO
IT Infrastructure,video conferencing equipment (tv,0,4,-4,NO
IT Infrastructure,research & data gathering,0,4,-4,NO
IT Infrastructure,.net,0,4,-4,NO
IT Infrastructure,resistance and power by calculations and measurements,0,4,-4,NO
IT Infrastructure,vxworks,0,4,-4,NO
IT Infrastructure,plotly,0,4,-4,NO
IT Infrastructure,careful and active listener,0,4,-4,NO
IT Infrastructure,invoice processing,0,4,-4,NO
IT Infrastructure,lombardi,0,4,-4,NO
IT Infrastructure,cms,0,4,-4,NO
IT Infrastructure,back end,0,4,-4,NO
IT Infrastructure,qa engineering software expertise - design,0,4,-4,NO
IT Infrastructure,printer,0,4,-4,NO
IT Infrastructure,adobe captivate,0,4,-4,NO
IT Infrastructure,home care,0,4,-4,NO
IT Infrastructure,analytical process improvement,0,4,-4,NO
IT Infrastructure,vb script,0,4,-4,NO
IT Infrastructure,creative problem solving,0,4,-4,NO
IT Infrastructure,nationalelectric code (nec),0,4,-4,NO
IT Infrastructure,pc law,0,4,-4,NO
IT Infrastructure,microsoft sharepoint,0,4,-4,NO
IT Infrastructure,implementing effective internal controls,0,4,-4,NO
IT Infrastructure,expert in customer relations,0,4,-4,NO
IT Infrastructure,algorithm optimization,0,4,-4,NO
IT Infrastructure,game theory,0,4,-4,NO
IT Infrastructure,company platforms: dras,0,4,-4,NO
IT Infrastructure,cae softwares (hypermesh,0,4,-4,NO
IT Infrastructure,process design & improvement,0,4,-4,NO
IT Infrastructure,amazon redshift,0,4,-4,NO
IT Infrastructure,problem-solving skills,0,4,-4,NO
IT Infrastructure,epic,0,4,-4,NO
IT Infrastructure,creativity and imagination,0,4,-4,NO
IT Infrastructure,audits,0,4,-4,NO
IT Infrastructure,company platforms: lombardi,0,4,-4,NO
IT Infrastructure,passmark memtest86,0,4,-4,NO
IT Infrastructure,firewall setup,0,4,-4,NO
IT Infrastructure,new product design and development,0,4,-4,NO
IT Infrastructure,peoplesoft finance applications,0,4,-4,NO
IT Infrastructure,goals and performance,0,4,-4,NO
IT Infrastructure,accounts for,0,4,-4,NO
IT Infrastructure,and vouchers as well as reconciled records of bank transactions.,0,4,-4,NO
IT Infrastructure,bert modelling,0,4,-4,NO
IT Infrastructure,recruitment,0,4,-4,NO
IT Infrastructure,risk analyst,0,4,-4,NO
IT Infrastructure,arcview,0,4,-4,NO
IT Infrastructure,waste reduction,0,4,-4,NO
IT Infrastructure,manufacturing engineer,0,4,-4,NO
IT Infrastructure,responsible and reliable,0,4,-4,NO
IT Infrastructure,proficiency in area,0,4,-4,NO
IT Infrastructure,cost control,0,4,-4,NO
IT Infrastructure,sales reports,0,4,-4,NO
IT Infrastructure,cpr certified,0,4,-4,NO
IT Infrastructure,compounding,0,4,-4,NO
IT Infrastructure,document reports,0,4,-4,NO
IT Infrastructure,cabling and laying of cables,0,4,-4,NO
IT Infrastructure,switch,0,4,-4,NO
IT Infrastructure,advanced utilization microsoft office suite,0,4,-4,NO
IT Infrastructure,symphony,0,4,-4,NO
IT Infrastructure,technology integration,0,4,-4,NO
IT Infrastructure,data storage,0,4,-4,NO
IT Infrastructure,and critical thinking skills,0,4,-4,NO
IT Infrastructure,pr,0,4,-4,NO
IT Infrastructure,plat indexes,0,4,-4,NO
IT Infrastructure,a monitor flow of credit union transactions from the various supporting systems into and out of the general ledger daily,0,4,-4,NO
IT Infrastructure,malwarebytes,0,4,-4,NO
IT Infrastructure,process flow,0,4,-4,NO
IT Infrastructure,arduino ide,0,4,-4,NO
IT Infrastructure,frx,0,4,-4,NO
IT Infrastructure,iii,0,4,-4,NO
IT Infrastructure,accounts payable & receivable,0,4,-4,NO
IT Infrastructure,cpus,0,4,-4,NO
IT Infrastructure,team leadership / cross-team collaboration,0,4,-4,NO
IT Infrastructure,textwrangler,0,4,-4,NO
IT Infrastructure,skilled in the operation of ms 2000,0,4,-4,NO
IT Infrastructure,inductors and transformers,0,4,-4,NO
IT Infrastructure,key accounts,0,4,-4,NO
IT Infrastructure,formulas,0,4,-4,NO
IT Infrastructure,mac osx,0,4,-4,NO
IT Infrastructure,coaching/mentoring,0,4,-4,NO
IT Infrastructure,document management,0,4,-4,NO
IT Infrastructure,elastic search,0,4,-4,NO
IT Infrastructure,er/studio,0,4,-4,NO
IT Infrastructure,windows & mac os,0,4,-4,NO
IT Infrastructure,cat5,0,4,-4,NO
IT Infrastructure,test methodologies: regression testing,0,4,-4,NO
IT Infrastructure,hammer,0,4,-4,NO
IT Infrastructure,foresight imaging systems trained on dicom protocols,0,4,-4,NO
IT Infrastructure,implemented sales,0,4,-4,NO
IT Infrastructure,vts,0,4,-4,NO
IT Infrastructure,ip addressing,0,4,-4,NO
IT Infrastructure,process optimization,0,4,-4,NO
IT Infrastructure,solution engineering,0,4,-4,NO
IT Infrastructure,internet applications,0,4,-4,NO
IT Infrastructure,ml algorithms,0,4,-4,NO
IT Infrastructure,probability and stats,0,4,-4,NO
IT Infrastructure,minute taking,0,4,-4,NO
IT Infrastructure,company platforms: pega,0,4,-4,NO
IT Infrastructure,key injection,0,4,-4,NO
IT Infrastructure,mssql,0,4,-4,NO
IT Infrastructure,water treatment,0,4,-4,NO
IT Infrastructure,lathe,0,4,-4,NO
IT Infrastructure,driver booster,0,4,-4,NO
IT Infrastructure,civil engineering,0,4,-4,NO
IT Infrastructure,project planning,0,4,-4,NO
IT Infrastructure,handling cash,0,4,-4,NO
IT Infrastructure,tender,0,4,-4,NO
IT Infrastructure,accounts receivable accounts payable,0,4,-4,NO
IT Infrastructure,project support,0,4,-4,NO
IT Infrastructure,octave,0,4,-4,NO
IT Infrastructure,curl-siege,0,4,-4,NO
IT Infrastructure,highly organized,0,4,-4,NO
IT Infrastructure,classification,0,4,-4,NO
IT Infrastructure,nds,0,4,-4,NO
IT Infrastructure,pocket pc,0,4,-4,NO
IT Infrastructure,dbase,0,4,-4,NO
IT Infrastructure,paper converting equipment,0,4,-4,NO
IT Infrastructure,multi-state sales tax filing,0,4,-4,NO
IT Infrastructure,plastics manufacturing processes,0,4,-4,NO
IT Infrastructure,motivational,0,4,-4,NO
IT Infrastructure,auto cad,0,4,-4,NO
IT Infrastructure,html programming,0,4,-4,NO
IT Infrastructure,security,0,4,-4,NO
IT Infrastructure,recorded monthly transactions,0,4,-4,NO
IT Infrastructure,lan aptitude,0,4,-4,NO
IT Infrastructure,router,0,4,-4,NO
IT Infrastructure,microsoft power pivot,0,4,-4,NO
IT Infrastructure,ehrs,0,4,-4,NO
IT Infrastructure,author,0,4,-4,NO
IT Infrastructure,cerner,0,4,-4,NO
IT Infrastructure,proposal development,0,4,-4,NO
IT Infrastructure,microprocessor,0,4,-4,NO
IT Infrastructure,mechanical processes,0,4,-4,NO
IT Infrastructure,dasylab,0,4,-4,NO
IT Infrastructure,pedague testing system,0,4,-4,NO
IT Infrastructure,computer system building and repair,0,4,-4,NO
IT Infrastructure,design review,0,4,-4,NO
IT Infrastructure,structured,0,4,-4,NO
IT Infrastructure,user support,0,4,-4,NO
IT Infrastructure,project development,0,4,-4,NO
IT Infrastructure,numerical and analytical ability,0,4,-4,NO
IT Infrastructure,analytical and business acumen,0,4,-4,NO
IT Infrastructure,netbeui,0,4,-4,NO
IT Infrastructure,leadership training,0,4,-4,NO
IT Infrastructure,schematic,0,4,-4,NO
IT Infrastructure,staff training,0,4,-4,NO
IT Infrastructure,business to business,0,4,-4,NO
IT Infrastructure,automation tools,0,4,-4,NO
IT Infrastructure,hotsos training,0,4,-4,NO
IT Infrastructure,proofing,0,4,-4,NO
IT Infrastructure,process engineering & qa management,0,4,-4,NO
IT Infrastructure,cip,0,4,-4,NO
IT Infrastructure,financial and accounting,0,4,-4,NO
IT Infrastructure,time management ability,0,4,-4,NO
IT Infrastructure,selenium,0,4,-4,NO
IT Infrastructure,data interpretation,0,4,-4,NO
IT Infrastructure,research and design,0,4,-4,NO
IT Infrastructure,aws texualizer,0,4,-4,NO
IT Infrastructure,planning modules,0,4,-4,NO
IT Infrastructure,current,0,4,-4,NO
IT Infrastructure,software quality assurance,0,4,-4,NO
IT Infrastructure,cad packages (solidworks,0,4,-4,NO
IT Infrastructure,facility management,0,4,-4,NO
IT Infrastructure,bank reconciliations and general ledger expertise,0,4,-4,NO
IT Infrastructure,black box,0,4,-4,NO
IT Infrastructure,multimedia,0,4,-4,NO
IT Infrastructure,jvs,0,4,-4,NO
IT Infrastructure,life insurance,0,4,-4,NO
IT Infrastructure,tv,0,4,-4,NO
IT Infrastructure,unix shell/perl scripting,0,4,-4,NO
IT Infrastructure,cnns,0,4,-4,NO
IT Infrastructure,webgl,0,4,-4,NO
IT Infrastructure,network management,0,4,-4,NO
IT Infrastructure,unix shell scripts,0,4,-4,NO
IT Infrastructure,operating systems: windows 7-10,0,4,-4,NO
IT Infrastructure,prepare contract,0,4,-4,NO
IT Infrastructure,marconi,0,4,-4,NO
IT Infrastructure,tolerance analysis,0,4,-4,NO
IT Infrastructure,dras,0,4,-4,NO
IT Infrastructure,keynote,0,4,-4,NO
IT Infrastructure,computer sales,0,4,-4,NO
IT Infrastructure,roofing,0,4,-4,NO
IT Infrastructure,arc flash,0,4,-4,NO
IT Infrastructure,skilled concrete finisher,0,4,-4,NO
IT Infrastructure,marketing material,0,4,-4,NO
IT Infrastructure,people development,0,4,-4,NO
IT Infrastructure,wonderware,0,4,-4,NO
IT Infrastructure,generating bill of materials,0,4,-4,NO
IT Infrastructure,excellent communication and presentation skills,0,4,-4,NO
IT Infrastructure,network printers,0,4,-4,NO
IT Infrastructure,photo,0,4,-4,NO
IT Infrastructure,analyze financial statements,0,4,-4,NO
IT Infrastructure,and resolving discrepancies,0,4,-4,NO
IT Infrastructure,sales management,0,7,-7,NO
IT Infrastructure,robotics,0,8,-8,NO
IT Infrastructure,oscilloscope,0,8,-8,NO
IT Infrastructure,angularjs,0,8,-8,NO
IT Infrastructure,and marketing,0,8,-8,NO
IT Infrastructure,pcs,0,8,-8,NO
IT Infrastructure,restaurant manager,0,8,-8,NO
IT Infrastructure,process design,0,8,-8,NO
IT Infrastructure,graphs,0,8,-8,NO
IT Infrastructure,unity,0,8,-8,NO
IT Infrastructure,negotiation,0,8,-8,NO
IT Infrastructure,marketing materials,0,8,-8,NO
IT Infrastructure,office management,0,8,-8,NO
IT Infrastructure,analysis,0,8,-8,NO
IT Infrastructure,quickbooks expert,0,8,-8,NO
IT Infrastructure,iso 9001,0,8,-8,NO
IT Infrastructure,predictive analysis,0,8,-8,NO
IT Infrastructure,people soft,0,8,-8,NO
IT Infrastructure,generally accepted auditing standards,0,8,-8,NO
IT Infrastructure,and troubleshooting,0,8,-8,NO
IT Infrastructure,mac os,0,8,-8,NO
IT Infrastructure,vision,0,8,-8,NO
IT Infrastructure,mba,0,8,-8,NO
IT Infrastructure,spacy,0,8,-8,NO
IT Infrastructure,calm under pressure,0,8,-8,NO
IT Infrastructure,arabic,0,8,-8,NO
IT Infrastructure,balanced,0,8,-8,NO
IT Infrastructure,windows xp/vista,0,8,-8,NO
IT Infrastructure,data reporting,0,8,-8,NO
IT Infrastructure,exceptional time management,0,8,-8,NO
IT Infrastructure,lecturer,0,8,-8,NO
IT Infrastructure,novell,0,8,-8,NO
IT Infrastructure,cognos,0,8,-8,NO
IT Infrastructure,television,0,8,-8,NO
IT Infrastructure,self-motivated professional,0,8,-8,NO
IT Infrastructure,illustrator,0,8,-8,NO
IT Infrastructure,model building,0,8,-8,NO
IT Infrastructure,dec,0,8,-8,NO
IT Infrastructure,profit,0,8,-8,NO
IT Infrastructure,quick books,0,8,-8,NO
IT Infrastructure,ergonomics,0,8,-8,NO
IT Infrastructure,month end close,0,8,-8,NO
IT Infrastructure,retail marketing,0,8,-8,NO
IT Infrastructure,verilog,0,8,-8,NO
IT Infrastructure,power generation,0,8,-8,NO
IT Infrastructure,reconciliations,0,8,-8,NO
IT Infrastructure,ipx,0,8,-8,NO
IT Infrastructure,jupyter,0,8,-8,NO
IT Infrastructure,treasury,0,8,-8,NO
IT Infrastructure,written communication skills,0,8,-8,NO
IT Infrastructure,swift,0,8,-8,NO
IT Infrastructure,arduino,0,8,-8,NO
IT Infrastructure,positioning,0,8,-8,NO
IT Infrastructure,engineering operational functions,0,8,-8,NO
IT Infrastructure,rest apis,0,8,-8,NO
IT Infrastructure,html/ css,0,8,-8,NO
IT Infrastructure,police,0,8,-8,NO
IT Infrastructure,renovation,0,8,-8,NO
IT Infrastructure,motorola,0,8,-8,NO
IT Infrastructure,software installation,0,8,-8,NO
IT Infrastructure,debit,0,8,-8,NO
IT Infrastructure,team leader,0,8,-8,NO
IT Infrastructure,orcad,0,8,-8,NO
IT Infrastructure,inspecting,0,8,-8,NO
IT Infrastructure,payroll processing,0,8,-8,NO
IT Infrastructure,dmaic,0,8,-8,NO
IT Infrastructure,aia,0,8,-8,NO
IT Infrastructure,product management,0,8,-8,NO
IT Infrastructure,letters,0,8,-8,NO
IT Infrastructure,embedded software development,0,8,-8,NO
IT Infrastructure,accounts and,0,8,-8,NO
IT Infrastructure,air force,0,8,-8,NO
IT Infrastructure,competitive,0,8,-8,NO
IT Infrastructure,bonds,0,8,-8,NO
IT Infrastructure,system administration,0,8,-8,NO
IT Infrastructure,cash handling,0,8,-8,NO
IT Infrastructure,dos,0,8,-8,NO
IT Infrastructure,army,0,8,-8,NO
IT Infrastructure,process management,0,8,-8,NO
IT Infrastructure,sales forecasting,0,8,-8,NO
IT Infrastructure,contract administration,0,8,-8,NO
IT Infrastructure,business strategy,0,8,-8,NO
IT Infrastructure,property management,0,8,-8,NO
IT Infrastructure,oracle),0,8,-8,NO
IT Infrastructure,data trending knowledge,0,8,-8,NO
IT Infrastructure,inventory levels,0,8,-8,NO
IT Infrastructure,web development,0,8,-8,NO
IT Infrastructure,active directory,0,8,-8,NO
IT Infrastructure,fax,0,8,-8,NO
IT Infrastructure,automated payroll,0,8,-8,NO
IT Infrastructure,sdlc,0,8,-8,NO
IT Infrastructure,prime,0,8,-8,NO
IT Infrastructure,marketing and sales,0,8,-8,NO
IT Infrastructure,hydraulics,0,8,-8,NO
IT Infrastructure,cable,0,8,-8,NO
IT Infrastructure,merchandising,0,8,-8,NO
IT Infrastructure,decisive,0,8,-8,NO
IT Infrastructure,web design 2,0,8,-8,NO
IT Infrastructure,natural gas,0,8,-8,NO
IT Infrastructure,budget preparation,0,8,-8,NO
IT Infrastructure,asp,0,8,-8,NO
IT Infrastructure,process payroll,0,8,-8,NO
IT Infrastructure,business process improvement,0,8,-8,NO
IT Infrastructure,project and visio,0,8,-8,NO
IT Infrastructure,jde,0,8,-8,NO
IT Infrastructure,maintain records,0,8,-8,NO
IT Infrastructure,financial statement analysis,0,8,-8,NO
IT Infrastructure,advanced computer proficiency (pc and mac),0,8,-8,NO
IT Infrastructure,material management,0,8,-8,NO
IT Infrastructure,cnn,0,8,-8,NO
IT Infrastructure,algorithm development,0,8,-8,NO
IT Infrastructure,accrual,0,8,-8,NO
IT Infrastructure,money,0,8,-8,NO
IT Infrastructure,promotional,0,8,-8,NO
IT Infrastructure,trouble shooting,0,8,-8,NO
IT Infrastructure,newsletter,0,8,-8,NO
IT Infrastructure,functional testing,0,8,-8,NO
IT Infrastructure,cash flow projections,0,8,-8,NO
IT Infrastructure,huggingface,0,8,-8,NO
IT Infrastructure,content management,0,8,-8,NO
IT Infrastructure,laptops,0,8,-8,NO
IT Infrastructure,information security,0,8,-8,NO
IT Infrastructure,recuva,0,8,-8,NO
IT Infrastructure,first aid,0,8,-8,NO
IT Infrastructure,soap,0,8,-8,NO
IT Infrastructure,workbench,0,8,-8,NO
IT Infrastructure,dialysis,0,8,-8,NO
IT Infrastructure,direct marketing,0,8,-8,NO
IT Infrastructure,black box testing,0,8,-8,NO
IT Infrastructure,application programming,0,8,-8,NO
IT Infrastructure,trainer,0,8,-8,NO
IT Infrastructure,requirement analysis,0,8,-8,NO
IT Infrastructure,camera,0,8,-8,NO
IT Infrastructure,salesforce.com crm,0,8,-8,NO
IT Infrastructure,cabling,0,8,-8,NO
IT Infrastructure,azure databricks,0,8,-8,NO
IT Infrastructure,restapi,0,8,-8,NO
IT Infrastructure,chatbot,0,8,-8,NO
IT Infrastructure,ibm,0,8,-8,NO
IT Infrastructure,lacerte,0,8,-8,NO
IT Infrastructure,direct sales,0,8,-8,NO
IT Infrastructure,installing,0,8,-8,NO
IT Infrastructure,control systems,0,8,-8,NO
IT Infrastructure,strategic marketing,0,8,-8,NO
IT Infrastructure,bootstrap,0,8,-8,NO
IT Infrastructure,data structure,0,8,-8,NO
IT Infrastructure,kotlin,0,8,-8,NO
IT Infrastructure,robotic,0,8,-8,NO
IT Infrastructure,objective c,0,8,-8,NO
IT Infrastructure,jcl,0,8,-8,NO
IT Infrastructure,apqp,0,8,-8,NO
IT Infrastructure,construction management,0,8,-8,NO
IT Infrastructure,client relations,0,8,-8,NO
IT Infrastructure,negotiating,0,8,-8,NO
IT Infrastructure,corporate finance,0,8,-8,NO
IT Infrastructure,financial management,0,8,-8,NO
IT Infrastructure,prepare financial statements,0,8,-8,NO
IT Infrastructure,tcp,0,8,-8,NO
IT Infrastructure,microsoft office applications,0,8,-8,NO
IT Infrastructure,sales software: salesforce.com,0,8,-8,NO
IT Infrastructure,perl,0,8,-8,NO
IT Infrastructure,base sas,0,8,-8,NO
IT Infrastructure,deadline-oriented,0,8,-8,NO
IT Infrastructure,fmea,0,8,-8,NO
IT Infrastructure,a+,0,8,-8,NO
IT Infrastructure,regression,0,8,-8,NO
IT Infrastructure,equipment installation,0,8,-8,NO
IT Infrastructure,haskell,0,8,-8,NO
IT Infrastructure,strong leader,0,8,-8,NO
IT Infrastructure,vista,0,8,-8,NO
IT Infrastructure,fortran,0,8,-8,NO
IT Infrastructure,latex,0,8,-8,NO
IT Infrastructure,adaptability,0,8,-8,NO
IT Infrastructure,public speaking,0,8,-8,NO
IT Infrastructure,dispatching,0,8,-8,NO
IT Infrastructure,unit testing,0,8,-8,NO
IT Infrastructure,strategic plans,0,8,-8,NO
IT Infrastructure,internet research,0,8,-8,NO
IT Infrastructure,organization,0,8,-8,NO
IT Infrastructure,languages,0,8,-8,NO
IT Infrastructure,graphical user interface,0,8,-8,NO
IT Infrastructure,tensorflowjs,0,8,-8,NO
IT Infrastructure,branding,0,8,-8,NO
IT Infrastructure,technical writing,0,8,-8,NO
IT Infrastructure,object oriented programming,0,8,-8,NO
IT Infrastructure,reinforcement learning,0,8,-8,NO
IT Infrastructure,conversion,0,8,-8,NO
IT Infrastructure,outside sales,0,8,-8,NO
IT Infrastructure,graphql,0,8,-8,NO
IT Infrastructure,increase,0,8,-8,NO
IT Infrastructure,promotion,0,8,-8,NO
IT Infrastructure,solutions,0,8,-8,NO
IT Infrastructure,system analysis,0,8,-8,NO
IT Infrastructure,firewall,0,8,-8,NO
IT Infrastructure,quick learner,0,8,-8,NO
IT Infrastructure,rfp,0,8,-8,NO
IT Infrastructure,next,0,8,-8,NO
IT Infrastructure,design process,0,8,-8,NO
IT Infrastructure,xgboost,0,8,-8,NO
IT Infrastructure,nec,0,8,-8,NO
IT Infrastructure,operational analysis,0,8,-8,NO
IT Infrastructure,manufacturing process controls,0,8,-8,NO
IT Infrastructure,strategic thinker,0,8,-8,NO
IT Infrastructure,analytical,0,8,-8,NO
IT Infrastructure,customer care,0,8,-8,NO
IT Infrastructure,multivariate analysis,0,8,-8,NO
IT Infrastructure,bash,0,8,-8,NO
IT Infrastructure,experimentation,0,8,-8,NO
IT Infrastructure,market research,0,8,-8,NO
IT Infrastructure,travel arrangements,0,8,-8,NO
IT Infrastructure,invoice,0,8,-8,NO
IT Infrastructure,client engagement,0,8,-8,NO
IT Infrastructure,statistical modelling,0,8,-8,NO
IT Infrastructure,portfolio management,0,8,-8,NO
IT Infrastructure,cash receipts,0,8,-8,NO
IT Infrastructure,digital logic,0,8,-8,NO
IT Infrastructure,data wrangling,0,8,-8,NO
IT Infrastructure,mechanical engineering,0,8,-8,NO
IT Infrastructure,cash,0,8,-8,NO
IT Infrastructure,mathcad,0,8,-8,NO
IT Infrastructure,robotic systems,0,8,-8,NO
IT Infrastructure,pytesseract,0,8,-8,NO
IT Infrastructure,requirements gathering,0,8,-8,NO
IT Infrastructure,staff development,0,8,-8,NO
IT Infrastructure,manufacturing processes,0,8,-8,NO
IT Infrastructure,general accounting,0,8,-8,NO
IT Infrastructure,equipment maintenance,0,8,-8,NO
IT Infrastructure,big data analytics,0,8,-8,NO
IT Infrastructure,research analysis,0,8,-8,NO
IT Infrastructure,kronos,0,8,-8,NO
IT Infrastructure,cashier,0,8,-8,NO
IT Infrastructure,hardware design,0,8,-8,NO
IT Infrastructure,variance analysis,0,8,-8,NO
IT Infrastructure,automation design,0,8,-8,NO
IT Infrastructure,systems engineering,0,8,-8,NO
IT Infrastructure,ordering,0,8,-8,NO
IT Infrastructure,real time,0,8,-8,NO
IT Infrastructure,as400,0,8,-8,NO
IT Infrastructure,manual testing,0,8,-8,NO
IT Infrastructure,mac,0,8,-8,NO
IT Infrastructure,budget development,0,8,-8,NO
IT Infrastructure,council,0,8,-8,NO
IT Infrastructure,sarbanes-oxley,0,8,-8,NO
IT Infrastructure,interpersonal,0,8,-8,NO
IT Infrastructure,drivers,0,8,-8,NO
IT Infrastructure,personnel management,0,8,-8,NO
IT Infrastructure,scanners,0,8,-8,NO
IT Infrastructure,decision-making,0,8,-8,NO
IT Infrastructure,random forest,0,8,-8,NO
IT Infrastructure,ifrs,0,8,-8,NO
IT Infrastructure,written communication,0,8,-8,NO
IT Infrastructure,timberline,0,8,-8,NO
IT Infrastructure,bookkeeper,0,8,-8,NO
IT Infrastructure,customer analytics,0,8,-8,NO
IT Infrastructure,website,0,8,-8,NO
IT Infrastructure,decision tree,0,8,-8,NO
IT Infrastructure,python programming,0,8,-8,NO
IT Infrastructure,market trends,0,8,-8,NO
IT Infrastructure,its,0,8,-8,NO
IT Infrastructure,debugging,0,8,-8,NO
IT Infrastructure,ui design,0,8,-8,NO
IT Infrastructure,maintain inventory,0,8,-8,NO
IT Infrastructure,human resource,0,8,-8,NO
IT Infrastructure,consultant,0,8,-8,NO
IT Infrastructure,analytical skills,0,8,-8,NO
IT Infrastructure,ms visual studio,0,8,-8,NO
IT Infrastructure,sql (postgresql,0,8,-8,NO
IT Infrastructure,training programs,0,8,-8,NO
IT Infrastructure,risk assessment,0,8,-8,NO
IT Infrastructure,html5,0,8,-8,NO
IT Infrastructure,design and construction,0,8,-8,NO
IT Infrastructure,quickbooks pro,0,8,-8,NO
IT Infrastructure,material science,0,8,-8,NO
IT Infrastructure,business writing,0,8,-8,NO
IT Infrastructure,test plan,0,8,-8,NO
IT Infrastructure,windows 7,0,8,-8,NO
IT Infrastructure,home health,0,8,-8,NO
IT Infrastructure,ims,0,8,-8,NO
IT Infrastructure,tango,0,8,-8,NO
IT Infrastructure,anova,0,8,-8,NO
IT Infrastructure,storage area network,0,8,-8,NO
IT Infrastructure,transmission,0,8,-8,NO
IT Infrastructure,advanced bookkeeping skills,0,8,-8,NO
IT Infrastructure,ieee,0,8,-8,NO
IT Infrastructure,lighting,0,8,-8,NO
IT Infrastructure,esd,0,8,-8,NO
IT Infrastructure,vba,0,8,-8,NO
IT Infrastructure,communicator,0,8,-8,NO
IT Infrastructure,superior attention to detail,0,8,-8,NO
IT Infrastructure,quick,0,8,-8,NO
IT Infrastructure,financial accounting,0,8,-8,NO
IT Infrastructure,microsoft,0,8,-8,NO
IT Infrastructure,hand tools,0,8,-8,NO
IT Infrastructure,ruby,0,8,-8,NO
IT Infrastructure,plc programming,0,8,-8,NO
IT Infrastructure,scala,0,8,-8,NO
IT Infrastructure,springboot,0,8,-8,NO
IT Infrastructure,quantitative analysis,0,8,-8,NO
IT Infrastructure,business solutions,0,8,-8,NO
IT Infrastructure,front office,0,8,-8,NO
IT Infrastructure,business administration,0,8,-8,NO
IT Infrastructure,human resources,0,8,-8,NO
IT Infrastructure,food safety,0,8,-8,NO
IT Infrastructure,html/css,0,8,-8,NO
IT Infrastructure,kanban,0,8,-8,NO
IT Infrastructure,ip,0,8,-8,NO
IT Infrastructure,integrator,0,8,-8,NO
IT Infrastructure,data integration,0,8,-8,NO
IT Infrastructure,eda,0,8,-8,NO
IT Infrastructure,web design 1,0,8,-8,NO
IT Infrastructure,oral,0,8,-8,NO
IT Infrastructure,network protocols,0,8,-8,NO
IT Infrastructure,mas90,0,8,-8,NO
IT Infrastructure,ms project,0,8,-8,NO
IT Infrastructure,mis,0,8,-8,NO
IT Infrastructure,calculator,0,8,-8,NO
IT Infrastructure,c/c++,0,8,-8,NO
IT Infrastructure,strong interpersonal skills,0,8,-8,NO
IT Infrastructure,workshops,0,8,-8,NO
IT Infrastructure,marketing plan,0,8,-8,NO
IT Infrastructure,svm,0,8,-8,NO
IT Infrastructure,scripts,0,8,-8,NO
IT Infrastructure,signal generators,0,8,-8,NO
IT Infrastructure,github,0,8,-8,NO
IT Infrastructure,application support,0,8,-8,NO
IT Infrastructure,pycharm,0,8,-8,NO
IT Infrastructure,software training,0,8,-8,NO
IT Infrastructure,blueprints,0,8,-8,NO
IT Infrastructure,integration,0,8,-8,NO
IT Infrastructure,consultation,0,8,-8,NO
IT Infrastructure,annual reports,0,8,-8,NO
IT Infrastructure,fashion,0,8,-8,NO
IT Infrastructure,cash management,0,8,-8,NO
IT Infrastructure,equity,0,8,-8,NO
IT Infrastructure,gps,0,8,-8,NO
IT Infrastructure,netscape,0,8,-8,NO
IT Infrastructure,hyperion,0,8,-8,NO
IT Infrastructure,team work,0,8,-8,NO
IT Infrastructure,kaizen,0,8,-8,NO
IT Infrastructure,bluebeam,0,8,-8,NO
IT Infrastructure,investments,0,8,-8,NO
IT Infrastructure,outlook),0,8,-8,NO
IT Infrastructure,data acquisition,0,8,-8,NO
IT Infrastructure,financial operations,0,8,-8,NO
IT Infrastructure,supply chain management,0,8,-8,NO
IT Infrastructure,proactive,0,8,-8,NO
IT Infrastructure,computer systems,0,8,-8,NO
IT Infrastructure,windows 2000,0,8,-8,NO
IT Infrastructure,visual basics,0,8,-8,NO
IT Infrastructure,technical plan execution aptitude,0,8,-8,NO
IT Infrastructure,a/p,0,8,-8,NO
IT Infrastructure,cash flow analysis,0,8,-8,NO
IT Infrastructure,verbal communication skills,0,8,-8,NO
IT Infrastructure,budget forecasting expertise,0,8,-8,NO
IT Infrastructure,asset management,0,8,-8,NO
IT Infrastructure,driving,0,12,-12,NO
IT Infrastructure,cost reduction,0,12,-12,NO
IT Infrastructure,data processing,0,12,-12,NO
IT Infrastructure,image,0,12,-12,NO
IT Infrastructure,accounting operations professional,0,12,-12,NO
IT Infrastructure,accounts payables,0,12,-12,NO
IT Infrastructure,customer relations,0,12,-12,NO
IT Infrastructure,type,0,12,-12,NO
IT Infrastructure,month-end closing,0,12,-12,NO
IT Infrastructure,scheme,0,12,-12,NO
IT Infrastructure,vhf,0,12,-12,NO
IT Infrastructure,relationship management,0,12,-12,NO
IT Infrastructure,experiments,0,12,-12,NO
IT Infrastructure,accounting software,0,12,-12,NO
IT Infrastructure,gis,0,12,-12,NO
IT Infrastructure,windows xp,0,12,-12,NO
IT Infrastructure,microstation,0,12,-12,NO
IT Infrastructure,interpersonal skills,0,12,-12,NO
IT Infrastructure,manufacturing process,0,12,-12,NO
IT Infrastructure,c programming,0,12,-12,NO
IT Infrastructure,jenkins,0,12,-12,NO
IT Infrastructure,asp.net,0,12,-12,NO
IT Infrastructure,db2,0,12,-12,NO
IT Infrastructure,training materials,0,12,-12,NO
IT Infrastructure,grants,0,12,-12,NO
IT Infrastructure,project,0,12,-12,NO
IT Infrastructure,power supplies,0,12,-12,NO
IT Infrastructure,testing,0,12,-12,NO
IT Infrastructure,catia,0,12,-12,NO
IT Infrastructure,ann,0,12,-12,NO
IT Infrastructure,wireshark,0,12,-12,NO
IT Infrastructure,inventor,0,12,-12,NO
IT Infrastructure,charts,0,12,-12,NO
IT Infrastructure,heuristics,0,12,-12,NO
IT Infrastructure,flexible team player,0,12,-12,NO
IT Infrastructure,solid works,0,12,-12,NO
IT Infrastructure,teamviewer,0,12,-12,NO
IT Infrastructure,graphic,0,12,-12,NO
IT Infrastructure,multimeters,0,12,-12,NO
IT Infrastructure,qa,0,12,-12,NO
IT Infrastructure,r programming,0,12,-12,NO
IT Infrastructure,carpentry,0,12,-12,NO
IT Infrastructure,speaking,0,12,-12,NO
IT Infrastructure,negotiations,0,12,-12,NO
IT Infrastructure,pick,0,12,-12,NO
IT Infrastructure,cobol,0,12,-12,NO
IT Infrastructure,window,0,12,-12,NO
IT Infrastructure,balance sheets,0,12,-12,NO
IT Infrastructure,analyst,0,12,-12,NO
IT Infrastructure,android,0,12,-12,NO
IT Infrastructure,risk analysis,0,12,-12,NO
IT Infrastructure,self-motivated,0,12,-12,NO
IT Infrastructure,vb.net,0,12,-12,NO
IT Infrastructure,organizing,0,12,-12,NO
IT Infrastructure,sop,0,12,-12,NO
IT Infrastructure,postman,0,12,-12,NO
IT Infrastructure,mailing,0,12,-12,NO
IT Infrastructure,process engineering,0,12,-12,NO
IT Infrastructure,agile methodology,0,12,-12,NO
IT Infrastructure,conferences,0,12,-12,NO
IT Infrastructure,data scientist,0,12,-12,NO
IT Infrastructure,pivot tables,0,12,-12,NO
IT Infrastructure,expense reports,0,12,-12,NO
IT Infrastructure,adobe acrobat,0,12,-12,NO
IT Infrastructure,fundraising,0,12,-12,NO
IT Infrastructure,edge,0,12,-12,NO
IT Infrastructure,lotus notes,0,12,-12,NO
IT Infrastructure,performance reviews,0,12,-12,NO
IT Infrastructure,natural,0,12,-12,NO
IT Infrastructure,lstm,0,12,-12,NO
IT Infrastructure,visual studio code,0,12,-12,NO
IT Infrastructure,conversational ai,0,12,-12,NO
IT Infrastructure,business management,0,12,-12,NO
IT Infrastructure,communication skills,0,12,-12,NO
IT Infrastructure,decision trees,0,12,-12,NO
IT Infrastructure,law,0,12,-12,NO
IT Infrastructure,vhdl,0,12,-12,NO
IT Infrastructure,python (django),0,12,-12,NO
IT Infrastructure,upgrades,0,12,-12,NO
IT Infrastructure,supply chain,0,12,-12,NO
IT Infrastructure,learning algorithm,0,12,-12,NO
IT Infrastructure,typing,0,12,-12,NO
IT Infrastructure,nodejs,0,12,-12,NO
IT Infrastructure,surveys,0,12,-12,NO
IT Infrastructure,siemens,0,12,-12,NO
IT Infrastructure,websites,0,12,-12,NO
IT Infrastructure,team building,0,12,-12,NO
IT Infrastructure,tcp/ip,0,12,-12,NO
IT Infrastructure,self-starter,0,12,-12,NO
IT Infrastructure,eclipse,0,12,-12,NO
IT Infrastructure,modems,0,12,-12,NO
IT Infrastructure,data management,0,12,-12,NO
IT Infrastructure,cloud,0,12,-12,NO
IT Infrastructure,monitors,0,12,-12,NO
IT Infrastructure,technical documentation,0,12,-12,NO
IT Infrastructure,azure,0,12,-12,NO
IT Infrastructure,failure analysis,0,12,-12,NO
IT Infrastructure,uhf,0,12,-12,NO
IT Infrastructure,fast,0,12,-12,NO
IT Infrastructure,system integration,0,12,-12,NO
IT Infrastructure,technician,0,12,-12,NO
IT Infrastructure,problem solving skills,0,12,-12,NO
IT Infrastructure,leadership development,0,12,-12,NO
IT Infrastructure,customer support,0,12,-12,NO
IT Infrastructure,telecommunications,0,12,-12,NO
IT Infrastructure,adp,0,12,-12,NO
IT Infrastructure,preparation of financial statements,0,12,-12,NO
IT Infrastructure,data extraction,0,12,-12,NO
IT Infrastructure,streamline,0,12,-12,NO
IT Infrastructure,java script,0,12,-12,NO
IT Infrastructure,supervisory,0,12,-12,NO
IT Infrastructure,configuring,0,12,-12,NO
IT Infrastructure,requirement,0,12,-12,NO
IT Infrastructure,ms visio,0,12,-12,NO
IT Infrastructure,atm,0,12,-12,NO
IT Infrastructure,job costing,0,12,-12,NO
IT Infrastructure,microsoft applications,0,12,-12,NO
IT Infrastructure,adobe photoshop,0,12,-12,NO
IT Infrastructure,audit,0,12,-12,NO
IT Infrastructure,technical architecture,0,12,-12,NO
IT Infrastructure,intel,0,12,-12,NO
IT Infrastructure,win,0,12,-12,NO
IT Infrastructure,strong organizational skills,0,12,-12,NO
IT Infrastructure,agile,0,12,-12,NO
IT Infrastructure,iso,0,12,-12,NO
IT Infrastructure,flutter,0,12,-12,NO
IT Infrastructure,kafka,0,12,-12,NO
IT Infrastructure,dynamic html5,0,12,-12,NO
IT Infrastructure,invoice coding familiarity,0,12,-12,NO
IT Infrastructure,painting,0,12,-12,NO
IT Infrastructure,instruction,0,12,-12,NO
IT Infrastructure,software testing,0,12,-12,NO
IT Infrastructure,imaging,0,12,-12,NO
IT Infrastructure,marketing strategies,0,12,-12,NO
IT Infrastructure,radar,0,12,-12,NO
IT Infrastructure,cnc,0,12,-12,NO
IT Infrastructure,producing,0,12,-12,NO
IT Infrastructure,rest,0,12,-12,NO
IT Infrastructure,trial balance,0,12,-12,NO
IT Infrastructure,doors,0,12,-12,NO
IT Infrastructure,kubernetes,0,12,-12,NO
IT Infrastructure,oil,0,12,-12,NO
IT Infrastructure,macros,0,12,-12,NO
IT Infrastructure,bridges,0,12,-12,NO
IT Infrastructure,general ledger accounting,0,12,-12,NO
IT Infrastructure,pspice,0,12,-12,NO
IT Infrastructure,logic,0,12,-12,NO
IT Infrastructure,ms office suite,0,15,-15,NO
IT Infrastructure,bi,0,16,-16,NO
IT Infrastructure,supervising,0,16,-16,NO
IT Infrastructure,visual c++,0,16,-16,NO
IT Infrastructure,features,0,16,-16,NO
IT Infrastructure,plumbing,0,16,-16,NO
IT Infrastructure,invoicing,0,16,-16,NO
IT Infrastructure,analytical reasoning,0,16,-16,NO
IT Infrastructure,adobe,0,16,-16,NO
IT Infrastructure,electrical engineering,0,16,-16,NO
IT Infrastructure,microsoft windows,0,16,-16,NO
IT Infrastructure,tables,0,16,-16,NO
IT Infrastructure,voip,0,16,-16,NO
IT Infrastructure,javascript (angular),0,16,-16,NO
IT Infrastructure,atl,0,16,-16,NO
IT Infrastructure,data cleaning,0,16,-16,NO
IT Infrastructure,reading,0,16,-16,NO
IT Infrastructure,public relations,0,16,-16,NO
IT Infrastructure,bert,0,16,-16,NO
IT Infrastructure,organizational,0,16,-16,NO
IT Infrastructure,results-oriented,0,16,-16,NO
IT Infrastructure,erp,0,16,-16,NO
IT Infrastructure,express,0,16,-16,NO
IT Infrastructure,scanning,0,16,-16,NO
IT Infrastructure,team leadership,0,16,-16,NO
IT Infrastructure,power distribution,0,16,-16,NO
IT Infrastructure,operating systems,0,16,-16,NO
IT Infrastructure,wiring,0,16,-16,NO
IT Infrastructure,cost analysis,0,16,-16,NO
IT Infrastructure,mb,0,16,-16,NO
IT Infrastructure,threads,0,16,-16,NO
IT Infrastructure,communication,0,16,-16,NO
IT Infrastructure,ad,0,16,-16,NO
IT Infrastructure,explorer,0,16,-16,NO
IT Infrastructure,repairing,0,16,-16,NO
IT Infrastructure,protocols,0,16,-16,NO
IT Infrastructure,operations,0,16,-16,NO
IT Infrastructure,databases,0,16,-16,NO
IT Infrastructure,machine learning engineer,0,16,-16,NO
IT Infrastructure,advanced excel,0,16,-16,NO
IT Infrastructure,dbms,0,16,-16,NO
IT Infrastructure,os,0,16,-16,NO
IT Infrastructure,publisher,0,16,-16,NO
IT Infrastructure,leadership skills,0,16,-16,NO
IT Infrastructure,dns,0,16,-16,NO
IT Infrastructure,nas,0,16,-16,NO
IT Infrastructure,rnn,0,16,-16,NO
IT Infrastructure,apple,0,16,-16,NO
IT Infrastructure,proxy,0,16,-16,NO
IT Infrastructure,embedded systems,0,16,-16,NO
IT Infrastructure,project plans,0,16,-16,NO
IT Infrastructure,nltk,0,16,-16,NO
IT Infrastructure,change management,0,16,-16,NO
IT Infrastructure,upgrade,0,16,-16,NO
IT Infrastructure,fast learner,0,16,-16,NO
IT Infrastructure,new product development,0,16,-16,NO
IT Infrastructure,accounting systems,0,16,-16,NO
IT Infrastructure,supervisor,0,16,-16,NO
IT Infrastructure,ms access,0,16,-16,NO
IT Infrastructure,hiring,0,16,-16,NO
IT Infrastructure,billings,0,16,-16,NO
IT Infrastructure,e-mail,0,16,-16,NO
IT Infrastructure,process control,0,16,-16,NO
IT Infrastructure,writer,0,16,-16,NO
IT Infrastructure,navy,0,16,-16,NO
IT Infrastructure,spanish,0,16,-16,NO
IT Infrastructure,researching,0,16,-16,NO
IT Infrastructure,welding,0,16,-16,NO
IT Infrastructure,data warehousing,0,16,-16,NO
IT Infrastructure,ap,0,16,-16,NO
IT Infrastructure,mathematics,0,16,-16,NO
IT Infrastructure,selling,0,16,-16,NO
IT Infrastructure,recording,0,16,-16,NO
IT Infrastructure,effective time management,0,16,-16,NO
IT Infrastructure,statistical process control,0,16,-16,NO
IT Infrastructure,encryption,0,16,-16,NO
IT Infrastructure,sql server,0,16,-16,NO
IT Infrastructure,rdbms,0,16,-16,NO
IT Infrastructure,client management,0,16,-16,NO
IT Infrastructure,packaging,0,16,-16,NO
IT Infrastructure,jd edwards,0,16,-16,NO
IT Infrastructure,estimating,0,16,-16,NO
IT Infrastructure,soldering,0,16,-16,NO
IT Infrastructure,innovation,0,16,-16,NO
IT Infrastructure,self motivated,0,16,-16,NO
IT Infrastructure,switches,0,16,-16,NO
IT Infrastructure,firebase,0,16,-16,NO
IT Infrastructure,data validation,0,16,-16,NO
IT Infrastructure,dhcp,0,16,-16,NO
IT Infrastructure,view,0,16,-16,NO
IT Infrastructure,great plains,0,16,-16,NO
IT Infrastructure,academic,0,16,-16,NO
IT Infrastructure,inventory management,0,16,-16,NO
IT Infrastructure,printers,0,16,-16,NO
IT Infrastructure,oscilloscopes,0,16,-16,NO
IT Infrastructure,root cause analysis,0,16,-16,NO
IT Infrastructure,microsoft azure,0,16,-16,NO
IT Infrastructure,microsoft visio,0,16,-16,NO
IT Infrastructure,application development,0,16,-16,NO
IT Infrastructure,developer,0,16,-16,NO
IT Infrastructure,rendering,0,16,-16,NO
IT Infrastructure,mfc,0,16,-16,NO
IT Infrastructure,quicken,0,16,-16,NO
IT Infrastructure,directing,0,16,-16,NO
IT Infrastructure,organizational skills,0,16,-16,NO
IT Infrastructure,data manipulation,0,16,-16,NO
IT Infrastructure,ids,0,16,-16,NO
IT Infrastructure,transformers,0,16,-16,NO
IT Infrastructure,radio,0,16,-16,NO
IT Infrastructure,new business development,0,19,-19,NO
IT Infrastructure,director,0,20,-20,NO
IT Infrastructure,peoplesoft,0,20,-20,NO
IT Infrastructure,hp,0,20,-20,NO
IT Infrastructure,visual studio,0,20,-20,NO
IT Infrastructure,video editing,0,20,-20,NO
IT Infrastructure,visio,0,20,-20,NO
IT Infrastructure,cpa,0,20,-20,NO
IT Infrastructure,ansys,0,20,-20,NO
IT Infrastructure,audio,0,20,-20,NO
IT Infrastructure,ms word,0,20,-20,NO
IT Infrastructure,microsoft outlook,0,20,-20,NO
IT Infrastructure,mentor,0,20,-20,NO
IT Infrastructure,general ledger accounts,0,20,-20,NO
IT Infrastructure,teaching,0,20,-20,NO
IT Infrastructure,seaborn,0,20,-20,NO
IT Infrastructure,text analysis,0,20,-20,NO
IT Infrastructure,strong communication skills,0,20,-20,NO
IT Infrastructure,hadoop,0,20,-20,NO
IT Infrastructure,nosql,0,20,-20,NO
IT Infrastructure,spss,0,20,-20,NO
IT Infrastructure,jira,0,20,-20,NO
IT Infrastructure,enterprise,0,20,-20,NO
IT Infrastructure,pattern recognition,0,20,-20,NO
IT Infrastructure,tax returns,0,20,-20,NO
IT Infrastructure,internet explorer,0,20,-20,NO
IT Infrastructure,strategic,0,20,-20,NO
IT Infrastructure,modeling,0,20,-20,NO
IT Infrastructure,data collection,0,20,-20,NO
IT Infrastructure,bank reconciliation,0,20,-20,NO
IT Infrastructure,focus,0,20,-20,NO
IT Infrastructure,risk management,0,20,-20,NO
IT Infrastructure,works,0,20,-20,NO
IT Infrastructure,data modelling,0,20,-20,NO
IT Infrastructure,physics,0,20,-20,NO
IT Infrastructure,layout,0,20,-20,NO
IT Infrastructure,text analytics,0,20,-20,NO
IT Infrastructure,product development,0,20,-20,NO
IT Infrastructure,software engineer,0,20,-20,NO
IT Infrastructure,laser,0,20,-20,NO
IT Infrastructure,mentoring,0,20,-20,NO
IT Infrastructure,transportation,0,20,-20,NO
IT Infrastructure,hvac,0,20,-20,NO
IT Infrastructure,spark,0,20,-20,NO
IT Infrastructure,accounting system,0,20,-20,NO
IT Infrastructure,complex problem solving,0,20,-20,NO
IT Infrastructure,regression analysis,0,20,-20,NO
IT Infrastructure,taxes,0,20,-20,NO
IT Infrastructure,accounts receivables,0,20,-20,NO
IT Infrastructure,approach,0,20,-20,NO
IT Infrastructure,continuous improvement,0,20,-20,NO
IT Infrastructure,messaging,0,20,-20,NO
IT Infrastructure,oop,0,20,-20,NO
IT Infrastructure,http,0,20,-20,NO
IT Infrastructure,ms excel,0,20,-20,NO
IT Infrastructure,customer relationship management,0,20,-20,NO
IT Infrastructure,text mining,0,20,-20,NO
IT Infrastructure,power point,0,20,-20,NO
IT Infrastructure,instructor,0,20,-20,NO
IT Infrastructure,ftp,0,20,-20,NO
IT Infrastructure,maintenance,0,20,-20,NO
IT Infrastructure,troubleshoot,0,20,-20,NO
IT Infrastructure,coding,0,20,-20,NO
IT Infrastructure,scikit-learn,0,20,-20,NO
IT Infrastructure,cad,0,20,-20,NO
IT Infrastructure,account reconciliation,0,20,-20,NO
IT Infrastructure,customer satisfaction,0,20,-20,NO
IT Infrastructure,financials,0,20,-20,NO
IT Infrastructure,administrative,0,20,-20,NO
IT Infrastructure,retail,0,20,-20,NO
IT Infrastructure,direction,0,20,-20,NO
IT Infrastructure,schematics,0,20,-20,NO
IT Infrastructure,test equipment,0,20,-20,NO
IT Infrastructure,ar,0,20,-20,NO
IT Infrastructure,controller,0,20,-20,NO
IT Infrastructure,business analyst,0,20,-20,NO
IT Infrastructure,information technology,0,20,-20,NO
IT Infrastructure,electrical systems,0,20,-20,NO
IT Infrastructure,cli,0,20,-20,NO
IT Infrastructure,plc,0,20,-20,NO
IT Infrastructure,migration,0,20,-20,NO
IT Infrastructure,routers,0,20,-20,NO
IT Infrastructure,electronics,0,20,-20,NO
IT Infrastructure,hr,0,20,-20,NO
IT Infrastructure,payables,0,20,-20,NO
IT Infrastructure,spreadsheet,0,20,-20,NO
IT Infrastructure,specification,0,20,-20,NO
IT Infrastructure,team lead,0,20,-20,NO
IT Infrastructure,accruals,0,20,-20,NO
IT Infrastructure,read,0,20,-20,NO
IT Infrastructure,record keeping,0,20,-20,NO
IT Infrastructure,balance,0,24,-24,NO
IT Infrastructure,microsoft powerpoint,0,24,-24,NO
IT Infrastructure,workflow,0,24,-24,NO
IT Infrastructure,advertising,0,24,-24,NO
IT Infrastructure,account reconciliation expert,0,24,-24,NO
IT Infrastructure,assembly,0,24,-24,NO
IT Infrastructure,servers,0,24,-24,NO
IT Infrastructure,2000,0,24,-24,NO
IT Infrastructure,cash flow,0,24,-24,NO
IT Infrastructure,labview,0,24,-24,NO
IT Infrastructure,team player,0,24,-24,NO
IT Infrastructure,bookkeeping,0,24,-24,NO
IT Infrastructure,spreadsheets,0,24,-24,NO
IT Infrastructure,dc,0,24,-24,NO
IT Infrastructure,gui,0,24,-24,NO
IT Infrastructure,microsoft office suite,0,24,-24,NO
IT Infrastructure,drawing,0,24,-24,NO
IT Infrastructure,clerical,0,24,-24,NO
IT Infrastructure,gl,0,24,-24,NO
IT Infrastructure,problem solving,0,24,-24,NO
IT Infrastructure,program management,0,24,-24,NO
IT Infrastructure,solidworks,0,24,-24,NO
IT Infrastructure,calibration,0,24,-24,NO
IT Infrastructure,crm,0,24,-24,NO
IT Infrastructure,reconciling,0,24,-24,NO
IT Infrastructure,lan,0,24,-24,NO
IT Infrastructure,auditing,0,24,-24,NO
IT Infrastructure,broadcast,0,24,-24,NO
IT Infrastructure,backup,0,24,-24,NO
IT Infrastructure,business objects,0,24,-24,NO
IT Infrastructure,sage,0,24,-24,NO
IT Infrastructure,utilities,0,24,-24,NO
IT Infrastructure,coaching,0,24,-24,NO
IT Infrastructure,minitab,0,24,-24,NO
IT Infrastructure,pricing,0,24,-24,NO
IT Infrastructure,book,0,24,-24,NO
IT Infrastructure,big data,0,24,-24,NO
IT Infrastructure,simulation,0,24,-24,NO
IT Infrastructure,hive,0,24,-24,NO
IT Infrastructure,json,0,24,-24,NO
IT Infrastructure,benefits,0,24,-24,NO
IT Infrastructure,sas,0,24,-24,NO
IT Infrastructure,administrative support,0,24,-24,NO
IT Infrastructure,editing,0,24,-24,NO
IT Infrastructure,docker,0,24,-24,NO
IT Infrastructure,detail-oriented,0,24,-24,NO
IT Infrastructure,page,0,24,-24,NO
IT Infrastructure,team management,0,24,-24,NO
IT Infrastructure,agency,0,24,-24,NO
IT Infrastructure,networks,0,24,-24,NO
IT Infrastructure,operations management,0,24,-24,NO
IT Infrastructure,government,0,24,-24,NO
IT Infrastructure,receiving,0,24,-24,NO
IT Infrastructure,account management,0,24,-24,NO
IT Infrastructure,content,0,24,-24,NO
IT Infrastructure,critical thinking,0,28,-28,NO
IT Infrastructure,ca,0,28,-28,NO
IT Infrastructure,training,0,28,-28,NO
IT Infrastructure,postgresql,0,28,-28,NO
IT Infrastructure,requirement gathering,0,28,-28,NO
IT Infrastructure,software developer,0,28,-28,NO
IT Infrastructure,unix,0,28,-28,NO
IT Infrastructure,san,0,28,-28,NO
IT Infrastructure,php,0,28,-28,NO
IT Infrastructure,strategic planning,0,28,-28,NO
IT Infrastructure,predictive analytics,0,28,-28,NO
IT Infrastructure,concept,0,28,-28,NO
IT Infrastructure,optimization,0,28,-28,NO
IT Infrastructure,account reconciliations,0,28,-28,NO
IT Infrastructure,statistical modeling,0,28,-28,NO
IT Infrastructure,mail,0,28,-28,NO
IT Infrastructure,staffing,0,28,-28,NO
IT Infrastructure,lean manufacturing,0,28,-28,NO
IT Infrastructure,microsoft project,0,28,-28,NO
IT Infrastructure,drafting,0,28,-28,NO
IT Infrastructure,clustering,0,28,-28,NO
IT Infrastructure,real estate,0,28,-28,NO
IT Infrastructure,legal,0,28,-28,NO
IT Infrastructure,time series analysis,0,28,-28,NO
IT Infrastructure,strategy,0,28,-28,NO
IT Infrastructure,ledger,0,32,-32,NO
IT Infrastructure,scrum,0,32,-32,NO
IT Infrastructure,bank reconciliations,0,32,-32,NO
IT Infrastructure,xml,0,32,-32,NO
IT Infrastructure,financial analysis,0,32,-32,NO
IT Infrastructure,data entry,0,32,-32,NO
IT Infrastructure,flask,0,32,-32,NO
IT Infrastructure,english,0,32,-32,NO
IT Infrastructure,financial reporting,0,32,-32,NO
IT Infrastructure,telephone,0,32,-32,NO
IT Infrastructure,statistics,0,32,-32,NO
IT Infrastructure,basic,0,32,-32,NO
IT Infrastructure,six sigma,0,32,-32,NO
IT Infrastructure,django,0,32,-32,NO
IT Infrastructure,funds,0,32,-32,NO
IT Infrastructure,visual basic,0,32,-32,NO
IT Infrastructure,senior management,0,32,-32,NO
IT Infrastructure,api,0,32,-32,NO
IT Infrastructure,sharepoint,0,32,-32,NO
IT Infrastructure,presentations,0,32,-32,NO
IT Infrastructure,com,0,32,-32,NO
IT Infrastructure,opencv,0,32,-32,NO
IT Infrastructure,image processing,0,32,-32,NO
IT Infrastructure,power bi,0,32,-32,NO
IT Infrastructure,email,0,32,-32,NO
IT Infrastructure,accountant,0,32,-32,NO
IT Infrastructure,inventory control,0,32,-32,NO
IT Infrastructure,written,0,32,-32,NO
IT Infrastructure,video,0,36,-36,NO
IT Infrastructure,microsoft access,0,36,-36,NO
IT Infrastructure,machinery,0,36,-36,NO
IT Infrastructure,accounts receivable,0,36,-36,NO
IT Infrastructure,shipping,0,36,-36,NO
IT Infrastructure,validation,0,36,-36,NO
IT Infrastructure,designing,0,36,-36,NO
IT Infrastructure,quality control,0,36,-36,NO
IT Infrastructure,peachtree,0,36,-36,NO
IT Infrastructure,filing,0,36,-36,NO
IT Infrastructure,business development,0,36,-36,NO
IT Infrastructure,programming,0,36,-36,NO
IT Infrastructure,nlp,0,36,-36,NO
IT Infrastructure,algorithms,0,36,-36,NO
IT Infrastructure,software engineering,0,36,-36,NO
IT Infrastructure,procurement,0,36,-36,NO
IT Infrastructure,year-end,0,36,-36,NO
IT Infrastructure,logistics,0,40,-40,NO
IT Infrastructure,banking,0,40,-40,NO
IT Infrastructure,time management,0,40,-40,NO
IT Infrastructure,phone,0,40,-40,NO
IT Infrastructure,financial reports,0,40,-40,NO
IT Infrastructure,automation,0,40,-40,NO
IT Infrastructure,engineer,0,40,-40,NO
IT Infrastructure,repairs,0,40,-40,NO
IT Infrastructure,consulting,0,40,-40,NO
IT Infrastructure,process improvement,0,44,-44,NO
IT Infrastructure,forecasting,0,44,-44,NO
IT Infrastructure,technical support,0,44,-44,NO
IT Infrastructure,purchasing,0,44,-44,NO
IT Infrastructure,logistic regression,0,44,-44,NO
IT Infrastructure,market,0,44,-44,NO
IT Infrastructure,network,0,44,-44,NO
IT Infrastructure,tax,0,44,-44,NO
IT Infrastructure,oracle,0,44,-44,NO
IT Infrastructure,data modeling,0,44,-44,NO
IT Infrastructure,networking,0,44,-44,NO
IT Infrastructure,mechanical,0,44,-44,NO
IT Infrastructure,meetings,0,48,-48,NO
IT Infrastructure,pytorch,0,48,-48,NO
IT Infrastructure,predictive modeling,0,48,-48,NO
IT Infrastructure,microsoft word,0,48,-48,NO
IT Infrastructure,supervision,0,48,-48,NO
IT Infrastructure,business intelligence,0,48,-48,NO
IT Infrastructure,scikit learn,0,48,-48,NO
IT Infrastructure,neural networks,0,48,-48,NO
IT Infrastructure,aws,0,48,-48,NO
IT Infrastructure,c#,0,52,-52,NO
IT Infrastructure,microsoft excel,0,52,-52,NO
IT Infrastructure,powerbi,0,52,-52,NO
IT Infrastructure,data structures,0,52,-52,NO
IT Infrastructure,git,0,52,-52,NO
IT Infrastructure,inspection,0,52,-52,NO
IT Infrastructure,proposals,0,52,-52,NO
IT Infrastructure,balance sheet,0,52,-52,NO
IT Infrastructure,business analytics,0,52,-52,NO
IT Infrastructure,delivery,0,52,-52,NO
IT Infrastructure,fixed assets,0,52,-52,NO
IT Infrastructure,pyspark,0,52,-52,NO
IT Infrastructure,functional,0,56,-56,NO
IT Infrastructure,payroll,0,56,-56,NO
IT Infrastructure,quality assurance,0,56,-56,NO
IT Infrastructure,keras,0,56,-56,NO
IT Infrastructure,insurance,0,56,-56,NO
IT Infrastructure,credit,0,56,-56,NO
IT Infrastructure,managing,0,56,-56,NO
IT Infrastructure,css,0,56,-56,NO
IT Infrastructure,budgeting,0,56,-56,NO
IT Infrastructure,statistical analysis,0,56,-56,NO
IT Infrastructure,forms,0,60,-60,NO
IT Infrastructure,accounts payable,0,60,-60,NO
IT Infrastructure,hardware,0,60,-60,NO
IT Infrastructure,closing,0,60,-60,NO
IT Infrastructure,matplotlib,0,60,-60,NO
IT Infrastructure,computer vision,0,64,-64,NO
IT Infrastructure,finance,0,64,-64,NO
IT Infrastructure,budgets,0,64,-64,NO
IT Infrastructure,business analysis,0,64,-64,NO
IT Infrastructure,ms office,0,64,-64,NO
IT Infrastructure,customer service,0,64,-64,NO
IT Infrastructure,general ledger,0,64,-64,NO
IT Infrastructure,marketing,0,68,-68,NO
IT Infrastructure,data analyst,0,68,-68,NO
IT Infrastructure,matlab,0,68,-68,NO
IT Infrastructure,progress,0,68,-68,NO
IT Infrastructure,pandas,0,68,-68,NO
IT Infrastructure,leadership,0,68,-68,NO
IT Infrastructure,linear regression,0,68,-68,NO
IT Infrastructure,database,0,72,-72,NO
IT Infrastructure,personnel,0,72,-72,NO
IT Infrastructure,billing,0,72,-72,NO
IT Infrastructure,javascript,0,72,-72,NO
IT Infrastructure,safety,0,76,-76,NO
IT Infrastructure,scheduling,0,76,-76,NO
IT Infrastructure,autocad,0,76,-76,NO
IT Infrastructure,tensorflow,0,76,-76,NO
IT Infrastructure,software development,0,76,-76,NO
IT Infrastructure,windows,0,76,-76,NO
IT Infrastructure,troubleshooting,0,76,-76,NO
IT Infrastructure,financial statements,0,80,-80,NO
IT Infrastructure,reporting,0,84,-84,NO
IT Infrastructure,materials,0,84,-84,NO
IT Infrastructure,numpy,0,84,-84,NO
IT Infrastructure,html,0,88,-88,NO
IT Infrastructure,office,0,88,-88,NO
IT Infrastructure,r,0,88,-88,NO
IT Infrastructure,data visualization,0,88,-88,NO
IT Infrastructure,mysql,0,92,-92,NO
IT Infrastructure,client,0,92,-92,NO
IT Infrastructure,research,0,92,-92,NO
IT Infrastructure,policies,0,92,-92,NO
IT Infrastructure,quickbooks,0,96,-96,NO
IT Infrastructure,contracts,0,100,-100,NO
IT Infrastructure,word,0,100,-100,NO
IT Infrastructure,financial,0,100,-100,NO
IT Infrastructure,inventory,0,104,-104,NO
IT Infrastructure,budget,0,104,-104,NO
IT Infrastructure,sap,0,104,-104,NO
IT Infrastructure,access,0,104,-104,NO
IT Infrastructure,data analytics,0,104,-104,NO
IT Infrastructure,quality,0,108,-108,NO
IT Infrastructure,clients,0,108,-108,NO
IT Infrastructure,c,0,112,-112,NO
IT Infrastructure,data mining,0,116,-116,NO
IT Infrastructure,processes,0,116,-116,NO
IT Infrastructure,powerpoint,0,116,-116,NO
IT Infrastructure,outlook,0,116,-116,NO
IT Infrastructure,accounting,0,120,-120,NO
IT Infrastructure,tableau,0,120,-120,NO
IT Infrastructure,microsoft office,0,120,-120,NO
IT Infrastructure,project management,0,132,-132,NO
IT Infrastructure,data science,0,132,-132,NO
IT Infrastructure,documentation,0,136,-136,NO
IT Infrastructure,artificial intelligence,0,140,-140,NO
IT Infrastructure,sales,0,152,-152,NO
IT Infrastructure,natural language processing,0,156,-156,NO
IT Infrastructure,c++,0,168,-168,NO
IT Infrastructure,deep learning,0,216,-216,NO
IT Infrastructure,data analysis,0,224,-224,NO
IT Infrastructure,excel,0,236,-236,NO
IT Infrastructure,sql,0,252,-252,NO
IT Infrastructure,machine learning,0,492,-492,NO
IT Infrastructure,python,0,520,-520,NO
Software Engineering,swift ui,338,0,338,YES
Software Engineering,ios application development,338,0,338,YES
Software Engineering,ios app developer,338,0,338,YES
Software Engineering,swift (ios),338,0,338,YES
Software Engineering,ios development,338,0,338,YES
Software Engineering,native ios,338,0,338,YES
Software Engineering,mobile apps developer (ios),338,0,338,YES
Software Engineering,ios,338,1,337,YES
Software Engineering,brand development,0,1,-1,NO
Software Engineering,problem resolution,0,1,-1,NO
Software Engineering,mortgage,0,1,-1,NO
Software Engineering,3d printing,0,1,-1,NO
Software Engineering,pentaho,0,1,-1,NO
Software Engineering,erp (alliance,0,1,-1,NO
Software Engineering,frontend,0,1,-1,NO
Software Engineering,worked with management to document and offset unusual expense variances in their respective areas.,0,1,-1,NO
Software Engineering,wap,0,1,-1,NO
Software Engineering,workforce management systems,0,1,-1,NO
Software Engineering,pos systems: micros,0,1,-1,NO
Software Engineering,host software,0,1,-1,NO
Software Engineering,microsoft windows 10,0,1,-1,NO
Software Engineering,ssis,0,1,-1,NO
Software Engineering,cbmet,0,1,-1,NO
Software Engineering,coordination,0,1,-1,NO
Software Engineering,hardware: dell,0,1,-1,NO
Software Engineering,microsoft (ms) access,0,1,-1,NO
Software Engineering,rfi,0,1,-1,NO
Software Engineering,wan,0,1,-1,NO
Software Engineering,google calendar,0,1,-1,NO
Software Engineering,lock-out/tag-out,0,1,-1,NO
Software Engineering,scorecard,0,1,-1,NO
Software Engineering,patience,0,1,-1,NO
Software Engineering,5s expert,0,1,-1,NO
Software Engineering,excellent problem solver,0,1,-1,NO
Software Engineering,peachtree accounting,0,1,-1,NO
Software Engineering,develop products in consumer electronics,0,1,-1,NO
Software Engineering,troubleshooting and problem solving,0,1,-1,NO
Software Engineering,multidisciplinary exposure,0,1,-1,NO
Software Engineering,tera term,0,1,-1,NO
Software Engineering,customer care and satisfaction,0,1,-1,NO
Software Engineering,flexible,0,1,-1,NO
Software Engineering,individual tax returns,0,1,-1,NO
Software Engineering,motivated,0,1,-1,NO
Software Engineering,vehicle ergonomics,0,1,-1,NO
Software Engineering,manufacturing process development and improvement,0,1,-1,NO
Software Engineering,git-lab,0,1,-1,NO
Software Engineering,preparation of financial reports,0,1,-1,NO
Software Engineering,xpert,0,1,-1,NO
Software Engineering,xp,0,1,-1,NO
Software Engineering,dhcp/dns ethernet and firewall proficient,0,1,-1,NO
Software Engineering,superior research skills,0,1,-1,NO
Software Engineering,biotechnology,0,1,-1,NO
Software Engineering,identifies vendors requiring an irs form 1099 and prepares the form and transmittal,0,1,-1,NO
Software Engineering,raspberry pi,0,1,-1,NO
Software Engineering,aardwolf,0,1,-1,NO
Software Engineering,windows vista,0,1,-1,NO
Software Engineering,detail drawings,0,1,-1,NO
Software Engineering,software systems engineering,0,1,-1,NO
Software Engineering,iis 5,0,1,-1,NO
Software Engineering,six sigma certified,0,1,-1,NO
Software Engineering,general ledger proficiency,0,1,-1,NO
Software Engineering,estimation,0,1,-1,NO
Software Engineering,laboratory testing,0,1,-1,NO
Software Engineering,fm,0,1,-1,NO
Software Engineering,automation tools - design and implement,0,1,-1,NO
Software Engineering,business process management,0,1,-1,NO
Software Engineering,edit,0,1,-1,NO
Software Engineering,windows platforms programming,0,1,-1,NO
Software Engineering,assist,0,1,-1,NO
Software Engineering,peoplesoft hrms,0,1,-1,NO
Software Engineering,algebra,0,1,-1,NO
Software Engineering,sap),0,1,-1,NO
Software Engineering,for selling,0,1,-1,NO
Software Engineering,design for manufacturing,0,1,-1,NO
Software Engineering,test tools,0,1,-1,NO
Software Engineering,pl/pgsql,0,1,-1,NO
Software Engineering,pearl,0,1,-1,NO
Software Engineering,interpersonal communication skills,0,1,-1,NO
Software Engineering,user experience,0,1,-1,NO
Software Engineering,demonstrated organizational/planning skills,0,1,-1,NO
Software Engineering,software development skills,0,1,-1,NO
Software Engineering,apple computers,0,1,-1,NO
Software Engineering,ibm-pc,0,1,-1,NO
Software Engineering,test engineer,0,1,-1,NO
Software Engineering,linux programming,0,1,-1,NO
Software Engineering,interpretation,0,1,-1,NO
Software Engineering,overall sales,0,1,-1,NO
Software Engineering,office suite,0,1,-1,NO
Software Engineering,processing payments,0,1,-1,NO
Software Engineering,sentiment analysis,0,1,-1,NO
Software Engineering,installation and configuration of peripherals,0,1,-1,NO
Software Engineering,ii,0,1,-1,NO
Software Engineering,document control,0,1,-1,NO
Software Engineering,oracle database,0,1,-1,NO
Software Engineering,i-max,0,1,-1,NO
Software Engineering,chill,0,1,-1,NO
Software Engineering,a/r,0,1,-1,NO
Software Engineering,sublime 2,0,1,-1,NO
Software Engineering,ms office applications,0,1,-1,NO
Software Engineering,client support,0,1,-1,NO
Software Engineering,self-starter & self-motivated,0,1,-1,NO
Software Engineering,white box testing,0,1,-1,NO
Software Engineering,pillow,0,1,-1,NO
Software Engineering,catalysis,0,1,-1,NO
Software Engineering,microsoft rdp,0,1,-1,NO
Software Engineering,retention,0,1,-1,NO
Software Engineering,investment research,0,1,-1,NO
Software Engineering,facilities management,0,1,-1,NO
Software Engineering,3dsmax,0,1,-1,NO
Software Engineering,mp4,0,1,-1,NO
Software Engineering,sarbanes oxley,0,1,-1,NO
Software Engineering,marketing collateral,0,1,-1,NO
Software Engineering,business to customer,0,1,-1,NO
Software Engineering,microsoft windows nt server,0,1,-1,NO
Software Engineering,cics,0,1,-1,NO
Software Engineering,exceptional telephone etiquette,0,1,-1,NO
Software Engineering,industrial automation,0,1,-1,NO
Software Engineering,regression testing,0,1,-1,NO
Software Engineering,dukpt,0,1,-1,NO
Software Engineering,exploratory data analysis,0,1,-1,NO
Software Engineering,windows 95 - xp,0,1,-1,NO
Software Engineering,layout design,0,1,-1,NO
Software Engineering,plc 5,0,1,-1,NO
Software Engineering,differential equations,0,1,-1,NO
Software Engineering,accounts receivable professional,0,1,-1,NO
Software Engineering,oss,0,1,-1,NO
Software Engineering,engineer-in-training,0,1,-1,NO
Software Engineering,of sales,0,1,-1,NO
Software Engineering,suspension and alignment,0,1,-1,NO
Software Engineering,interpersonal communication,0,1,-1,NO
Software Engineering,profit and loss,0,1,-1,NO
Software Engineering,college math,0,1,-1,NO
Software Engineering,jd edwards/as 400,0,1,-1,NO
Software Engineering,indesign,0,1,-1,NO
Software Engineering,excellent written,0,1,-1,NO
Software Engineering,very organized,0,1,-1,NO
Software Engineering,data preparation,0,1,-1,NO
Software Engineering,electrical component repair,0,1,-1,NO
Software Engineering,ios9,0,1,-1,NO
Software Engineering,osha regulations,0,1,-1,NO
Software Engineering,laravel,0,1,-1,NO
Software Engineering,manufacturing,0,1,-1,NO
Software Engineering,speakers),0,1,-1,NO
Software Engineering,financial controls,0,1,-1,NO
Software Engineering,reduce waste,0,1,-1,NO
Software Engineering,windows 9.x,0,1,-1,NO
Software Engineering,solomon,0,1,-1,NO
Software Engineering,help desk support,0,1,-1,NO
Software Engineering,effective leader,0,1,-1,NO
Software Engineering,analog and digital circuitry,0,1,-1,NO
Software Engineering,method development,0,1,-1,NO
Software Engineering,file maintenance,0,1,-1,NO
Software Engineering,clarify,0,1,-1,NO
Software Engineering,powershell,0,1,-1,NO
Software Engineering,drilling- tapping,0,1,-1,NO
Software Engineering,vpn/remote connectivity - openvpn,0,1,-1,NO
Software Engineering,team building & leadership,0,1,-1,NO
Software Engineering,excellent facilitator,0,1,-1,NO
Software Engineering,forward-thinking mindset,0,1,-1,NO
Software Engineering,prolith (modeling),0,1,-1,NO
Software Engineering,iia,0,1,-1,NO
Software Engineering,focus integrated erp software for retail garment stores,0,1,-1,NO
Software Engineering,physics i,0,1,-1,NO
Software Engineering,re-engineering,0,1,-1,NO
Software Engineering,organizational and planning skills,0,1,-1,NO
Software Engineering,solidworks 2005,0,1,-1,NO
Software Engineering,emv systems : btt (ul),0,1,-1,NO
Software Engineering,bluehill testing software,0,1,-1,NO
Software Engineering,market analysis/competitive positioning,0,1,-1,NO
Software Engineering,data analysis techniques,0,1,-1,NO
Software Engineering,lotus sametime,0,1,-1,NO
Software Engineering,voice over ip telephone,0,1,-1,NO
Software Engineering,data handling,0,1,-1,NO
Software Engineering,web design technology,0,1,-1,NO
Software Engineering,lx,0,1,-1,NO
Software Engineering,energy manager,0,1,-1,NO
Software Engineering,saas,0,1,-1,NO
Software Engineering,human resource management,0,1,-1,NO
Software Engineering,office switchphone,0,1,-1,NO
Software Engineering,including ordering and canceling cards,0,1,-1,NO
Software Engineering,windows nt,0,1,-1,NO
Software Engineering,msra,0,1,-1,NO
Software Engineering,statistical solutions,0,1,-1,NO
Software Engineering,featurization,0,1,-1,NO
Software Engineering,phoenix (e1),0,1,-1,NO
Software Engineering,verbal communication,0,1,-1,NO
Software Engineering,ms office: outlook,0,1,-1,NO
Software Engineering,advanced presentation,0,1,-1,NO
Software Engineering,spc++,0,1,-1,NO
Software Engineering,create circuits with multisim cad software,0,1,-1,NO
Software Engineering,analysis of algorithms,0,1,-1,NO
Software Engineering,adc,0,1,-1,NO
Software Engineering,sc,0,1,-1,NO
Software Engineering,dynamic ax,0,1,-1,NO
Software Engineering,visual studio 2008-2010,0,1,-1,NO
Software Engineering,image scanner asset manager -10-key,0,1,-1,NO
Software Engineering,fasb & gaap standards,0,1,-1,NO
Software Engineering,naval,0,1,-1,NO
Software Engineering,business consulting,0,1,-1,NO
Software Engineering,fetch,0,1,-1,NO
Software Engineering,company platforms: eagle,0,1,-1,NO
Software Engineering,microsoft accounting office,0,1,-1,NO
Software Engineering,computer proficient,0,1,-1,NO
Software Engineering,interpersonal and communication,0,1,-1,NO
Software Engineering,quick on my feet & with my hands,0,1,-1,NO
Software Engineering,professor,0,1,-1,NO
Software Engineering,fas asset accounting,0,1,-1,NO
Software Engineering,competency in procedure development,0,1,-1,NO
Software Engineering,troubleshooting i,0,1,-1,NO
Software Engineering,developed reconciliation format,0,1,-1,NO
Software Engineering,power supply,0,1,-1,NO
Software Engineering,performed debit,0,1,-1,NO
Software Engineering,vast technical knowledge,0,1,-1,NO
Software Engineering,diagnostic software utilities,0,1,-1,NO
Software Engineering,client-focused,0,1,-1,NO
Software Engineering,cli knowledge,0,1,-1,NO
Software Engineering,received,0,1,-1,NO
Software Engineering,tools of operations research,0,1,-1,NO
Software Engineering,superb communication skills,0,1,-1,NO
Software Engineering,network systems,0,1,-1,NO
Software Engineering,operating systems: xp windows professional / windows 7/ windows 8,0,1,-1,NO
Software Engineering,advanced anatomy knowledge,0,1,-1,NO
Software Engineering,test scripts,0,1,-1,NO
Software Engineering,microsoft virtual pc/hyper-v,0,1,-1,NO
Software Engineering,pc repair,0,1,-1,NO
Software Engineering,proficient in avg,0,1,-1,NO
Software Engineering,revenue recognition,0,1,-1,NO
Software Engineering,calculus,0,1,-1,NO
Software Engineering,cash-flow,0,1,-1,NO
Software Engineering,parameter tuning,0,1,-1,NO
Software Engineering,vmware workstation,0,1,-1,NO
Software Engineering,needs analysis,0,1,-1,NO
Software Engineering,critical thinker,0,1,-1,NO
Software Engineering,hboc,0,1,-1,NO
Software Engineering,estimate,0,1,-1,NO
Software Engineering,complex problem solver,0,1,-1,NO
Software Engineering,osx,0,1,-1,NO
Software Engineering,pluming,0,1,-1,NO
Software Engineering,pc security systems,0,1,-1,NO
Software Engineering,firefox,0,1,-1,NO
Software Engineering,adobe indesign,0,1,-1,NO
Software Engineering,supervision and training,0,1,-1,NO
Software Engineering,facet,0,1,-1,NO
Software Engineering,customer services,0,1,-1,NO
Software Engineering,business systems analysis,0,1,-1,NO
Software Engineering,generally accepted accounting principles,0,1,-1,NO
Software Engineering,producer,0,1,-1,NO
Software Engineering,budget planning,0,1,-1,NO
Software Engineering,aramark service trained on ge 9600,0,1,-1,NO
Software Engineering,embedded linux,0,1,-1,NO
Software Engineering,memtest86,0,1,-1,NO
Software Engineering,excellent verbal and written communication skills,0,1,-1,NO
Software Engineering,project analysis,0,1,-1,NO
Software Engineering,8d,0,1,-1,NO
Software Engineering,full life cycle,0,1,-1,NO
Software Engineering,marketing plans,0,1,-1,NO
Software Engineering,erp (enterprise resource planning) software,0,1,-1,NO
Software Engineering,management skills,0,1,-1,NO
Software Engineering,shielded pair and coaxial,0,1,-1,NO
Software Engineering,mathematical modelling,0,1,-1,NO
Software Engineering,mckesson,0,1,-1,NO
Software Engineering,skilled in the operation of networks,0,1,-1,NO
Software Engineering,market basket analysis,0,1,-1,NO
Software Engineering,python developer,0,1,-1,NO
Software Engineering,data exploration,0,1,-1,NO
Software Engineering,business plan,0,1,-1,NO
Software Engineering,tensorflow keras,0,1,-1,NO
Software Engineering,project management methodologies: agile,0,1,-1,NO
Software Engineering,internet,0,1,-1,NO
Software Engineering,well organized,0,1,-1,NO
Software Engineering,sap time approval,0,1,-1,NO
Software Engineering,hands on training: electrical,0,1,-1,NO
Software Engineering,risk assessment & tracking,0,1,-1,NO
Software Engineering,wiring/wire spicing: cat3,0,1,-1,NO
Software Engineering,filling,0,1,-1,NO
Software Engineering,logic analyzer,0,1,-1,NO
Software Engineering,sparkocr,0,1,-1,NO
Software Engineering,qa/qm,0,1,-1,NO
Software Engineering,emv tags,0,1,-1,NO
Software Engineering,tax accounting,0,1,-1,NO
Software Engineering,graphic design,0,1,-1,NO
Software Engineering,presales,0,1,-1,NO
Software Engineering,systems integration,0,1,-1,NO
Software Engineering,aderant/cms,0,1,-1,NO
Software Engineering,compliance management,0,1,-1,NO
Software Engineering,project management & execution,0,1,-1,NO
Software Engineering,home office,0,1,-1,NO
Software Engineering,order management,0,1,-1,NO
Software Engineering,project coordinator,0,1,-1,NO
Software Engineering,community outreach,0,1,-1,NO
Software Engineering,comprehensive large array data stewardship system,0,1,-1,NO
Software Engineering,xilinx ise,0,1,-1,NO
Software Engineering,speak,0,1,-1,NO
Software Engineering,capital markets,0,1,-1,NO
Software Engineering,rtos - os9,0,1,-1,NO
Software Engineering,business and requirements analysis,0,1,-1,NO
Software Engineering,unsupervised learning,0,1,-1,NO
Software Engineering,gse,0,1,-1,NO
Software Engineering,sound,0,1,-1,NO
Software Engineering,train employees,0,1,-1,NO
Software Engineering,active-listening,0,1,-1,NO
Software Engineering,graphics and design,0,1,-1,NO
Software Engineering,xcode,0,1,-1,NO
Software Engineering,experienced manager,0,1,-1,NO
Software Engineering,trello,0,1,-1,NO
Software Engineering,bounded rationality,0,1,-1,NO
Software Engineering,patient and diligent,0,1,-1,NO
Software Engineering,powerpoint presentations,0,1,-1,NO
Software Engineering,infolease for lease and financial accounting & citconnect research,0,1,-1,NO
Software Engineering,mas,0,1,-1,NO
Software Engineering,know-your-consumer (kyc),0,1,-1,NO
Software Engineering,strong written and verbal communication skills,0,1,-1,NO
Software Engineering,fiber brains,0,1,-1,NO
Software Engineering,collaborating with stakeholders - roadmap,0,1,-1,NO
Software Engineering,office master system,0,1,-1,NO
Software Engineering,asp),0,1,-1,NO
Software Engineering,java programming,0,1,-1,NO
Software Engineering,assisted living,0,1,-1,NO
Software Engineering,general ledger accounting skills,0,1,-1,NO
Software Engineering,web developer,0,1,-1,NO
Software Engineering,sonet,0,1,-1,NO
Software Engineering,ifixit pro tech toolkit,0,1,-1,NO
Software Engineering,company platforms: business objects,0,1,-1,NO
Software Engineering,through-hole,0,1,-1,NO
Software Engineering,computer peripherals,0,1,-1,NO
Software Engineering,broadpos,0,1,-1,NO
Software Engineering,instruction list.),0,1,-1,NO
Software Engineering,protocols execution,0,1,-1,NO
Software Engineering,us gaap principles,0,1,-1,NO
Software Engineering,production and engineering management,0,1,-1,NO
Software Engineering,construct,0,1,-1,NO
Software Engineering,chromeos,0,1,-1,NO
Software Engineering,lasso regression,0,1,-1,NO
Software Engineering,ms,0,1,-1,NO
Software Engineering,tax slayer,0,1,-1,NO
Software Engineering,microsoft technologies,0,1,-1,NO
Software Engineering,mediation expertise,0,1,-1,NO
Software Engineering,toshiba certified service trained on vantage 1.5 t 8 channel mri,0,1,-1,NO
Software Engineering,fannie mae,0,1,-1,NO
Software Engineering,gaap understanding,0,1,-1,NO
Software Engineering,computer graphics,0,1,-1,NO
Software Engineering,radiography,0,1,-1,NO
Software Engineering,full finish,0,1,-1,NO
Software Engineering,design optimization),0,1,-1,NO
Software Engineering,e-business,0,1,-1,NO
Software Engineering,requestnet,0,1,-1,NO
Software Engineering,e-learning,0,1,-1,NO
Software Engineering,architectural drafting,0,1,-1,NO
Software Engineering,waterfall,0,1,-1,NO
Software Engineering,basic knowledge of microsoft powerpoint and excel,0,1,-1,NO
Software Engineering,electronic & mechanical technology,0,1,-1,NO
Software Engineering,quickbooks software,0,1,-1,NO
Software Engineering,cd-roms,0,1,-1,NO
Software Engineering,various testing equipment,0,1,-1,NO
Software Engineering,business process,0,1,-1,NO
Software Engineering,microcontrollers,0,1,-1,NO
Software Engineering,strong collaborative skills,0,1,-1,NO
Software Engineering,low voltage power consumption,0,1,-1,NO
Software Engineering,quality assurance/control,0,1,-1,NO
Software Engineering,manages the corporate visa accounts for managers and volunteers,0,1,-1,NO
Software Engineering,marketing research,0,1,-1,NO
Software Engineering,product improvement,0,1,-1,NO
Software Engineering,application analysis,0,1,-1,NO
Software Engineering,linksys,0,1,-1,NO
Software Engineering,software engineer/developer,0,1,-1,NO
Software Engineering,engineering ethics,0,1,-1,NO
Software Engineering,motivation and initiative,0,1,-1,NO
Software Engineering,responsible for maintaining fixed assets and prepaid sub-ledger accounts,0,1,-1,NO
Software Engineering,driving license,0,1,-1,NO
Software Engineering,usb,0,1,-1,NO
Software Engineering,developing other business analyst,0,1,-1,NO
Software Engineering,erp/accounting systems proficiency,0,1,-1,NO
Software Engineering,gdb,0,1,-1,NO
Software Engineering,architecting best practice technical solutions,0,1,-1,NO
Software Engineering,microsoft teams,0,1,-1,NO
Software Engineering,active learning,0,1,-1,NO
Software Engineering,sequential analysis,0,1,-1,NO
Software Engineering,rcm,0,1,-1,NO
Software Engineering,brake systems expertise,0,1,-1,NO
Software Engineering,real estate p.m.a.s.,0,1,-1,NO
Software Engineering,spc,0,1,-1,NO
Software Engineering,proactive and energetic,0,1,-1,NO
Software Engineering,inventory management and control,0,1,-1,NO
Software Engineering,market evaluation,0,1,-1,NO
Software Engineering,collection,0,1,-1,NO
Software Engineering,patient safety,0,1,-1,NO
Software Engineering,sage fas,0,1,-1,NO
Software Engineering,dexterous with hand tools,0,1,-1,NO
Software Engineering,ad copy,0,1,-1,NO
Software Engineering,windows installation usb/dvd,0,1,-1,NO
Software Engineering,xilinx vivado,0,1,-1,NO
Software Engineering,call center,0,1,-1,NO
Software Engineering,risk mitigation planning,0,1,-1,NO
Software Engineering,oracle 8i,0,1,-1,NO
Software Engineering,source evaluation and selection,0,1,-1,NO
Software Engineering,technical review,0,1,-1,NO
Software Engineering,interoperability,0,1,-1,NO
Software Engineering,related skills,0,1,-1,NO
Software Engineering,identify electronic components and schematic symbols,0,1,-1,NO
Software Engineering,solution design,0,1,-1,NO
Software Engineering,bind,0,1,-1,NO
Software Engineering,aaa security model,0,1,-1,NO
Software Engineering,fire protection,0,1,-1,NO
Software Engineering,microsoft office software,0,1,-1,NO
Software Engineering,ad hoc,0,1,-1,NO
Software Engineering,3d modeling,0,1,-1,NO
Software Engineering,dashboards,0,1,-1,NO
Software Engineering,operating system knowledge,0,1,-1,NO
Software Engineering,sales presentations,0,1,-1,NO
Software Engineering,tapscan,0,1,-1,NO
Software Engineering,configuration management,0,1,-1,NO
Software Engineering,validation process specialist,0,1,-1,NO
Software Engineering,ccna,0,1,-1,NO
Software Engineering,public accounting,0,1,-1,NO
Software Engineering,netsuite,0,1,-1,NO
Software Engineering,acronis true image,0,1,-1,NO
Software Engineering,initiative to work independent,0,1,-1,NO
Software Engineering,excellent customer service skills.,0,1,-1,NO
Software Engineering,sccm 2012 ios-mdm,0,1,-1,NO
Software Engineering,gshell,0,1,-1,NO
Software Engineering,art,0,1,-1,NO
Software Engineering,and wearables. iphones and ipads. printers,0,1,-1,NO
Software Engineering,web-based,0,1,-1,NO
Software Engineering,dotnet,0,1,-1,NO
Software Engineering,groupwise,0,1,-1,NO
Software Engineering,macintosh,0,1,-1,NO
Software Engineering,microsoft office including word,0,1,-1,NO
Software Engineering,portuguese (fluent),0,1,-1,NO
Software Engineering,principal component analysis,0,1,-1,NO
Software Engineering,frame,0,1,-1,NO
Software Engineering,microprocessors,0,1,-1,NO
Software Engineering,along with other finance department staff,0,1,-1,NO
Software Engineering,ibm spss,0,1,-1,NO
Software Engineering,knn,0,1,-1,NO
Software Engineering,ms powerpoint,0,1,-1,NO
Software Engineering,purchase reqs in sap,0,1,-1,NO
Software Engineering,issue resolution,0,1,-1,NO
Software Engineering,easy power,0,1,-1,NO
Software Engineering,bi360 (businessintelligence tool),0,1,-1,NO
Software Engineering,engineering cost estimating,0,1,-1,NO
Software Engineering,reliability sae standards,0,1,-1,NO
Software Engineering,new hire orientation,0,1,-1,NO
Software Engineering,classroom monitoring,0,1,-1,NO
Software Engineering,visio),0,1,-1,NO
Software Engineering,sharepoint & costpoint,0,1,-1,NO
Software Engineering,c/python,0,1,-1,NO
Software Engineering,tax software,0,1,-1,NO
Software Engineering,executive management,0,1,-1,NO
Software Engineering,process capability,0,1,-1,NO
Software Engineering,doe (design of experiment),0,1,-1,NO
Software Engineering,ingenico,0,1,-1,NO
Software Engineering,energetic,0,1,-1,NO
Software Engineering,webscrapping,0,1,-1,NO
Software Engineering,fund accounting,0,1,-1,NO
Software Engineering,solar pv systems design,0,1,-1,NO
Software Engineering,works with that department manager in preparation of annual budget,0,1,-1,NO
Software Engineering,negotiating skills,0,1,-1,NO
Software Engineering,proposal,0,1,-1,NO
Software Engineering,scanner,0,1,-1,NO
Software Engineering,it skills (shopper,0,1,-1,NO
Software Engineering,training and development,0,1,-1,NO
Software Engineering,product design,0,1,-1,NO
Software Engineering,product excellence,0,1,-1,NO
Software Engineering,floor plans,0,1,-1,NO
Software Engineering,abaqus,0,1,-1,NO
Software Engineering,tirks,0,1,-1,NO
Software Engineering,testing and commissioning planning and execution,0,1,-1,NO
Software Engineering,process analysis,0,1,-1,NO
Software Engineering,xa,0,1,-1,NO
Software Engineering,quality management,0,1,-1,NO
Software Engineering,skilled in the use of hand tools for repairing and installing electronics,0,1,-1,NO
Software Engineering,mechanical technician,0,1,-1,NO
Software Engineering,hardworking,0,1,-1,NO
Software Engineering,electrical mechanical systems,0,1,-1,NO
Software Engineering,embedded c,0,1,-1,NO
Software Engineering,rehabilitation,0,1,-1,NO
Software Engineering,10key by touch,0,1,-1,NO
Software Engineering,microsoft word/excel,0,1,-1,NO
Software Engineering,profit and loss account,0,1,-1,NO
Software Engineering,defect detection,0,1,-1,NO
Software Engineering,architect,0,1,-1,NO
Software Engineering,pharmacy,0,1,-1,NO
Software Engineering,pricing proposal development,0,1,-1,NO
Software Engineering,hp alm quality center,0,1,-1,NO
Software Engineering,document management testing,0,1,-1,NO
Software Engineering,backend,0,1,-1,NO
Software Engineering,mercurial,0,1,-1,NO
Software Engineering,maintenance schedules,0,1,-1,NO
Software Engineering,lean manufacturing and management,0,1,-1,NO
Software Engineering,build teams,0,1,-1,NO
Software Engineering,industrial machinery,0,1,-1,NO
Software Engineering,contract negotiation,0,1,-1,NO
Software Engineering,financial analyst,0,1,-1,NO
Software Engineering,omb circular a-133,0,1,-1,NO
Software Engineering,aci-prm,0,1,-1,NO
Software Engineering,database servers,0,1,-1,NO
Software Engineering,electrical engineer,0,1,-1,NO
Software Engineering,ergonomic and safety conscious,0,1,-1,NO
Software Engineering,computer proficiency,0,1,-1,NO
Software Engineering,accounting packages,0,1,-1,NO
Software Engineering,enterprise software,0,1,-1,NO
Software Engineering,electrical equipment operation,0,1,-1,NO
Software Engineering,highly responsible and reliable,0,1,-1,NO
Software Engineering,siebel,0,1,-1,NO
Software Engineering,gage r & r,0,1,-1,NO
Software Engineering,trade shows,0,1,-1,NO
Software Engineering,budgetary and policy development,0,1,-1,NO
Software Engineering,emperical modelling,0,1,-1,NO
Software Engineering,equities,0,1,-1,NO
Software Engineering,puppet,0,1,-1,NO
Software Engineering,policy/program development,0,1,-1,NO
Software Engineering,multi-tasking,0,1,-1,NO
Software Engineering,proficiency in tcp/ip protocols,0,1,-1,NO
Software Engineering,quick test professional,0,1,-1,NO
Software Engineering,projectors,0,1,-1,NO
Software Engineering,lead development,0,1,-1,NO
Software Engineering,hp quality center,0,1,-1,NO
Software Engineering,market and development,0,1,-1,NO
Software Engineering,cost accounting,0,1,-1,NO
Software Engineering,technical: vantive,0,1,-1,NO
Software Engineering,cloud infrastructure,0,1,-1,NO
Software Engineering,document manager software,0,1,-1,NO
Software Engineering,outpatient,0,1,-1,NO
Software Engineering,speaker,0,1,-1,NO
Software Engineering,performance testing,0,1,-1,NO
Software Engineering,stratton warren mms,0,1,-1,NO
Software Engineering,sas base,0,1,-1,NO
Software Engineering,sculpting,0,1,-1,NO
Software Engineering,computer literate,0,1,-1,NO
Software Engineering,applications: ms office 2010-2016 (word,0,1,-1,NO
Software Engineering,financial modeling,0,1,-1,NO
Software Engineering,pneumatics,0,1,-1,NO
Software Engineering,compliance testing knowledge,0,1,-1,NO
Software Engineering,creative solutions bookkeeping software,0,1,-1,NO
Software Engineering,manufacturing systems integration,0,1,-1,NO
Software Engineering,business and commercial acumen,0,1,-1,NO
Software Engineering,vm,0,1,-1,NO
Software Engineering,self-directed,0,1,-1,NO
Software Engineering,monthly sales,0,1,-1,NO
Software Engineering,very organized & energetic,0,1,-1,NO
Software Engineering,macro media director,0,1,-1,NO
Software Engineering,access database,0,1,-1,NO
Software Engineering,direct mail,0,1,-1,NO
Software Engineering,keane care,0,1,-1,NO
Software Engineering,sheets,0,1,-1,NO
Software Engineering,product manager,0,1,-1,NO
Software Engineering,hp qtp,0,1,-1,NO
Software Engineering,java 2,0,1,-1,NO
Software Engineering,student assistance,0,1,-1,NO
Software Engineering,stories,0,1,-1,NO
Software Engineering,gru,0,1,-1,NO
Software Engineering,dynamic,0,1,-1,NO
Software Engineering,cyber ethics,0,1,-1,NO
Software Engineering,surface mount,0,1,-1,NO
Software Engineering,mortgage loan,0,1,-1,NO
Software Engineering,intuit payroll,0,1,-1,NO
Software Engineering,reconciled various general ledger fund accounts,0,1,-1,NO
Software Engineering,strong oral and written communication skills,0,1,-1,NO
Software Engineering,familiar in c+,0,1,-1,NO
Software Engineering,business growth,0,1,-1,NO
Software Engineering,swedish,0,1,-1,NO
Software Engineering,great plains dynamics,0,1,-1,NO
Software Engineering,adtran,0,1,-1,NO
Software Engineering,highly dependable,0,1,-1,NO
Software Engineering,test plans,0,1,-1,NO
Software Engineering,interface with customers and vendors,0,1,-1,NO
Software Engineering,skill 5,0,1,-1,NO
Software Engineering,maintenance repair,0,1,-1,NO
Software Engineering,annuities,0,1,-1,NO
Software Engineering,technical interface,0,1,-1,NO
Software Engineering,talent management tools: hireright,0,1,-1,NO
Software Engineering,kind,0,1,-1,NO
Software Engineering,acrylic,0,1,-1,NO
Software Engineering,ngs systems,0,1,-1,NO
Software Engineering,munis,0,1,-1,NO
Software Engineering,streak crm,0,1,-1,NO
Software Engineering,consistently meet goals,0,1,-1,NO
Software Engineering,spring,0,1,-1,NO
Software Engineering,instructing,0,1,-1,NO
Software Engineering,protel,0,1,-1,NO
Software Engineering,technical grammar skills,0,1,-1,NO
Software Engineering,epicor,0,1,-1,NO
Software Engineering,excellent managerial techniques,0,1,-1,NO
Software Engineering,algorithms and data structures,0,1,-1,NO
Software Engineering,biology,0,1,-1,NO
Software Engineering,hospice,0,1,-1,NO
Software Engineering,c languages,0,1,-1,NO
Software Engineering,validations,0,1,-1,NO
Software Engineering,secretarial,0,1,-1,NO
Software Engineering,client liaison,0,1,-1,NO
Software Engineering,presenter,0,1,-1,NO
Software Engineering,neural networks.,0,1,-1,NO
Software Engineering,solenoid/valves,0,1,-1,NO
Software Engineering,embedded hardware & software,0,1,-1,NO
Software Engineering,relational database,0,1,-1,NO
Software Engineering,valuation,0,1,-1,NO
Software Engineering,siemens step 7,0,1,-1,NO
Software Engineering,programming in java,0,1,-1,NO
Software Engineering,front end,0,1,-1,NO
Software Engineering,bank reconciliations and balancing,0,1,-1,NO
Software Engineering,articulate,0,1,-1,NO
Software Engineering,budget management,0,1,-1,NO
Software Engineering,file,0,1,-1,NO
Software Engineering,reception,0,1,-1,NO
Software Engineering,mechanically-inclined,0,1,-1,NO
Software Engineering,sound cards,0,1,-1,NO
Software Engineering,federal acquisition,0,1,-1,NO
Software Engineering,communication/presentations,0,1,-1,NO
Software Engineering,inspector,0,1,-1,NO
Software Engineering,glacier tax prep,0,1,-1,NO
Software Engineering,corporate accounting,0,1,-1,NO
Software Engineering,quality inspection professional,0,1,-1,NO
Software Engineering,assurance analyst,0,1,-1,NO
Software Engineering,bug tracking,0,1,-1,NO
Software Engineering,systems support,0,1,-1,NO
Software Engineering,wsam image,0,1,-1,NO
Software Engineering,staff,0,1,-1,NO
Software Engineering,structured text,0,1,-1,NO
Software Engineering,api design,0,1,-1,NO
Software Engineering,sensors,0,1,-1,NO
Software Engineering,keep,0,1,-1,NO
Software Engineering,netbeans,0,1,-1,NO
Software Engineering,astrex,0,1,-1,NO
Software Engineering,managerial,0,1,-1,NO
Software Engineering,copier,0,1,-1,NO
Software Engineering,it support services,0,1,-1,NO
Software Engineering,microcontroller,0,1,-1,NO
Software Engineering,monitoring and evaluation skills,0,1,-1,NO
Software Engineering,business processes,0,1,-1,NO
Software Engineering,kibana,0,1,-1,NO
Software Engineering,microsoft test manager,0,1,-1,NO
Software Engineering,works well under pressure,0,1,-1,NO
Software Engineering,linux os,0,1,-1,NO
Software Engineering,diagnosis and repair,0,1,-1,NO
Software Engineering,retail mortgage,0,1,-1,NO
Software Engineering,m&e,0,1,-1,NO
Software Engineering,antivirus,0,1,-1,NO
Software Engineering,xamarin studio,0,1,-1,NO
Software Engineering,security: basic knowledge of ipsec / ssl-vpn / nat / gre,0,1,-1,NO
Software Engineering,salesforce lead management,0,1,-1,NO
Software Engineering,bilingual spanish (fluent,0,1,-1,NO
Software Engineering,erp : microsoft ax dynamics,0,1,-1,NO
Software Engineering,developer 2000,0,1,-1,NO
Software Engineering,aws view,0,1,-1,NO
Software Engineering,openvpn,0,1,-1,NO
Software Engineering,letters and memos,0,1,-1,NO
Software Engineering,process-engineering,0,1,-1,NO
Software Engineering,installation of hardware,0,1,-1,NO
Software Engineering,renovations,0,1,-1,NO
Software Engineering,mechanical component troubleshooting,0,1,-1,NO
Software Engineering,snmp,0,1,-1,NO
Software Engineering,analog and digital filter design,0,1,-1,NO
Software Engineering,programming language,0,1,-1,NO
Software Engineering,sas-stat,0,1,-1,NO
Software Engineering,mcafee endpoint security,0,1,-1,NO
Software Engineering,mlops,0,1,-1,NO
Software Engineering,p&l management,0,1,-1,NO
Software Engineering,positouch,0,1,-1,NO
Software Engineering,app development (android and ios),0,1,-1,NO
Software Engineering,and banked cash,0,1,-1,NO
Software Engineering,aci-interchange,0,1,-1,NO
Software Engineering,informatica,0,1,-1,NO
Software Engineering,integrated reporting information system (iris),0,1,-1,NO
Software Engineering,postgresql),0,1,-1,NO
Software Engineering,iccverify,0,1,-1,NO
Software Engineering,auto-cad,0,1,-1,NO
Software Engineering,aviation,0,1,-1,NO
Software Engineering,ms office: v-look up,0,1,-1,NO
Software Engineering,analyzing market trends,0,1,-1,NO
Software Engineering,model development,0,1,-1,NO
Software Engineering,mrp,0,1,-1,NO
Software Engineering,opengl,0,1,-1,NO
Software Engineering,code blocks,0,1,-1,NO
Software Engineering,proficient in ms-office (word/excel/powerpoint),0,1,-1,NO
Software Engineering,tutoring,0,1,-1,NO
Software Engineering,accounting operations,0,1,-1,NO
Software Engineering,adt,0,1,-1,NO
Software Engineering,socs,0,1,-1,NO
Software Engineering,corrective maintenance,0,1,-1,NO
Software Engineering,employee relations,0,1,-1,NO
Software Engineering,scrum & agile,0,1,-1,NO
Software Engineering,digital design,0,1,-1,NO
Software Engineering,simulations using witness13 and simio,0,1,-1,NO
Software Engineering,dataset management,0,1,-1,NO
Software Engineering,office equipment such as copiers,0,1,-1,NO
Software Engineering,software/pc/lan troubleshooting,0,1,-1,NO
Software Engineering,device drivers,0,1,-1,NO
Software Engineering,system administrator,0,1,-1,NO
Software Engineering,environmental science,0,1,-1,NO
Software Engineering,computer networks,0,1,-1,NO
Software Engineering,networking: tcp/ip,0,1,-1,NO
Software Engineering,pdf: adobe reader / adobe acrobat x,0,1,-1,NO
Software Engineering,technical reviews,0,1,-1,NO
Software Engineering,vista),0,1,-1,NO
Software Engineering,junit,0,1,-1,NO
Software Engineering,fabrication,0,1,-1,NO
Software Engineering,technical communication skills - bug triage,0,1,-1,NO
Software Engineering,wireless,0,1,-1,NO
Software Engineering,iis 6,0,1,-1,NO
Software Engineering,resolve customer complaints,0,1,-1,NO
Software Engineering,rest apis (graphql),0,1,-1,NO
Software Engineering,recruiting,0,1,-1,NO
Software Engineering,grinders,0,1,-1,NO
Software Engineering,chrome,0,1,-1,NO
Software Engineering,real time embedded,0,1,-1,NO
Software Engineering,powerworld,0,1,-1,NO
Software Engineering,engineering standards expert,0,1,-1,NO
Software Engineering,scada,0,1,-1,NO
Software Engineering,peer review,0,1,-1,NO
Software Engineering,critical thinking with root cause analysis,0,1,-1,NO
Software Engineering,google apps (drive,0,1,-1,NO
Software Engineering,pascal,0,1,-1,NO
Software Engineering,automated testing,0,1,-1,NO
Software Engineering,analytics,0,1,-1,NO
Software Engineering,advanced problem solving abilities,0,1,-1,NO
Software Engineering,professional demeanor,0,1,-1,NO
Software Engineering,ms power point,0,1,-1,NO
Software Engineering,technical proposal writing skills,0,1,-1,NO
Software Engineering,32 and 64 slice cts,0,1,-1,NO
Software Engineering,procedure writing,0,1,-1,NO
Software Engineering,iso 9000,0,1,-1,NO
Software Engineering,to check preparation and mailing,0,1,-1,NO
Software Engineering,travel arranger,0,1,-1,NO
Software Engineering,sublime text,0,1,-1,NO
Software Engineering,configuration,0,1,-1,NO
Software Engineering,computer applications,0,1,-1,NO
Software Engineering,hyperion essbase,0,1,-1,NO
Software Engineering,design and drafting of custom seal solutions,0,1,-1,NO
Software Engineering,dependable,0,1,-1,NO
Software Engineering,falcon dust-off compressed gas duster,0,1,-1,NO
Software Engineering,erp-sap,0,1,-1,NO
Software Engineering,gpu,0,1,-1,NO
Software Engineering,clustering analysis,0,1,-1,NO
Software Engineering,version control tools: git-bash,0,1,-1,NO
Software Engineering,iso 8583,0,1,-1,NO
Software Engineering,node.js,0,1,-1,NO
Software Engineering,approval by appropriate party,0,1,-1,NO
Software Engineering,geometric dimensioning,0,1,-1,NO
Software Engineering,videoscribe software,0,1,-1,NO
Software Engineering,orthopedics,0,1,-1,NO
Software Engineering,ability to take initiative and exhibit flexibility.,0,1,-1,NO
Software Engineering,aws(emr,0,1,-1,NO
Software Engineering,staff training/development,0,1,-1,NO
Software Engineering,using specialized accounting software.,0,1,-1,NO
Software Engineering,financial planner,0,1,-1,NO
Software Engineering,brake repair and replacement,0,1,-1,NO
Software Engineering,fiscal management,0,1,-1,NO
Software Engineering,usability testing,0,1,-1,NO
Software Engineering,pivot table,0,1,-1,NO
Software Engineering,problem-solver,0,1,-1,NO
Software Engineering,machine learning engineering,0,1,-1,NO
Software Engineering,skilled in the operation of workstations and servers,0,1,-1,NO
Software Engineering,interviewing techniques,0,1,-1,NO
Software Engineering,fixed asset solutions software,0,1,-1,NO
Software Engineering,iworks,0,1,-1,NO
Software Engineering,interpersonal and communication skills,0,1,-1,NO
Software Engineering,have interpersonal skills to deal effectively with all business contacts.,0,1,-1,NO
Software Engineering,coded the general ledger and processed vendor invoice payments.,0,1,-1,NO
Software Engineering,excel training,0,1,-1,NO
Software Engineering,technical report writing,0,1,-1,NO
Software Engineering,dmf and project work process,0,1,-1,NO
Software Engineering,desktop support,0,1,-1,NO
Software Engineering,clinical research,0,1,-1,NO
Software Engineering,aspen,0,1,-1,NO
Software Engineering,database administration,0,1,-1,NO
Software Engineering,revit,0,1,-1,NO
Software Engineering,some experience with authentication protocols (radius / tacacs),0,1,-1,NO
Software Engineering,responsible for preparing and posting entries for the daily posting packet,0,1,-1,NO
Software Engineering,itil v,0,1,-1,NO
Software Engineering,strong management skills,0,1,-1,NO
Software Engineering,mechanical repair,0,1,-1,NO
Software Engineering,ibm/lenovo,0,1,-1,NO
Software Engineering,content development,0,1,-1,NO
Software Engineering,some basic cisco ios,0,1,-1,NO
Software Engineering,p & l management,0,1,-1,NO
Software Engineering,windows (95,0,1,-1,NO
Software Engineering,strong leadership skills,0,1,-1,NO
Software Engineering,team-oriented,0,1,-1,NO
Software Engineering,tenacity,0,1,-1,NO
Software Engineering,market analysis,0,1,-1,NO
Software Engineering,mas 90,0,1,-1,NO
Software Engineering,ssms,0,1,-1,NO
Software Engineering,toyota production systems,0,1,-1,NO
Software Engineering,lstms,0,1,-1,NO
Software Engineering,law enforcement,0,1,-1,NO
Software Engineering,retail sales,0,1,-1,NO
Software Engineering,managerial accounting,0,1,-1,NO
Software Engineering,voyager),0,1,-1,NO
Software Engineering,paperless proposals,0,1,-1,NO
Software Engineering,database software,0,1,-1,NO
Software Engineering,financial audits,0,1,-1,NO
Software Engineering,technical program management,0,1,-1,NO
Software Engineering,project management lifecycle,0,1,-1,NO
Software Engineering,prosystem,0,1,-1,NO
Software Engineering,tesseract,0,1,-1,NO
Software Engineering,unix shell scripting (bash),0,1,-1,NO
Software Engineering,fiber optics,0,1,-1,NO
Software Engineering,vi,0,1,-1,NO
Software Engineering,power user of microsoft excel epicor netsuite quickbooks hyperion great plains sage intacct,0,1,-1,NO
Software Engineering,series analysis,0,1,-1,NO
Software Engineering,katalon studio,0,1,-1,NO
Software Engineering,technology architecture analysis,0,1,-1,NO
Software Engineering,concur,0,1,-1,NO
Software Engineering,initiative to work independently,0,1,-1,NO
Software Engineering,sarbanesoxley,0,1,-1,NO
Software Engineering,ndt level ii,0,1,-1,NO
Software Engineering,google documents,0,1,-1,NO
Software Engineering,media relations,0,1,-1,NO
Software Engineering,catsweb,0,1,-1,NO
Software Engineering,superior analytical skills,0,1,-1,NO
Software Engineering,a highly motivated and energetic personality.,0,1,-1,NO
Software Engineering,employee training,0,1,-1,NO
Software Engineering,microsoft access 2010,0,1,-1,NO
Software Engineering,mechanical theory,0,1,-1,NO
Software Engineering,telecommunication,0,1,-1,NO
Software Engineering,analytical and logical,0,1,-1,NO
Software Engineering,the sales,0,1,-1,NO
Software Engineering,financial analysis/planning,0,1,-1,NO
Software Engineering,cost-benefit analysis,0,1,-1,NO
Software Engineering,telecom,0,1,-1,NO
Software Engineering,ubuntu 14.04,0,1,-1,NO
Software Engineering,database management system and administration,0,1,-1,NO
Software Engineering,emacs,0,1,-1,NO
Software Engineering,managing releases,0,1,-1,NO
Software Engineering,nanovision,0,1,-1,NO
Software Engineering,98,0,1,-1,NO
Software Engineering,pcb,0,1,-1,NO
Software Engineering,functional block diagram,0,1,-1,NO
Software Engineering,g/l,0,1,-1,NO
Software Engineering,cloud management,0,1,-1,NO
Software Engineering,cmpro,0,1,-1,NO
Software Engineering,research and development,0,1,-1,NO
Software Engineering,facility and plant modifications,0,1,-1,NO
Software Engineering,insights,0,1,-1,NO
Software Engineering,xls data input,0,1,-1,NO
Software Engineering,visual test,0,1,-1,NO
Software Engineering,decisive leader,0,1,-1,NO
Software Engineering,microsoft office (word,0,1,-1,NO
Software Engineering,designer 2000,0,1,-1,NO
Software Engineering,scientific,0,1,-1,NO
Software Engineering,exchange,0,1,-1,NO
Software Engineering,loss optimization,0,1,-1,NO
Software Engineering,textpad,0,1,-1,NO
Software Engineering,improving accounting and internal control systems,0,1,-1,NO
Software Engineering,assisted the cfo with the production of the monthly financials,0,1,-1,NO
Software Engineering,jmeter,0,1,-1,NO
Software Engineering,traceability matrix,0,1,-1,NO
Software Engineering,hpc,0,1,-1,NO
Software Engineering,cdi,0,1,-1,NO
Software Engineering,troubleshooting windows,0,1,-1,NO
Software Engineering,leadership mentoring,0,1,-1,NO
Software Engineering,k-means,0,1,-1,NO
Software Engineering,ppap,0,1,-1,NO
Software Engineering,lan/wan,0,1,-1,NO
Software Engineering,excellent writing skills,0,1,-1,NO
Software Engineering,microsoft office: word / advanced ms excel skills /ms access / powerpoint / outlook,0,1,-1,NO
Software Engineering,ipsec,0,1,-1,NO
Software Engineering,s3),0,1,-1,NO
Software Engineering,marketing & sales,0,1,-1,NO
Software Engineering,html 5,0,1,-1,NO
Software Engineering,echimp,0,1,-1,NO
Software Engineering,managing multiple priorities,0,1,-1,NO
Software Engineering,retail analytics,0,1,-1,NO
Software Engineering,pro series,0,1,-1,NO
Software Engineering,accounts and group policy,0,1,-1,NO
Software Engineering,employee training and development,0,1,-1,NO
Software Engineering,act!,0,1,-1,NO
Software Engineering,water quality,0,1,-1,NO
Software Engineering,business systems,0,1,-1,NO
Software Engineering,dropbox,0,1,-1,NO
Software Engineering,switchgear,0,1,-1,NO
Software Engineering,proxmox,0,1,-1,NO
Software Engineering,icims,0,1,-1,NO
Software Engineering,implementing,0,1,-1,NO
Software Engineering,prepares analyses as requested by manager and other departments,0,1,-1,NO
Software Engineering,global shop,0,1,-1,NO
Software Engineering,basic financial and operational reporting,0,1,-1,NO
Software Engineering,grading and evaluation,0,1,-1,NO
Software Engineering,powersteering,0,1,-1,NO
Software Engineering,experienced with microsoft office - word,0,1,-1,NO
Software Engineering,dbase iv,0,1,-1,NO
Software Engineering,vendor management,0,1,-1,NO
Software Engineering,white papers,0,1,-1,NO
Software Engineering,safety compliance,0,1,-1,NO
Software Engineering,portfolio analysis,0,1,-1,NO
Software Engineering,ports,0,1,-1,NO
Software Engineering,process improvement/simplification,0,1,-1,NO
Software Engineering,as 400,0,1,-1,NO
Software Engineering,develop drug,0,1,-1,NO
Software Engineering,quest,0,1,-1,NO
Software Engineering,struts,0,1,-1,NO
Software Engineering,financial planning and analysis,0,1,-1,NO
Software Engineering,lxc,0,1,-1,NO
Software Engineering,administration of windows 2000 server,0,1,-1,NO
Software Engineering,sensor,0,1,-1,NO
Software Engineering,investor relations,0,1,-1,NO
Software Engineering,marketing strategy,0,1,-1,NO
Software Engineering,processing corporate visa accounts for payment,0,1,-1,NO
Software Engineering,atlas,0,1,-1,NO
Software Engineering,integration testing,0,1,-1,NO
Software Engineering,financial risk management,0,1,-1,NO
Software Engineering,inspections,0,1,-1,NO
Software Engineering,networking support,0,1,-1,NO
Software Engineering,leadership development program,0,1,-1,NO
Software Engineering,business development & sales leadership,0,1,-1,NO
Software Engineering,data cleansing,0,1,-1,NO
Software Engineering,success factors lms,0,1,-1,NO
Software Engineering,strategy/planning,0,1,-1,NO
Software Engineering,dmm,0,1,-1,NO
Software Engineering,ibm rationale doors,0,1,-1,NO
Software Engineering,yearend,0,1,-1,NO
Software Engineering,government contracts,0,1,-1,NO
Software Engineering,ultra tax,0,1,-1,NO
Software Engineering,usda,0,1,-1,NO
Software Engineering,maintains files,0,1,-1,NO
Software Engineering,upgrading of hardware,0,1,-1,NO
Software Engineering,instructional design,0,1,-1,NO
Software Engineering,so ware development,0,1,-1,NO
Software Engineering,curriculum development,0,1,-1,NO
Software Engineering,customer engagement,0,1,-1,NO
Software Engineering,adp payroll,0,1,-1,NO
Software Engineering,accountable for,0,1,-1,NO
Software Engineering,lending,0,1,-1,NO
Software Engineering,research support,0,1,-1,NO
Software Engineering,established track record of exceptional sales results,0,1,-1,NO
Software Engineering,mathematical modeling,0,1,-1,NO
Software Engineering,payment terminals: verifone,0,1,-1,NO
Software Engineering,office manager,0,1,-1,NO
Software Engineering,eit,0,1,-1,NO
Software Engineering,drilling engineering,0,1,-1,NO
Software Engineering,upgrading,0,1,-1,NO
Software Engineering,six-sigma,0,1,-1,NO
Software Engineering,sites),0,1,-1,NO
Software Engineering,sql developer,0,1,-1,NO
Software Engineering,client development,0,1,-1,NO
Software Engineering,test and troubleshoot ac/dc circuits,0,1,-1,NO
Software Engineering,ms office: pivot tables,0,1,-1,NO
Software Engineering,access database queries & data mining,0,1,-1,NO
Software Engineering,advanced data analytics,0,1,-1,NO
Software Engineering,engineering standards,0,1,-1,NO
Software Engineering,financing,0,1,-1,NO
Software Engineering,credit risk modeling,0,1,-1,NO
Software Engineering,stat graphics,0,1,-1,NO
Software Engineering,ability to lead and motivate a team,0,1,-1,NO
Software Engineering,database systems,0,1,-1,NO
Software Engineering,discrete mathematics,0,1,-1,NO
Software Engineering,advanced critical thinking,0,1,-1,NO
Software Engineering,journal,0,1,-1,NO
Software Engineering,systems administration,0,1,-1,NO
Software Engineering,key account management,0,1,-1,NO
Software Engineering,trend,0,1,-1,NO
Software Engineering,key management,0,1,-1,NO
Software Engineering,ability to translate technical specifications,0,1,-1,NO
Software Engineering,virtual systems: vmware,0,1,-1,NO
Software Engineering,printers & scanners,0,1,-1,NO
Software Engineering,programming tools: python,0,1,-1,NO
Software Engineering,repair and maintenance practice,0,1,-1,NO
Software Engineering,technician v,0,1,-1,NO
Software Engineering,linux and os,0,1,-1,NO
Software Engineering,knowledge of manufacturing test methodologies.,0,1,-1,NO
Software Engineering,de-bugging,0,1,-1,NO
Software Engineering,clarity,0,1,-1,NO
Software Engineering,structured software,0,1,-1,NO
Software Engineering,scheduling appointments,0,1,-1,NO
Software Engineering,linux and os x,0,1,-1,NO
Software Engineering,pages,0,1,-1,NO
Software Engineering,sps,0,1,-1,NO
Software Engineering,tornado,0,1,-1,NO
Software Engineering,networking i,0,1,-1,NO
Software Engineering,vsphere,0,1,-1,NO
Software Engineering,ms outlook,0,1,-1,NO
Software Engineering,mdfs,0,1,-1,NO
Software Engineering,devops,0,1,-1,NO
Software Engineering,nics,0,1,-1,NO
Software Engineering,helioscope,0,1,-1,NO
Software Engineering,telephones,0,1,-1,NO
Software Engineering,architecture,0,1,-1,NO
Software Engineering,microsoft office - word,0,1,-1,NO
Software Engineering,ptc creo),0,1,-1,NO
Software Engineering,proe,0,1,-1,NO
Software Engineering,fraud detection,0,1,-1,NO
Software Engineering,preparing financial reports,0,1,-1,NO
Software Engineering,qcc,0,1,-1,NO
Software Engineering,production process,0,1,-1,NO
Software Engineering,live electrical,0,1,-1,NO
Software Engineering,sheet metal,0,1,-1,NO
Software Engineering,troubles,0,1,-1,NO
Software Engineering,mortgage lending,0,1,-1,NO
Software Engineering,astm material testing and chemical evaluations of materials,0,1,-1,NO
Software Engineering,network security,0,1,-1,NO
Software Engineering,venture capital,0,1,-1,NO
Software Engineering,excellent communication,0,1,-1,NO
Software Engineering,traffic control and state highway database,0,1,-1,NO
Software Engineering,experience with autocad,0,1,-1,NO
Software Engineering,supervisory control and data acquisition,0,1,-1,NO
Software Engineering,5s,0,1,-1,NO
Software Engineering,iterative,0,1,-1,NO
Software Engineering,active noise cancelling (anc),0,1,-1,NO
Software Engineering,hive(hql),0,1,-1,NO
Software Engineering,microsoft excel expert - pivot tables,0,1,-1,NO
Software Engineering,siemens plc,0,1,-1,NO
Software Engineering,agile coach,0,1,-1,NO
Software Engineering,mac ios,0,1,-1,NO
Software Engineering,troubleshooting soho networks,0,1,-1,NO
Software Engineering,wall paper,0,1,-1,NO
Software Engineering,and irregularities to provide accurate records for tfcu and its service organizations,0,1,-1,NO
Software Engineering,advanced knowledge of embedded systems,0,1,-1,NO
Software Engineering,excellent negotiating tactics,0,1,-1,NO
Software Engineering,ms visual basic,0,1,-1,NO
Software Engineering,maintain documentation,0,1,-1,NO
Software Engineering,proficient with microsoft word,0,1,-1,NO
Software Engineering,9900 portable c-arm,0,1,-1,NO
Software Engineering,research scientist,0,1,-1,NO
Software Engineering,sales force,0,1,-1,NO
Software Engineering,system configuration,0,1,-1,NO
Software Engineering,mortgage banking,0,1,-1,NO
Software Engineering,the sale,0,1,-1,NO
Software Engineering,relational databases,0,1,-1,NO
Software Engineering,qa testing,0,1,-1,NO
Software Engineering,market share,0,1,-1,NO
Software Engineering,gantt chart scheduler,0,1,-1,NO
Software Engineering,prediction modelling,0,1,-1,NO
Software Engineering,wsam-dc fiber,0,1,-1,NO
Software Engineering,manages the accounts payable function - including employee/volunteer reimbursement - from processing incoming invoices,0,1,-1,NO
Software Engineering,read blueprints,0,1,-1,NO
Software Engineering,asset keeper pro software,0,1,-1,NO
Software Engineering,social networks,0,1,-1,NO
Software Engineering,openssh,0,1,-1,NO
Software Engineering,qa engineering,0,1,-1,NO
Software Engineering,remedy,0,1,-1,NO
Software Engineering,iec 61131 (ladder logic,0,1,-1,NO
Software Engineering,pc hardware and software installation,0,1,-1,NO
Software Engineering,fds,0,1,-1,NO
Software Engineering,ms-dos,0,1,-1,NO
Software Engineering,mapreduce,0,1,-1,NO
Software Engineering,total quality management,0,1,-1,NO
Software Engineering,2008-2010,0,1,-1,NO
Software Engineering,ms exchange,0,1,-1,NO
Software Engineering,development,0,1,-1,NO
Software Engineering,ccp,0,1,-1,NO
Software Engineering,microsoft dynamics,0,1,-1,NO
Software Engineering,trackwise,0,1,-1,NO
Software Engineering,receptionist,0,1,-1,NO
Software Engineering,detail oriented,0,1,-1,NO
Software Engineering,oracledb,0,1,-1,NO
Software Engineering,office party and event planning,0,1,-1,NO
Software Engineering,test equipment repair and operation,0,1,-1,NO
Software Engineering,hls,0,1,-1,NO
Software Engineering,web application development,0,1,-1,NO
Software Engineering,e-commerce,0,1,-1,NO
Software Engineering,organized and detail-oriented,0,1,-1,NO
Software Engineering,seasoned leadership,0,1,-1,NO
Software Engineering,sales analysis,0,1,-1,NO
Software Engineering,windows 95,0,1,-1,NO
Software Engineering,out of the box thinking,0,1,-1,NO
Software Engineering,mozilla thunderbird,0,1,-1,NO
Software Engineering,good team player,0,1,-1,NO
Software Engineering,google docs,0,1,-1,NO
Software Engineering,office equipment,0,1,-1,NO
Software Engineering,object-oriented programming,0,1,-1,NO
Software Engineering,server management,0,1,-1,NO
Software Engineering,kpi,0,1,-1,NO
Software Engineering,utp,0,1,-1,NO
Software Engineering,sql navigator,0,1,-1,NO
Software Engineering,julia,0,1,-1,NO
Software Engineering,requirement analysis (static testing),0,1,-1,NO
Software Engineering,detail-oriented understanding that any downtime must be minimized if not avoidable,0,1,-1,NO
Software Engineering,project manager,0,1,-1,NO
Software Engineering,educated,0,1,-1,NO
Software Engineering,pl/sql,0,1,-1,NO
Software Engineering,macess,0,1,-1,NO
Software Engineering,comfortable working at heights and odd locations,0,1,-1,NO
Software Engineering,sales and management,0,1,-1,NO
Software Engineering,customer service skills,0,1,-1,NO
Software Engineering,and account,0,1,-1,NO
Software Engineering,systems design i,0,1,-1,NO
Software Engineering,usability,0,1,-1,NO
Software Engineering,creating & updating documentation,0,1,-1,NO
Software Engineering,ability to work in a team structure,0,1,-1,NO
Software Engineering,white box,0,1,-1,NO
Software Engineering,coach,0,1,-1,NO
Software Engineering,mobile device support,0,1,-1,NO
Software Engineering,net,0,1,-1,NO
Software Engineering,optistruct),0,1,-1,NO
Software Engineering,production engineering,0,1,-1,NO
Software Engineering,etl,0,1,-1,NO
Software Engineering,rigging,0,1,-1,NO
Software Engineering,ability of managing multi tasks,0,1,-1,NO
Software Engineering,tally,0,1,-1,NO
Software Engineering,contextual reasoning,0,1,-1,NO
Software Engineering,middle school & high school math,0,1,-1,NO
Software Engineering,program development,0,1,-1,NO
Software Engineering,troubleshoot and identify faulty capacitors,0,1,-1,NO
Software Engineering,performance management,0,1,-1,NO
Software Engineering,pr soft,0,1,-1,NO
Software Engineering,metrics,0,1,-1,NO
Software Engineering,cluster analysis,0,1,-1,NO
Software Engineering,software practice i/ii,0,1,-1,NO
Software Engineering,etap,0,1,-1,NO
Software Engineering,and write),0,1,-1,NO
Software Engineering,market planning,0,1,-1,NO
Software Engineering,gd&t,0,1,-1,NO
Software Engineering,digital tv,0,1,-1,NO
Software Engineering,lotus i,0,1,-1,NO
Software Engineering,jvm,0,1,-1,NO
Software Engineering,adobe creative suite,0,1,-1,NO
Software Engineering,strong attention to detail,0,1,-1,NO
Software Engineering,circuit boards,0,1,-1,NO
Software Engineering,bugzilla,0,1,-1,NO
Software Engineering,contract negotiations,0,1,-1,NO
Software Engineering,therapy,0,1,-1,NO
Software Engineering,presenting,0,1,-1,NO
Software Engineering,horizontal,0,1,-1,NO
Software Engineering,voice,0,1,-1,NO
Software Engineering,sharepoint use experience,0,1,-1,NO
Software Engineering,ocr,0,1,-1,NO
Software Engineering,mainframe,0,1,-1,NO
Software Engineering,slides,0,1,-1,NO
Software Engineering,ethernet,0,1,-1,NO
Software Engineering,marketing strategist,0,1,-1,NO
Software Engineering,kek,0,1,-1,NO
Software Engineering,excel in areas of expertise,0,1,-1,NO
Software Engineering,flash,0,1,-1,NO
Software Engineering,typing speed,0,1,-1,NO
Software Engineering,autocad civil 3d,0,1,-1,NO
Software Engineering,sales objectives,0,1,-1,NO
Software Engineering,microsoft office suite (2013),0,1,-1,NO
Software Engineering,skill 2,0,1,-1,NO
Software Engineering,configuring network and end user security,0,1,-1,NO
Software Engineering,budget 5,0,1,-1,NO
Software Engineering,book keeping,0,1,-1,NO
Software Engineering,reliable,0,1,-1,NO
Software Engineering,advertisements,0,1,-1,NO
Software Engineering,and works with branch staff to ensure incoming wires are posted and resolve issues,0,1,-1,NO
Software Engineering,skills,0,1,-1,NO
Software Engineering,lotus,0,1,-1,NO
Software Engineering,neural,0,1,-1,NO
Software Engineering,and identifies and resolves errors,0,1,-1,NO
Software Engineering,cd-rom,0,1,-1,NO
Software Engineering,profit pluss 2k8,0,1,-1,NO
Software Engineering,apache pig,0,1,-1,NO
Software Engineering,firstdata certpro and more,0,1,-1,NO
Software Engineering,os x 10.8-10.11,0,1,-1,NO
Software Engineering,desktops,0,1,-1,NO
Software Engineering,blackboard,0,1,-1,NO
Software Engineering,assemble/disassemble pcs and electronics to the component level,0,1,-1,NO
Software Engineering,ms office suite (word,0,1,-1,NO
Software Engineering,image segmentation,0,1,-1,NO
Software Engineering,articles,0,1,-1,NO
Software Engineering,ms frontpage,0,1,-1,NO
Software Engineering,safety codes,0,1,-1,NO
Software Engineering,flask api,0,1,-1,NO
Software Engineering,maintenance management,0,1,-1,NO
Software Engineering,programming languages,0,1,-1,NO
Software Engineering,project planning and management,0,1,-1,NO
Software Engineering,k-means clustering,0,1,-1,NO
Software Engineering,failure modes and effective analysis (fmea),0,1,-1,NO
Software Engineering,conflict management,0,1,-1,NO
Software Engineering,pfd,0,1,-1,NO
Software Engineering,pq,0,1,-1,NO
Software Engineering,forklift,0,1,-1,NO
Software Engineering,competitive analysis,0,1,-1,NO
Software Engineering,responds to inquiries from that manager regarding budgeted and actual expenses,0,1,-1,NO
Software Engineering,loans,0,1,-1,NO
Software Engineering,information systems,0,1,-1,NO
Software Engineering,functional requirements,0,1,-1,NO
Software Engineering,production analytics,0,1,-1,NO
Software Engineering,meeting facilitation,0,1,-1,NO
Software Engineering,public relations software: bacons mediasource,0,1,-1,NO
Software Engineering,reactjs,0,1,-1,NO
Software Engineering,pro e,0,1,-1,NO
Software Engineering,attention to detail,0,1,-1,NO
Software Engineering,machining,0,1,-1,NO
Software Engineering,msa,0,1,-1,NO
Software Engineering,omissions,0,1,-1,NO
Software Engineering,building commissioning experience,0,1,-1,NO
Software Engineering,torquisesvn,0,1,-1,NO
Software Engineering,influencing and negotiation,0,1,-1,NO
Software Engineering,product development and design,0,1,-1,NO
Software Engineering,verifies those wires have all required documentation,0,1,-1,NO
Software Engineering,engineering management,0,1,-1,NO
Software Engineering,scripting,0,1,-1,NO
Software Engineering,sap fi,0,1,-1,NO
Software Engineering,acquisitions,0,1,-1,NO
Software Engineering,sap r/3,0,1,-1,NO
Software Engineering,heat,0,1,-1,NO
Software Engineering,underwriting,0,1,-1,NO
Software Engineering,ceridian,0,1,-1,NO
Software Engineering,business associate,0,1,-1,NO
Software Engineering,staff development/leadership,0,1,-1,NO
Software Engineering,microwave,0,1,-1,NO
Software Engineering,software quality engineer,0,1,-1,NO
Software Engineering,business operations,0,1,-1,NO
Software Engineering,strategy consulting,0,1,-1,NO
Software Engineering,icgs / idds,0,1,-1,NO
Software Engineering,integrating content protection systems,0,1,-1,NO
Software Engineering,researched and resolved billing and invoice problems.,0,1,-1,NO
Software Engineering,laundry,0,1,-1,NO
Software Engineering,lucidchart,0,1,-1,NO
Software Engineering,file structures,0,1,-1,NO
Software Engineering,osi,0,1,-1,NO
Software Engineering,applied machine learning,0,1,-1,NO
Software Engineering,strong requirement tracing,0,1,-1,NO
Software Engineering,internal medicine,0,1,-1,NO
Software Engineering,ats,0,1,-1,NO
Software Engineering,project coordination,0,1,-1,NO
Software Engineering,ruby on rails,0,1,-1,NO
Software Engineering,payroll mate,0,1,-1,NO
Software Engineering,941 withholding accounting,0,1,-1,NO
Software Engineering,tsys certifynow,0,1,-1,NO
Software Engineering,yarn,0,1,-1,NO
Software Engineering,labor relations,0,1,-1,NO
Software Engineering,skill 3,0,1,-1,NO
Software Engineering,maintain and document.,0,1,-1,NO
Software Engineering,data gathering,0,1,-1,NO
Software Engineering,ms-excel,0,1,-1,NO
Software Engineering,lesson planning,0,1,-1,NO
Software Engineering,react native,0,1,-1,NO
Software Engineering,management training,0,1,-1,NO
Software Engineering,adobe dreamweaver,0,1,-1,NO
Software Engineering,equipment inventory,0,1,-1,NO
Software Engineering,data insights,0,1,-1,NO
Software Engineering,ibm-aix,0,1,-1,NO
Software Engineering,excellent time management skills,0,1,-1,NO
Software Engineering,vcms,0,1,-1,NO
Software Engineering,automated test scripts,0,1,-1,NO
Software Engineering,payroll experts,0,1,-1,NO
Software Engineering,lighting designs using visual professional,0,1,-1,NO
Software Engineering,core java,0,1,-1,NO
Software Engineering,processes outgoing and incoming wires,0,1,-1,NO
Software Engineering,weka,0,1,-1,NO
Software Engineering,pax and innowi,0,1,-1,NO
Software Engineering,basis,0,1,-1,NO
Software Engineering,maple,0,1,-1,NO
Software Engineering,training material,0,1,-1,NO
Software Engineering,new products,0,1,-1,NO
Software Engineering,user centered design,0,1,-1,NO
Software Engineering,full accounting cycle,0,1,-1,NO
Software Engineering,chasepaymentech,0,1,-1,NO
Software Engineering,data transition,0,1,-1,NO
Software Engineering,contract management,0,1,-1,NO
Software Engineering,azure data factory,0,1,-1,NO
Software Engineering,wago codesys,0,1,-1,NO
Software Engineering,managed sales,0,1,-1,NO
Software Engineering,.ney(vb,0,1,-1,NO
Software Engineering,input into the system,0,1,-1,NO
Software Engineering,scrum master,0,1,-1,NO
Software Engineering,interpersonal communications,0,1,-1,NO
Software Engineering,jquery,0,1,-1,NO
Software Engineering,algorithm design,0,1,-1,NO
Software Engineering,executive presentations,0,1,-1,NO
Software Engineering,performance tracking and evaluation,0,1,-1,NO
Software Engineering,automotive,0,1,-1,NO
Software Engineering,sql server 2008,0,1,-1,NO
Software Engineering,advanced engineering knowledge,0,1,-1,NO
Software Engineering,decorating,0,1,-1,NO
Software Engineering,self-motivation,0,1,-1,NO
Software Engineering,training program implementation,0,1,-1,NO
Software Engineering,multi-line telephone,0,1,-1,NO
Software Engineering,primary care,0,1,-1,NO
Software Engineering,control system design,0,1,-1,NO
Software Engineering,5 why,0,1,-1,NO
Software Engineering,aramark service trained on ge amx 4 and amx4+ portable xr unit,0,1,-1,NO
Software Engineering,oracle financials,0,1,-1,NO
Software Engineering,creativity,0,1,-1,NO
Software Engineering,analytical thinking,0,1,-1,NO
Software Engineering,tear,0,1,-1,NO
Software Engineering,preventive maintenance,0,1,-1,NO
Software Engineering,pico or suri,0,1,-1,NO
Software Engineering,sales strategies,0,1,-1,NO
Software Engineering,digital communications with fiber optics,0,1,-1,NO
Software Engineering,test scenario engineering,0,1,-1,NO
Software Engineering,toad,0,1,-1,NO
Software Engineering,oracle experience,0,1,-1,NO
Software Engineering,webex,0,1,-1,NO
Software Engineering,chemical engineering technician,0,1,-1,NO
Software Engineering,netgear,0,1,-1,NO
Software Engineering,vbs,0,1,-1,NO
Software Engineering,mis reporting,0,1,-1,NO
Software Engineering,google drive sync client,0,1,-1,NO
Software Engineering,operating systems: unix-aix,0,1,-1,NO
Software Engineering,effective multitasking,0,1,-1,NO
Software Engineering,aci- adm,0,1,-1,NO
Software Engineering,database and tools: oracle 11g,0,1,-1,NO
Software Engineering,quality management system implementation,0,1,-1,NO
Software Engineering,product project management,0,1,-1,NO
Software Engineering,profit and loss statement,0,1,-1,NO
Software Engineering,cases,0,1,-1,NO
Software Engineering,financials budgeting & forecasting,0,1,-1,NO
Software Engineering,service orientation,0,1,-1,NO
Software Engineering,sanity testing,0,1,-1,NO
Software Engineering,pcard purchases,0,1,-1,NO
Software Engineering,redmine,0,1,-1,NO
Software Engineering,equipment calibration,0,1,-1,NO
Software Engineering,timberline software,0,1,-1,NO
Software Engineering,logo,0,1,-1,NO
Software Engineering,fluent in english,0,1,-1,NO
Software Engineering,ti),0,1,-1,NO
Software Engineering,vmware,0,1,-1,NO
Software Engineering,script,0,1,-1,NO
Software Engineering,access control,0,1,-1,NO
Software Engineering,demand creation pursuits,0,1,-1,NO
Software Engineering,database management system,0,1,-1,NO
Software Engineering,test and measurement equipment,0,1,-1,NO
Software Engineering,dts,0,1,-1,NO
Software Engineering,ss7,0,1,-1,NO
Software Engineering,kubeflow,0,1,-1,NO
Software Engineering,cch & ria tax research,0,1,-1,NO
Software Engineering,search algorithms,0,1,-1,NO
Software Engineering,myob,0,1,-1,NO
Software Engineering,system originated interfaces refers to the credit union owned system as well as external systems,0,1,-1,NO
Software Engineering,video conferencing,0,1,-1,NO
Software Engineering,execute,0,1,-1,NO
Software Engineering,experience in routing & switching (ospf / bgp / vlan / stp),0,1,-1,NO
Software Engineering,process development,0,1,-1,NO
Software Engineering,accounting software: peoplesoft / quickbooks,0,1,-1,NO
Software Engineering,various erp systems,0,1,-1,NO
Software Engineering,verifies and balances system originated interfaces and posts non-system generated transactions prepared from other sources,0,1,-1,NO
Software Engineering,engineering design,0,1,-1,NO
Software Engineering,iso9001 and as9100 auditing,0,1,-1,NO
Software Engineering,browser support,0,1,-1,NO
Software Engineering,numerical analysis,0,1,-1,NO
Software Engineering,circuit design and analysis,0,1,-1,NO
Software Engineering,virtual machine,0,1,-1,NO
Software Engineering,npi/jdm/odm,0,1,-1,NO
Software Engineering,microphones,0,1,-1,NO
Software Engineering,class,0,1,-1,NO
Software Engineering,gd & t,0,1,-1,NO
Software Engineering,adobe analytics,0,1,-1,NO
Software Engineering,chemistry,0,1,-1,NO
Software Engineering,data computation libraries in python,0,1,-1,NO
Software Engineering,investment banking,0,1,-1,NO
Software Engineering,oracle 12c,0,1,-1,NO
Software Engineering,3d,0,1,-1,NO
Software Engineering,learning management: saba lms,0,1,-1,NO
Software Engineering,executive management support,0,1,-1,NO
Software Engineering,autodesk inventor,0,1,-1,NO
Software Engineering,federal government experience,0,1,-1,NO
Software Engineering,medical devices,0,1,-1,NO
Software Engineering,maintaining inventory,0,1,-1,NO
Software Engineering,apache,0,1,-1,NO
Software Engineering,verilog hardware language,0,1,-1,NO
Software Engineering,business case,0,1,-1,NO
Software Engineering,data visualisation,0,1,-1,NO
Software Engineering,data view,0,1,-1,NO
Software Engineering,six sigma green belt,0,1,-1,NO
Software Engineering,and humidity,0,1,-1,NO
Software Engineering,quality engineer,0,1,-1,NO
Software Engineering,toshiba certified service trained on siemens e-cam nuclear medicine camera,0,1,-1,NO
Software Engineering,predict,0,1,-1,NO
Software Engineering,sales and,0,1,-1,NO
Software Engineering,establishing goals and setting priorities,0,1,-1,NO
Software Engineering,abila mip fund accounting software,0,1,-1,NO
Software Engineering,drawings,0,1,-1,NO
Software Engineering,proficient in polish language,0,1,-1,NO
Software Engineering,desktop publishing software: photoshop,0,1,-1,NO
Software Engineering,anaconda,0,1,-1,NO
Software Engineering,writing skills,0,1,-1,NO
Software Engineering,compensation administration,0,1,-1,NO
Software Engineering,numbers,0,1,-1,NO
Software Engineering,ascertain accuracy of financial reporting,0,1,-1,NO
Software Engineering,jupyter notebook,0,1,-1,NO
Software Engineering,proposal writing,0,1,-1,NO
Software Engineering,fedex,0,1,-1,NO
Software Engineering,lean/5s,0,1,-1,NO
Software Engineering,fluke 115 compact true-rms digital multimeter,0,1,-1,NO
Software Engineering,computer programming,0,1,-1,NO
Software Engineering,inside sales,0,1,-1,NO
Software Engineering,drive,0,1,-1,NO
Software Engineering,administrative manager,0,1,-1,NO
Software Engineering,google bigquery,0,1,-1,NO
Software Engineering,lacerte tax preparation software,0,1,-1,NO
Software Engineering,reading circuit schematics,0,1,-1,NO
Software Engineering,printed circuit board cad (protel),0,1,-1,NO
Software Engineering,mini-tab,0,1,-1,NO
Software Engineering,pro-e,0,1,-1,NO
Software Engineering,quickbooks pro 2015/2016/2017,0,1,-1,NO
Software Engineering,troubleshooting of hardware failure,0,1,-1,NO
Software Engineering,process development and engineering,0,1,-1,NO
Software Engineering,sql server 2005,0,1,-1,NO
Software Engineering,critical thinking skills,0,1,-1,NO
Software Engineering,defect management,0,1,-1,NO
Software Engineering,credit and total accounts on computer spreadsheets/databases,0,1,-1,NO
Software Engineering,supervising 4,0,1,-1,NO
Software Engineering,microsoft team foundation,0,1,-1,NO
Software Engineering,dvp&r,0,1,-1,NO
Software Engineering,philosophy,0,1,-1,NO
Software Engineering,anytime scheduler,0,1,-1,NO
Software Engineering,h.264,0,1,-1,NO
Software Engineering,ms excel/ ms office,0,1,-1,NO
Software Engineering,video chat support,0,1,-1,NO
Software Engineering,cold calling,0,1,-1,NO
Software Engineering,test stand fabrication,0,1,-1,NO
Software Engineering,cash register,0,1,-1,NO
Software Engineering,hdfs,0,1,-1,NO
Software Engineering,software support,0,1,-1,NO
Software Engineering,xlnet,0,1,-1,NO
Software Engineering,understand different types of transmission lines: twisted pair,0,1,-1,NO
Software Engineering,written and verbal communication skills,0,1,-1,NO
Software Engineering,federal government,0,1,-1,NO
Software Engineering,alteryx,0,1,-1,NO
Software Engineering,demos,0,1,-1,NO
Software Engineering,multi-meters,0,1,-1,NO
Software Engineering,energy saving,0,1,-1,NO
Software Engineering,safety member,0,1,-1,NO
Software Engineering,administrative functions,0,1,-1,NO
Software Engineering,algore fea,0,1,-1,NO
Software Engineering,daily cash receipts,0,1,-1,NO
Software Engineering,programmable logic controls (plc),0,1,-1,NO
Software Engineering,snowflake,0,1,-1,NO
Software Engineering,documenting operational procedures,0,1,-1,NO
Software Engineering,computer hardware,0,1,-1,NO
Software Engineering,secretary,0,1,-1,NO
Software Engineering,iso 9001/as9100 standards,0,1,-1,NO
Software Engineering,gcp,0,1,-1,NO
Software Engineering,reading schematics,0,1,-1,NO
Software Engineering,temperature,0,1,-1,NO
Software Engineering,pneumatic and hydraulic theory,0,1,-1,NO
Software Engineering,payroll & tax 940,0,1,-1,NO
Software Engineering,good analytical skills,0,1,-1,NO
Software Engineering,telephony,0,1,-1,NO
Software Engineering,web design,0,1,-1,NO
Software Engineering,telecom support,0,1,-1,NO
Software Engineering,and scanners,0,1,-1,NO
Software Engineering,basic and advanced supervision training courses,0,1,-1,NO
Software Engineering,ms office proficient,0,1,-1,NO
Software Engineering,3ds max,0,1,-1,NO
Software Engineering,econometrics,0,1,-1,NO
Software Engineering,system integration testing,0,1,-1,NO
Software Engineering,cables,0,1,-1,NO
Software Engineering,adjustments,0,1,-1,NO
Software Engineering,friendly,0,1,-1,NO
Software Engineering,unix-solaris,0,1,-1,NO
Software Engineering,git-stash,0,1,-1,NO
Software Engineering,predictive modelling,0,1,-1,NO
Software Engineering,cpr & first aid certified,0,1,-1,NO
Software Engineering,patran,0,1,-1,NO
Software Engineering,complyright,0,1,-1,NO
Software Engineering,aws deployment,0,1,-1,NO
Software Engineering,outlook express,0,1,-1,NO
Software Engineering,bgp,0,1,-1,NO
Software Engineering,paint,0,1,-1,NO
Software Engineering,deadlines focused,0,1,-1,NO
Software Engineering,studied and understand programmable logic controllers,0,1,-1,NO
Software Engineering,memory,0,1,-1,NO
Software Engineering,community health,0,1,-1,NO
Software Engineering,pgadmin 4,0,1,-1,NO
Software Engineering,strong desire to learn more,0,1,-1,NO
Software Engineering,client relations development,0,1,-1,NO
Software Engineering,sun,0,1,-1,NO
Software Engineering,cat5e,0,1,-1,NO
Software Engineering,on-call tech support,0,1,-1,NO
Software Engineering,ospf,0,1,-1,NO
Software Engineering,data engineer,0,1,-1,NO
Software Engineering,appfolio,0,1,-1,NO
Software Engineering,product owner,0,1,-1,NO
Software Engineering,through cost center coding,0,1,-1,NO
Software Engineering,lean manufacturingâ€‹,0,1,-1,NO
Software Engineering,lucene,0,1,-1,NO
Software Engineering,ridge regression,0,1,-1,NO
Software Engineering,employee management,0,1,-1,NO
Software Engineering,cloud-testing,0,1,-1,NO
Software Engineering,engineering projects,0,1,-1,NO
Software Engineering,analysis of financial systems,0,1,-1,NO
Software Engineering,gpt,0,1,-1,NO
Software Engineering,computersavvy,0,1,-1,NO
Software Engineering,safari,0,1,-1,NO
Software Engineering,written communications,0,1,-1,NO
Software Engineering,tax preparation,0,1,-1,NO
Software Engineering,photoshop,0,1,-1,NO
Software Engineering,tax software: drake / ultra tax / turbotax,0,1,-1,NO
Software Engineering,ios in sap,0,1,-1,NO
Software Engineering,visual foxpro,0,1,-1,NO
Software Engineering,responsible for assisting with the preparation of financial statements,0,1,-1,NO
Software Engineering,crystal reports,0,1,-1,NO
Software Engineering,engineering resource management and forecasting,0,1,-1,NO
Software Engineering,database management and processing,0,1,-1,NO
Software Engineering,esl students,0,1,-1,NO
Software Engineering,efficient multi-tasker,0,1,-1,NO
Software Engineering,one note,0,1,-1,NO
Software Engineering,compensation/payroll,0,1,-1,NO
Software Engineering,inventory & purchases,0,1,-1,NO
Software Engineering,sourcetree,0,1,-1,NO
Software Engineering,pagemaker,0,1,-1,NO
Software Engineering,proficient in microsoft office,0,1,-1,NO
Software Engineering,qa test,0,1,-1,NO
Software Engineering,cisco ios,0,1,-1,NO
Software Engineering,general office tools,0,1,-1,NO
Software Engineering,anatomy,0,1,-1,NO
Software Engineering,process invoices,0,1,-1,NO
Software Engineering,programmable logic controllers,0,1,-1,NO
Software Engineering,relational database design,0,1,-1,NO
Software Engineering,adp ezlabor,0,1,-1,NO
Software Engineering,dax,0,1,-1,NO
Software Engineering,simulink,0,1,-1,NO
Software Engineering,manufacturing yield improvement,0,1,-1,NO
Software Engineering,electronic circuit analysis,0,1,-1,NO
Software Engineering,inspects,0,1,-1,NO
Software Engineering,boundary analysis,0,1,-1,NO
Software Engineering,training manuals,0,1,-1,NO
Software Engineering,special events,0,1,-1,NO
Software Engineering,v-lookups,0,1,-1,NO
Software Engineering,advanced manufacturing,0,1,-1,NO
Software Engineering,9800,0,1,-1,NO
Software Engineering,creative thinker,0,1,-1,NO
Software Engineering,ringbuilder,0,1,-1,NO
Software Engineering,paychex,0,1,-1,NO
Software Engineering,sail point,0,1,-1,NO
Software Engineering,preventative maintenance,0,1,-1,NO
Software Engineering,mechanical test equipment,0,1,-1,NO
Software Engineering,injection molding,0,1,-1,NO
Software Engineering,accounting manager,0,1,-1,NO
Software Engineering,dnn,0,1,-1,NO
Software Engineering,copying,0,1,-1,NO
Software Engineering,sox compliance,0,1,-1,NO
Software Engineering,sklearn,0,1,-1,NO
Software Engineering,determined,0,1,-1,NO
Software Engineering,web based,0,1,-1,NO
Software Engineering,microsoft sql,0,1,-1,NO
Software Engineering,objective analysis,0,1,-1,NO
Software Engineering,equinox,0,1,-1,NO
Software Engineering,test artifacts: test estimation,0,1,-1,NO
Software Engineering,iso-9001 standards,0,1,-1,NO
Software Engineering,client server,0,1,-1,NO
Software Engineering,excellent written and verbal communication skills,0,1,-1,NO
Software Engineering,peoplesoft use & knowledge - queries & data mining,0,1,-1,NO
Software Engineering,docs,0,1,-1,NO
Software Engineering,jdbc,0,1,-1,NO
Software Engineering,market expansion,0,1,-1,NO
Software Engineering,aramark service trained on ge precision 500 radiology and fluoroscopic image system,0,1,-1,NO
Software Engineering,account reconciliation processes,0,1,-1,NO
Software Engineering,executive assistant,0,1,-1,NO
Software Engineering,equipment operation,0,1,-1,NO
Software Engineering,company platforms: workbench,0,1,-1,NO
Software Engineering,mechanical design,0,1,-1,NO
Software Engineering,six sigma tools and methodologies,0,1,-1,NO
Software Engineering,weighing,0,1,-1,NO
Software Engineering,dfmea,0,1,-1,NO
Software Engineering,microsoft nt server,0,1,-1,NO
Software Engineering,cloud architecture,0,1,-1,NO
Software Engineering,owasp zap,0,1,-1,NO
Software Engineering,issues management,0,1,-1,NO
Software Engineering,oral communication,0,1,-1,NO
Software Engineering,ms office proficiency,0,1,-1,NO
Software Engineering,jax,0,1,-1,NO
Software Engineering,selling and,0,1,-1,NO
Software Engineering,wireless routers,0,1,-1,NO
Software Engineering,counseling,0,1,-1,NO
Software Engineering,cnc engineering,0,1,-1,NO
Software Engineering,tax return filing,0,1,-1,NO
Software Engineering,google colab,0,1,-1,NO
Software Engineering,client/server,0,1,-1,NO
Software Engineering,troubleshooting hardware,0,1,-1,NO
Software Engineering,sorting,0,1,-1,NO
Software Engineering,sharepoint foundation 2007/2010,0,1,-1,NO
Software Engineering,calculates and posts month end and year-end accruals as needed,0,1,-1,NO
Software Engineering,compound synthesis,0,1,-1,NO
Software Engineering,sound judgment,0,1,-1,NO
Software Engineering,correspondence,0,1,-1,NO
Software Engineering,proficient in solidworks,0,1,-1,NO
Software Engineering,catboost,0,1,-1,NO
Software Engineering,data arbitration,0,1,-1,NO
Software Engineering,electrical drafting,0,1,-1,NO
Software Engineering,microsoft office 2003-2011,0,1,-1,NO
Software Engineering,cadence,0,1,-1,NO
Software Engineering,groovy,0,1,-1,NO
Software Engineering,allen bradley rslogix,0,1,-1,NO
Software Engineering,simultaneous,0,1,-1,NO
Software Engineering,relationship building,0,1,-1,NO
Software Engineering,honest,0,1,-1,NO
Software Engineering,hp netservers,0,1,-1,NO
Software Engineering,faxing,0,1,-1,NO
Software Engineering,blueprint understanding,0,1,-1,NO
Software Engineering,2k,0,1,-1,NO
Software Engineering,proficient in microsoft word,0,1,-1,NO
Software Engineering,marketing department,0,1,-1,NO
Software Engineering,state tax,0,1,-1,NO
Software Engineering,sql management studio,0,1,-1,NO
Software Engineering,nastran,0,1,-1,NO
Software Engineering,hypothesis analysis,0,1,-1,NO
Software Engineering,desktop,0,1,-1,NO
Software Engineering,correlation analysis,0,1,-1,NO
Software Engineering,strong verbal communication,0,1,-1,NO
Software Engineering,thoroughness,0,1,-1,NO
Software Engineering,venue,0,1,-1,NO
Software Engineering,secret clearance,0,1,-1,NO
Software Engineering,value stream mapping,0,1,-1,NO
Software Engineering,pfmea,0,1,-1,NO
Software Engineering,physical therapy,0,1,-1,NO
Software Engineering,equipment/wiring installation,0,1,-1,NO
Software Engineering,network installation,0,1,-1,NO
Software Engineering,monthly bank reconciliations,0,1,-1,NO
Software Engineering,deadline compliance,0,1,-1,NO
Software Engineering,basic processor design,0,1,-1,NO
Software Engineering,weld,0,1,-1,NO
Software Engineering,audit report,0,1,-1,NO
Software Engineering,clerk,0,1,-1,NO
Software Engineering,hwinfo,0,1,-1,NO
Software Engineering,printing,0,1,-1,NO
Software Engineering,hsrp and lan/wan architecture,0,1,-1,NO
Software Engineering,project management: confluence,0,1,-1,NO
Software Engineering,data integrity,0,1,-1,NO
Software Engineering,ultimate boot cd (ubcd),0,1,-1,NO
Software Engineering,hindi,0,1,-1,NO
Software Engineering,accounts payable/accounts receivable,0,1,-1,NO
Software Engineering,text extraction,0,1,-1,NO
Software Engineering,excellent multitasker,0,1,-1,NO
Software Engineering,audience,0,1,-1,NO
Software Engineering,essbase,0,1,-1,NO
Software Engineering,administrative: microsoft office suite,0,1,-1,NO
Software Engineering,assembly (intel,0,1,-1,NO
Software Engineering,talend,0,1,-1,NO
Software Engineering,proengineer/creo,0,1,-1,NO
Software Engineering,stat- fsi track,0,1,-1,NO
Software Engineering,settlements,0,1,-1,NO
Software Engineering,electronics i,0,1,-1,NO
Software Engineering,tr069,0,1,-1,NO
Software Engineering,forklift and crane certification,0,1,-1,NO
Software Engineering,asp.net 4.5,0,1,-1,NO
Software Engineering,bounding algorithms,0,1,-1,NO
Software Engineering,oil servicing,0,1,-1,NO
Software Engineering,real-time,0,1,-1,NO
Software Engineering,chain management,0,1,-1,NO
Software Engineering,engineering economy,0,1,-1,NO
Software Engineering,welder,0,1,-1,NO
Software Engineering,forecasting and planning,0,1,-1,NO
Software Engineering,microsoft office proficiency,0,1,-1,NO
Software Engineering,systems engineering management,0,1,-1,NO
Software Engineering,dba,0,1,-1,NO
Software Engineering,international business,0,1,-1,NO
Software Engineering,raid,0,1,-1,NO
Software Engineering,test coverage,0,1,-1,NO
Software Engineering,strategic planning & development,0,1,-1,NO
Software Engineering,skill 1,0,1,-1,NO
Software Engineering,financial statement preparation,0,1,-1,NO
Software Engineering,mpeg,0,1,-1,NO
Software Engineering,electrical,0,1,-1,NO
Software Engineering,data warehouse,0,1,-1,NO
Software Engineering,government sell-offs,0,1,-1,NO
Software Engineering,skilled multi-tasker,0,1,-1,NO
Software Engineering,instrumentation and controls,0,1,-1,NO
Software Engineering,combinatorial optimizations,0,1,-1,NO
Software Engineering,willingness to go to whatever length it takes to solve a problem or improve a process,0,1,-1,NO
Software Engineering,vision systems,0,1,-1,NO
Software Engineering,msi,0,1,-1,NO
Software Engineering,digital signal processing,0,1,-1,NO
Software Engineering,harvard graphics,0,1,-1,NO
Software Engineering,tube furnaces,0,1,-1,NO
Software Engineering,database programming,0,1,-1,NO
Software Engineering,prioritization,0,1,-1,NO
Software Engineering,leetcode,0,1,-1,NO
Software Engineering,quickbooks payroll systems,0,1,-1,NO
Software Engineering,2-tier,0,1,-1,NO
Software Engineering,such as shared branching and atm transaction networks,0,1,-1,NO
Software Engineering,maintains inventory,0,1,-1,NO
Software Engineering,ml engineer,0,1,-1,NO
Software Engineering,internet accounting,0,1,-1,NO
Software Engineering,panda,0,1,-1,NO
Software Engineering,os/2,0,1,-1,NO
Software Engineering,discover rct,0,1,-1,NO
Software Engineering,seminars,0,1,-1,NO
Software Engineering,expert in ms office suite,0,1,-1,NO
Software Engineering,hardware and software installation,0,1,-1,NO
Software Engineering,geometry,0,1,-1,NO
Software Engineering,closings,0,1,-1,NO
Software Engineering,low and high voltage devices,0,1,-1,NO
Software Engineering,fluent in spanish,0,1,-1,NO
Software Engineering,peak,0,1,-1,NO
Software Engineering,stk,0,1,-1,NO
Software Engineering,oral and written communication,0,1,-1,NO
Software Engineering,valgrind,0,1,-1,NO
Software Engineering,power systems analysis,0,1,-1,NO
Software Engineering,outlook training,0,1,-1,NO
Software Engineering,printer support,0,1,-1,NO
Software Engineering,sql (mysql,0,1,-1,NO
Software Engineering,vendor sourcing/relations,0,1,-1,NO
Software Engineering,ssrs,0,1,-1,NO
Software Engineering,turbo c++,0,1,-1,NO
Software Engineering,remote access,0,1,-1,NO
Software Engineering,meticulous attention to detail,0,1,-1,NO
Software Engineering,psim,0,1,-1,NO
Software Engineering,cost reduction and avoidance,0,1,-1,NO
Software Engineering,government contracting,0,1,-1,NO
Software Engineering,open source,0,1,-1,NO
Software Engineering,calculators,0,1,-1,NO
Software Engineering,catalog,0,1,-1,NO
Software Engineering,coaxial,0,1,-1,NO
Software Engineering,team builder,0,1,-1,NO
Software Engineering,environmental health and safety,0,1,-1,NO
Software Engineering,technical sales,0,1,-1,NO
Software Engineering,executive decision maker,0,1,-1,NO
Software Engineering,audio editing,0,1,-1,NO
Software Engineering,business requirements,0,1,-1,NO
Software Engineering,periodic financial reporting expert,0,1,-1,NO
Software Engineering,vpn,0,1,-1,NO
Software Engineering,process development and documentation,0,1,-1,NO
Software Engineering,real time embedded systems,0,1,-1,NO
Software Engineering,ssl,0,1,-1,NO
Software Engineering,assured internal controls,0,1,-1,NO
Software Engineering,management,0,1,-1,NO
Software Engineering,affirmative action compliance,0,1,-1,NO
Software Engineering,cryptography,0,1,-1,NO
Software Engineering,aws lambda,0,1,-1,NO
Software Engineering,recorded,0,1,-1,NO
Software Engineering,entry level,0,1,-1,NO
Software Engineering,ibm watson,0,1,-1,NO
Software Engineering,heroku,0,1,-1,NO
Software Engineering,calbench,0,1,-1,NO
Software Engineering,develop business,0,1,-1,NO
Software Engineering,from sales,0,1,-1,NO
Software Engineering,discrete control system (dcs),0,1,-1,NO
Software Engineering,network design,0,1,-1,NO
Software Engineering,presentation,0,1,-1,NO
Software Engineering,hospital pharmacy,0,1,-1,NO
Software Engineering,environmental protection,0,1,-1,NO
Software Engineering,mips assembler,0,1,-1,NO
Software Engineering,ms office: database,0,1,-1,NO
Software Engineering,database design,0,1,-1,NO
Software Engineering,sales tax,0,1,-1,NO
Software Engineering,personnel records maintenance,0,1,-1,NO
Software Engineering,benchmarking,0,1,-1,NO
Software Engineering,manual testing.,0,1,-1,NO
Software Engineering,utilize oscilloscopes to measure ac frequency,0,1,-1,NO
Software Engineering,clinical trials,0,1,-1,NO
Software Engineering,java 1,0,1,-1,NO
Software Engineering,profit improvement,0,1,-1,NO
Software Engineering,apple lion,0,1,-1,NO
Software Engineering,outgoing,0,1,-1,NO
Software Engineering,adapt to new technology at an accelerated rate,0,1,-1,NO
Software Engineering,l1 l2 regression,0,1,-1,NO
Software Engineering,hungry for growth and continuous learning,0,1,-1,NO
Software Engineering,budget analysis,0,1,-1,NO
Software Engineering,wireless data,0,1,-1,NO
Software Engineering,mcse,0,1,-1,NO
Software Engineering,hiring and retention,0,1,-1,NO
Software Engineering,crystal ball,0,1,-1,NO
Software Engineering,management reports and board packages.,0,1,-1,NO
Software Engineering,research associate,0,1,-1,NO
Software Engineering,iam,0,1,-1,NO
Software Engineering,pega,0,1,-1,NO
Software Engineering,terminal services,0,1,-1,NO
Software Engineering,data programming,0,1,-1,NO
Software Engineering,compliance audits,0,1,-1,NO
Software Engineering,data migration,0,1,-1,NO
Software Engineering,agile methodologies,0,1,-1,NO
Software Engineering,adobe illustrator,0,1,-1,NO
Software Engineering,medlin,0,1,-1,NO
Software Engineering,sqlite,0,1,-1,NO
Software Engineering,event management,0,1,-1,NO
Software Engineering,training design and development,0,1,-1,NO
Software Engineering,first article inspection,0,1,-1,NO
Software Engineering,electrical test,0,1,-1,NO
Software Engineering,hydraulic testing,0,1,-1,NO
Software Engineering,safety awareness,0,1,-1,NO
Software Engineering,dell,0,1,-1,NO
Software Engineering,test cases,0,1,-1,NO
Software Engineering,factiva,0,1,-1,NO
Software Engineering,requirement tracing,0,1,-1,NO
Software Engineering,determine voltage,0,1,-1,NO
Software Engineering,vss,0,1,-1,NO
Software Engineering,data base,0,1,-1,NO
Software Engineering,laptops. android smartphones tables,0,1,-1,NO
Software Engineering,erp implementation,0,1,-1,NO
Software Engineering,local remoter systems support,0,1,-1,NO
Software Engineering,pcanywhere,0,1,-1,NO
Software Engineering,industrial electricity,0,1,-1,NO
Software Engineering,remote desktop and help desk management,0,1,-1,NO
Software Engineering,scope and project definition,0,1,-1,NO
Software Engineering,cloud computing,0,1,-1,NO
Software Engineering,eagle accounting system,0,1,-1,NO
Software Engineering,very proficient in soldering,0,1,-1,NO
Software Engineering,computer management,0,1,-1,NO
Software Engineering,civil engineer,0,1,-1,NO
Software Engineering,ability to make decisions and solve problems,0,1,-1,NO
Software Engineering,kpis,0,1,-1,NO
Software Engineering,guided mechanisms,0,1,-1,NO
Software Engineering,sales manager,0,1,-1,NO
Software Engineering,understand overtime and on-call basis may be required,0,1,-1,NO
Software Engineering,intuit proseries,0,1,-1,NO
Software Engineering,office administration,0,1,-1,NO
Software Engineering,toshiba certified service trained on aquilion 16,0,1,-1,NO
Software Engineering,electrical mechanical,0,1,-1,NO
Software Engineering,high attention to details,0,1,-1,NO
Software Engineering,netscape messenger,0,1,-1,NO
Software Engineering,mechanical/electrical engineer,0,1,-1,NO
Software Engineering,data & network management,0,1,-1,NO
Software Engineering,ability to stand and walk for hours at time.,0,1,-1,NO
Software Engineering,unix terminal,0,1,-1,NO
Software Engineering,dvb,0,1,-1,NO
Software Engineering,google drive,0,1,-1,NO
Software Engineering,lfacs,0,1,-1,NO
Software Engineering,marketing/sales,0,1,-1,NO
Software Engineering,excellent communication techniques,0,1,-1,NO
Software Engineering,prepares budget variance reports for various departments as assigned,0,1,-1,NO
Software Engineering,sale and,0,1,-1,NO
Software Engineering,economic analysis,0,1,-1,NO
Software Engineering,credit risk,0,1,-1,NO
Software Engineering,ability to prioritize,0,1,-1,NO
Software Engineering,cross-functional team leadership,0,1,-1,NO
Software Engineering,ma,0,1,-1,NO
Software Engineering,apache hive,0,1,-1,NO
Software Engineering,sla,0,1,-1,NO
Software Engineering,machine tools,0,1,-1,NO
Software Engineering,15+ years of experience in accounting & bookkeeping services,0,1,-1,NO
Software Engineering,installation of network components,0,1,-1,NO
Software Engineering,ultratax,0,1,-1,NO
Software Engineering,multi-task management,0,1,-1,NO
Software Engineering,troubleshooting a network failure,0,1,-1,NO
Software Engineering,skill 6,0,1,-1,NO
Software Engineering,image freeway,0,1,-1,NO
Software Engineering,phones,0,1,-1,NO
Software Engineering,b2c,0,1,-1,NO
Software Engineering,glove,0,1,-1,NO
Software Engineering,statistical analysis: jmp,0,1,-1,NO
Software Engineering,film,0,1,-1,NO
Software Engineering,streamlit,0,1,-1,NO
Software Engineering,analysis (linear & non-linear static,0,1,-1,NO
Software Engineering,high efficiency,0,1,-1,NO
Software Engineering,lean/six sigma principles,0,1,-1,NO
Software Engineering,routing,0,1,-1,NO
Software Engineering,t1,0,1,-1,NO
Software Engineering,public and private accounting,0,1,-1,NO
Software Engineering,capital expenditures,0,1,-1,NO
Software Engineering,exceptional interpersonal communication,0,1,-1,NO
Software Engineering,prepared various specialty reports,0,1,-1,NO
Software Engineering,advanced material selection for rapid prototyping,0,1,-1,NO
Software Engineering,purchase orders,0,1,-1,NO
Software Engineering,csi,0,1,-1,NO
Software Engineering,eclipsys,0,1,-1,NO
Software Engineering,selenium (automated testing),0,1,-1,NO
Software Engineering,staff management,0,1,-1,NO
Software Engineering,lean & six sigma practitioner,0,1,-1,NO
Software Engineering,measurement and layout,0,1,-1,NO
Software Engineering,checks,0,1,-1,NO
Software Engineering,exceptional interpersonal skills,0,1,-1,NO
Software Engineering,work under pressure and deadlines,0,1,-1,NO
Software Engineering,hardware & software design,0,1,-1,NO
Software Engineering,administrative assistant,0,1,-1,NO
Software Engineering,chemical engineering,0,1,-1,NO
Software Engineering,skill 4,0,1,-1,NO
Software Engineering,maintain files,0,1,-1,NO
Software Engineering,derivatives,0,1,-1,NO
Software Engineering,architect end to end,0,1,-1,NO
Software Engineering,sales plan,0,1,-1,NO
Software Engineering,troubleshooting specialist,0,1,-1,NO
Software Engineering,product marketing,0,1,-1,NO
Software Engineering,forklifts,0,1,-1,NO
Software Engineering,idx,0,1,-1,NO
Software Engineering,key aspect analysis,0,1,-1,NO
Software Engineering,ec2,0,1,-1,NO
Software Engineering,finance and tax research - lexis-nexis,0,1,-1,NO
Software Engineering,video conferencing equipment (tv,0,1,-1,NO
Software Engineering,research & data gathering,0,1,-1,NO
Software Engineering,.net,0,1,-1,NO
Software Engineering,resistance and power by calculations and measurements,0,1,-1,NO
Software Engineering,vxworks,0,1,-1,NO
Software Engineering,plotly,0,1,-1,NO
Software Engineering,careful and active listener,0,1,-1,NO
Software Engineering,invoice processing,0,1,-1,NO
Software Engineering,lombardi,0,1,-1,NO
Software Engineering,cms,0,1,-1,NO
Software Engineering,qa engineering software expertise - design,0,1,-1,NO
Software Engineering,back end,0,1,-1,NO
Software Engineering,printer,0,1,-1,NO
Software Engineering,adobe captivate,0,1,-1,NO
Software Engineering,home care,0,1,-1,NO
Software Engineering,analytical process improvement,0,1,-1,NO
Software Engineering,vb script,0,1,-1,NO
Software Engineering,creative problem solving,0,1,-1,NO
Software Engineering,nationalelectric code (nec),0,1,-1,NO
Software Engineering,microsoft sharepoint,0,1,-1,NO
Software Engineering,pc law,0,1,-1,NO
Software Engineering,implementing effective internal controls,0,1,-1,NO
Software Engineering,expert in customer relations,0,1,-1,NO
Software Engineering,game theory,0,1,-1,NO
Software Engineering,algorithm optimization,0,1,-1,NO
Software Engineering,company platforms: dras,0,1,-1,NO
Software Engineering,cae softwares (hypermesh,0,1,-1,NO
Software Engineering,process design & improvement,0,1,-1,NO
Software Engineering,amazon redshift,0,1,-1,NO
Software Engineering,problem-solving skills,0,1,-1,NO
Software Engineering,epic,0,1,-1,NO
Software Engineering,creativity and imagination,0,1,-1,NO
Software Engineering,audits,0,1,-1,NO
Software Engineering,company platforms: lombardi,0,1,-1,NO
Software Engineering,passmark memtest86,0,1,-1,NO
Software Engineering,firewall setup,0,1,-1,NO
Software Engineering,new product design and development,0,1,-1,NO
Software Engineering,peoplesoft finance applications,0,1,-1,NO
Software Engineering,accounts for,0,1,-1,NO
Software Engineering,and vouchers as well as reconciled records of bank transactions.,0,1,-1,NO
Software Engineering,bert modelling,0,1,-1,NO
Software Engineering,recruitment,0,1,-1,NO
Software Engineering,risk analyst,0,1,-1,NO
Software Engineering,waste reduction,0,1,-1,NO
Software Engineering,arcview,0,1,-1,NO
Software Engineering,manufacturing engineer,0,1,-1,NO
Software Engineering,responsible and reliable,0,1,-1,NO
Software Engineering,proficiency in area,0,1,-1,NO
Software Engineering,cost control,0,1,-1,NO
Software Engineering,sales reports,0,1,-1,NO
Software Engineering,cpr certified,0,1,-1,NO
Software Engineering,compounding,0,1,-1,NO
Software Engineering,document reports,0,1,-1,NO
Software Engineering,cabling and laying of cables,0,1,-1,NO
Software Engineering,switch,0,1,-1,NO
Software Engineering,advanced utilization microsoft office suite,0,1,-1,NO
Software Engineering,symphony,0,1,-1,NO
Software Engineering,technology integration,0,1,-1,NO
Software Engineering,data storage,0,1,-1,NO
Software Engineering,and critical thinking skills,0,1,-1,NO
Software Engineering,pr,0,1,-1,NO
Software Engineering,plat indexes,0,1,-1,NO
Software Engineering,a monitor flow of credit union transactions from the various supporting systems into and out of the general ledger daily,0,1,-1,NO
Software Engineering,malwarebytes,0,1,-1,NO
Software Engineering,frx,0,1,-1,NO
Software Engineering,arduino ide,0,1,-1,NO
Software Engineering,process flow,0,1,-1,NO
Software Engineering,cpus,0,1,-1,NO
Software Engineering,team leadership / cross-team collaboration,0,1,-1,NO
Software Engineering,accounts payable & receivable,0,1,-1,NO
Software Engineering,iii,0,1,-1,NO
Software Engineering,textwrangler,0,1,-1,NO
Software Engineering,skilled in the operation of ms 2000,0,1,-1,NO
Software Engineering,inductors and transformers,0,1,-1,NO
Software Engineering,key accounts,0,1,-1,NO
Software Engineering,mac osx,0,1,-1,NO
Software Engineering,formulas,0,1,-1,NO
Software Engineering,coaching/mentoring,0,1,-1,NO
Software Engineering,document management,0,1,-1,NO
Software Engineering,elastic search,0,1,-1,NO
Software Engineering,er/studio,0,1,-1,NO
Software Engineering,windows & mac os,0,1,-1,NO
Software Engineering,cat5,0,1,-1,NO
Software Engineering,test methodologies: regression testing,0,1,-1,NO
Software Engineering,hammer,0,1,-1,NO
Software Engineering,foresight imaging systems trained on dicom protocols,0,1,-1,NO
Software Engineering,implemented sales,0,1,-1,NO
Software Engineering,vts,0,1,-1,NO
Software Engineering,ip addressing,0,1,-1,NO
Software Engineering,process optimization,0,1,-1,NO
Software Engineering,solution engineering,0,1,-1,NO
Software Engineering,internet applications,0,1,-1,NO
Software Engineering,ml algorithms,0,1,-1,NO
Software Engineering,probability and stats,0,1,-1,NO
Software Engineering,minute taking,0,1,-1,NO
Software Engineering,company platforms: pega,0,1,-1,NO
Software Engineering,key injection,0,1,-1,NO
Software Engineering,mssql,0,1,-1,NO
Software Engineering,water treatment,0,1,-1,NO
Software Engineering,lathe,0,1,-1,NO
Software Engineering,driver booster,0,1,-1,NO
Software Engineering,civil engineering,0,1,-1,NO
Software Engineering,project planning,0,1,-1,NO
Software Engineering,handling cash,0,1,-1,NO
Software Engineering,tender,0,1,-1,NO
Software Engineering,accounts receivable accounts payable,0,1,-1,NO
Software Engineering,project support,0,1,-1,NO
Software Engineering,octave,0,1,-1,NO
Software Engineering,curl-siege,0,1,-1,NO
Software Engineering,highly organized,0,1,-1,NO
Software Engineering,classification,0,1,-1,NO
Software Engineering,nds,0,1,-1,NO
Software Engineering,pocket pc,0,1,-1,NO
Software Engineering,dbase,0,1,-1,NO
Software Engineering,paper converting equipment,0,1,-1,NO
Software Engineering,multi-state sales tax filing,0,1,-1,NO
Software Engineering,plastics manufacturing processes,0,1,-1,NO
Software Engineering,motivational,0,1,-1,NO
Software Engineering,auto cad,0,1,-1,NO
Software Engineering,html programming,0,1,-1,NO
Software Engineering,security,0,1,-1,NO
Software Engineering,recorded monthly transactions,0,1,-1,NO
Software Engineering,lan aptitude,0,1,-1,NO
Software Engineering,router,0,1,-1,NO
Software Engineering,microsoft power pivot,0,1,-1,NO
Software Engineering,ehrs,0,1,-1,NO
Software Engineering,author,0,1,-1,NO
Software Engineering,proposal development,0,1,-1,NO
Software Engineering,cerner,0,1,-1,NO
Software Engineering,microprocessor,0,1,-1,NO
Software Engineering,mechanical processes,0,1,-1,NO
Software Engineering,dasylab,0,1,-1,NO
Software Engineering,pedague testing system,0,1,-1,NO
Software Engineering,computer system building and repair,0,1,-1,NO
Software Engineering,design review,0,1,-1,NO
Software Engineering,structured,0,1,-1,NO
Software Engineering,user support,0,1,-1,NO
Software Engineering,project development,0,1,-1,NO
Software Engineering,numerical and analytical ability,0,1,-1,NO
Software Engineering,analytical and business acumen,0,1,-1,NO
Software Engineering,netbeui,0,1,-1,NO
Software Engineering,schematic,0,1,-1,NO
Software Engineering,leadership training,0,1,-1,NO
Software Engineering,staff training,0,1,-1,NO
Software Engineering,business to business,0,1,-1,NO
Software Engineering,automation tools,0,1,-1,NO
Software Engineering,hotsos training,0,1,-1,NO
Software Engineering,proofing,0,1,-1,NO
Software Engineering,process engineering & qa management,0,1,-1,NO
Software Engineering,cip,0,1,-1,NO
Software Engineering,financial and accounting,0,1,-1,NO
Software Engineering,time management ability,0,1,-1,NO
Software Engineering,selenium,0,1,-1,NO
Software Engineering,data interpretation,0,1,-1,NO
Software Engineering,research and design,0,1,-1,NO
Software Engineering,aws texualizer,0,1,-1,NO
Software Engineering,planning modules,0,1,-1,NO
Software Engineering,current,0,1,-1,NO
Software Engineering,software quality assurance,0,1,-1,NO
Software Engineering,cad packages (solidworks,0,1,-1,NO
Software Engineering,facility management,0,1,-1,NO
Software Engineering,bank reconciliations and general ledger expertise,0,1,-1,NO
Software Engineering,black box,0,1,-1,NO
Software Engineering,multimedia,0,1,-1,NO
Software Engineering,jvs,0,1,-1,NO
Software Engineering,life insurance,0,1,-1,NO
Software Engineering,tv,0,1,-1,NO
Software Engineering,royalty agreement tracking,0,1,-1,NO
Software Engineering,unix shell/perl scripting,0,1,-1,NO
Software Engineering,cnns,0,1,-1,NO
Software Engineering,webgl,0,1,-1,NO
Software Engineering,network management,0,1,-1,NO
Software Engineering,unix shell scripts,0,1,-1,NO
Software Engineering,operating systems: windows 7-10,0,1,-1,NO
Software Engineering,prepare contract,0,1,-1,NO
Software Engineering,marconi,0,1,-1,NO
Software Engineering,tolerance analysis,0,1,-1,NO
Software Engineering,dras,0,1,-1,NO
Software Engineering,keynote,0,1,-1,NO
Software Engineering,computer sales,0,1,-1,NO
Software Engineering,roofing,0,1,-1,NO
Software Engineering,arc flash,0,1,-1,NO
Software Engineering,people development,0,1,-1,NO
Software Engineering,sales management,0,1,-1,NO
Software Engineering,skilled concrete finisher,0,1,-1,NO
Software Engineering,marketing material,0,1,-1,NO
Software Engineering,wonderware,0,1,-1,NO
Software Engineering,generating bill of materials,0,1,-1,NO
Software Engineering,excellent communication and presentation skills,0,1,-1,NO
Software Engineering,network printers,0,1,-1,NO
Software Engineering,and resolving discrepancies,0,1,-1,NO
Software Engineering,analyze financial statements,0,1,-1,NO
Software Engineering,photo,0,1,-1,NO
Software Engineering,oscilloscope,0,2,-2,NO
Software Engineering,robotics,0,2,-2,NO
Software Engineering,angularjs,0,2,-2,NO
Software Engineering,and marketing,0,2,-2,NO
Software Engineering,pcs,0,2,-2,NO
Software Engineering,restaurant manager,0,2,-2,NO
Software Engineering,process design,0,2,-2,NO
Software Engineering,graphs,0,2,-2,NO
Software Engineering,unity,0,2,-2,NO
Software Engineering,negotiation,0,2,-2,NO
Software Engineering,marketing materials,0,2,-2,NO
Software Engineering,office management,0,2,-2,NO
Software Engineering,analysis,0,2,-2,NO
Software Engineering,quickbooks expert,0,2,-2,NO
Software Engineering,iso 9001,0,2,-2,NO
Software Engineering,predictive analysis,0,2,-2,NO
Software Engineering,people soft,0,2,-2,NO
Software Engineering,generally accepted auditing standards,0,2,-2,NO
Software Engineering,and troubleshooting,0,2,-2,NO
Software Engineering,mac os,0,2,-2,NO
Software Engineering,vision,0,2,-2,NO
Software Engineering,mba,0,2,-2,NO
Software Engineering,spacy,0,2,-2,NO
Software Engineering,calm under pressure,0,2,-2,NO
Software Engineering,arabic,0,2,-2,NO
Software Engineering,balanced,0,2,-2,NO
Software Engineering,windows xp/vista,0,2,-2,NO
Software Engineering,data reporting,0,2,-2,NO
Software Engineering,exceptional time management,0,2,-2,NO
Software Engineering,lecturer,0,2,-2,NO
Software Engineering,cognos,0,2,-2,NO
Software Engineering,novell,0,2,-2,NO
Software Engineering,self-motivated professional,0,2,-2,NO
Software Engineering,television,0,2,-2,NO
Software Engineering,illustrator,0,2,-2,NO
Software Engineering,model building,0,2,-2,NO
Software Engineering,dec,0,2,-2,NO
Software Engineering,profit,0,2,-2,NO
Software Engineering,quick books,0,2,-2,NO
Software Engineering,ergonomics,0,2,-2,NO
Software Engineering,month end close,0,2,-2,NO
Software Engineering,retail marketing,0,2,-2,NO
Software Engineering,verilog,0,2,-2,NO
Software Engineering,power generation,0,2,-2,NO
Software Engineering,reconciliations,0,2,-2,NO
Software Engineering,ipx,0,2,-2,NO
Software Engineering,jupyter,0,2,-2,NO
Software Engineering,treasury,0,2,-2,NO
Software Engineering,written communication skills,0,2,-2,NO
Software Engineering,swift,0,2,-2,NO
Software Engineering,arduino,0,2,-2,NO
Software Engineering,positioning,0,2,-2,NO
Software Engineering,engineering operational functions,0,2,-2,NO
Software Engineering,rest apis,0,2,-2,NO
Software Engineering,html/ css,0,2,-2,NO
Software Engineering,police,0,2,-2,NO
Software Engineering,renovation,0,2,-2,NO
Software Engineering,motorola,0,2,-2,NO
Software Engineering,software installation,0,2,-2,NO
Software Engineering,debit,0,2,-2,NO
Software Engineering,team leader,0,2,-2,NO
Software Engineering,orcad,0,2,-2,NO
Software Engineering,inspecting,0,2,-2,NO
Software Engineering,payroll processing,0,2,-2,NO
Software Engineering,dmaic,0,2,-2,NO
Software Engineering,aia,0,2,-2,NO
Software Engineering,product management,0,2,-2,NO
Software Engineering,letters,0,2,-2,NO
Software Engineering,embedded software development,0,2,-2,NO
Software Engineering,accounts and,0,2,-2,NO
Software Engineering,air force,0,2,-2,NO
Software Engineering,competitive,0,2,-2,NO
Software Engineering,bonds,0,2,-2,NO
Software Engineering,system administration,0,2,-2,NO
Software Engineering,cash handling,0,2,-2,NO
Software Engineering,dos,0,2,-2,NO
Software Engineering,army,0,2,-2,NO
Software Engineering,process management,0,2,-2,NO
Software Engineering,sales forecasting,0,2,-2,NO
Software Engineering,contract administration,0,2,-2,NO
Software Engineering,business strategy,0,2,-2,NO
Software Engineering,property management,0,2,-2,NO
Software Engineering,oracle),0,2,-2,NO
Software Engineering,data trending knowledge,0,2,-2,NO
Software Engineering,inventory levels,0,2,-2,NO
Software Engineering,web development,0,2,-2,NO
Software Engineering,active directory,0,2,-2,NO
Software Engineering,fax,0,2,-2,NO
Software Engineering,automated payroll,0,2,-2,NO
Software Engineering,sdlc,0,2,-2,NO
Software Engineering,prime,0,2,-2,NO
Software Engineering,marketing and sales,0,2,-2,NO
Software Engineering,hydraulics,0,2,-2,NO
Software Engineering,cable,0,2,-2,NO
Software Engineering,merchandising,0,2,-2,NO
Software Engineering,decisive,0,2,-2,NO
Software Engineering,web design 2,0,2,-2,NO
Software Engineering,natural gas,0,2,-2,NO
Software Engineering,budget preparation,0,2,-2,NO
Software Engineering,asp,0,2,-2,NO
Software Engineering,process payroll,0,2,-2,NO
Software Engineering,business process improvement,0,2,-2,NO
Software Engineering,project and visio,0,2,-2,NO
Software Engineering,jde,0,2,-2,NO
Software Engineering,maintain records,0,2,-2,NO
Software Engineering,financial statement analysis,0,2,-2,NO
Software Engineering,advanced computer proficiency (pc and mac),0,2,-2,NO
Software Engineering,material management,0,2,-2,NO
Software Engineering,cnn,0,2,-2,NO
Software Engineering,algorithm development,0,2,-2,NO
Software Engineering,accrual,0,2,-2,NO
Software Engineering,money,0,2,-2,NO
Software Engineering,promotional,0,2,-2,NO
Software Engineering,trouble shooting,0,2,-2,NO
Software Engineering,newsletter,0,2,-2,NO
Software Engineering,functional testing,0,2,-2,NO
Software Engineering,cash flow projections,0,2,-2,NO
Software Engineering,huggingface,0,2,-2,NO
Software Engineering,content management,0,2,-2,NO
Software Engineering,laptops,0,2,-2,NO
Software Engineering,information security,0,2,-2,NO
Software Engineering,recuva,0,2,-2,NO
Software Engineering,first aid,0,2,-2,NO
Software Engineering,soap,0,2,-2,NO
Software Engineering,workbench,0,2,-2,NO
Software Engineering,dialysis,0,2,-2,NO
Software Engineering,direct marketing,0,2,-2,NO
Software Engineering,black box testing,0,2,-2,NO
Software Engineering,application programming,0,2,-2,NO
Software Engineering,trainer,0,2,-2,NO
Software Engineering,requirement analysis,0,2,-2,NO
Software Engineering,camera,0,2,-2,NO
Software Engineering,salesforce.com crm,0,2,-2,NO
Software Engineering,cabling,0,2,-2,NO
Software Engineering,azure databricks,0,2,-2,NO
Software Engineering,restapi,0,2,-2,NO
Software Engineering,chatbot,0,2,-2,NO
Software Engineering,ibm,0,2,-2,NO
Software Engineering,lacerte,0,2,-2,NO
Software Engineering,direct sales,0,2,-2,NO
Software Engineering,installing,0,2,-2,NO
Software Engineering,control systems,0,2,-2,NO
Software Engineering,strategic marketing,0,2,-2,NO
Software Engineering,bootstrap,0,2,-2,NO
Software Engineering,data structure,0,2,-2,NO
Software Engineering,kotlin,0,2,-2,NO
Software Engineering,robotic,0,2,-2,NO
Software Engineering,objective c,0,2,-2,NO
Software Engineering,jcl,0,2,-2,NO
Software Engineering,apqp,0,2,-2,NO
Software Engineering,construction management,0,2,-2,NO
Software Engineering,client relations,0,2,-2,NO
Software Engineering,negotiating,0,2,-2,NO
Software Engineering,corporate finance,0,2,-2,NO
Software Engineering,financial management,0,2,-2,NO
Software Engineering,prepare financial statements,0,2,-2,NO
Software Engineering,tcp,0,2,-2,NO
Software Engineering,microsoft office applications,0,2,-2,NO
Software Engineering,sales software: salesforce.com,0,2,-2,NO
Software Engineering,perl,0,2,-2,NO
Software Engineering,base sas,0,2,-2,NO
Software Engineering,deadline-oriented,0,2,-2,NO
Software Engineering,fmea,0,2,-2,NO
Software Engineering,a+,0,2,-2,NO
Software Engineering,regression,0,2,-2,NO
Software Engineering,equipment installation,0,2,-2,NO
Software Engineering,haskell,0,2,-2,NO
Software Engineering,strong leader,0,2,-2,NO
Software Engineering,vista,0,2,-2,NO
Software Engineering,fortran,0,2,-2,NO
Software Engineering,latex,0,2,-2,NO
Software Engineering,adaptability,0,2,-2,NO
Software Engineering,public speaking,0,2,-2,NO
Software Engineering,dispatching,0,2,-2,NO
Software Engineering,unit testing,0,2,-2,NO
Software Engineering,strategic plans,0,2,-2,NO
Software Engineering,internet research,0,2,-2,NO
Software Engineering,organization,0,2,-2,NO
Software Engineering,languages,0,2,-2,NO
Software Engineering,tensorflowjs,0,2,-2,NO
Software Engineering,graphical user interface,0,2,-2,NO
Software Engineering,branding,0,2,-2,NO
Software Engineering,technical writing,0,2,-2,NO
Software Engineering,object oriented programming,0,2,-2,NO
Software Engineering,reinforcement learning,0,2,-2,NO
Software Engineering,conversion,0,2,-2,NO
Software Engineering,outside sales,0,2,-2,NO
Software Engineering,graphql,0,2,-2,NO
Software Engineering,increase,0,2,-2,NO
Software Engineering,promotion,0,2,-2,NO
Software Engineering,solutions,0,2,-2,NO
Software Engineering,firewall,0,2,-2,NO
Software Engineering,system analysis,0,2,-2,NO
Software Engineering,quick learner,0,2,-2,NO
Software Engineering,rfp,0,2,-2,NO
Software Engineering,next,0,2,-2,NO
Software Engineering,design process,0,2,-2,NO
Software Engineering,xgboost,0,2,-2,NO
Software Engineering,nec,0,2,-2,NO
Software Engineering,operational analysis,0,2,-2,NO
Software Engineering,manufacturing process controls,0,2,-2,NO
Software Engineering,strategic thinker,0,2,-2,NO
Software Engineering,analytical,0,2,-2,NO
Software Engineering,customer care,0,2,-2,NO
Software Engineering,multivariate analysis,0,2,-2,NO
Software Engineering,bash,0,2,-2,NO
Software Engineering,experimentation,0,2,-2,NO
Software Engineering,travel arrangements,0,2,-2,NO
Software Engineering,market research,0,2,-2,NO
Software Engineering,invoice,0,2,-2,NO
Software Engineering,client engagement,0,2,-2,NO
Software Engineering,statistical modelling,0,2,-2,NO
Software Engineering,portfolio management,0,2,-2,NO
Software Engineering,cash receipts,0,2,-2,NO
Software Engineering,digital logic,0,2,-2,NO
Software Engineering,data wrangling,0,2,-2,NO
Software Engineering,mechanical engineering,0,2,-2,NO
Software Engineering,cash,0,2,-2,NO
Software Engineering,mathcad,0,2,-2,NO
Software Engineering,robotic systems,0,2,-2,NO
Software Engineering,pytesseract,0,2,-2,NO
Software Engineering,requirements gathering,0,2,-2,NO
Software Engineering,staff development,0,2,-2,NO
Software Engineering,manufacturing processes,0,2,-2,NO
Software Engineering,general accounting,0,2,-2,NO
Software Engineering,equipment maintenance,0,2,-2,NO
Software Engineering,big data analytics,0,2,-2,NO
Software Engineering,research analysis,0,2,-2,NO
Software Engineering,kronos,0,2,-2,NO
Software Engineering,cashier,0,2,-2,NO
Software Engineering,hardware design,0,2,-2,NO
Software Engineering,variance analysis,0,2,-2,NO
Software Engineering,automation design,0,2,-2,NO
Software Engineering,systems engineering,0,2,-2,NO
Software Engineering,ordering,0,2,-2,NO
Software Engineering,real time,0,2,-2,NO
Software Engineering,as400,0,2,-2,NO
Software Engineering,manual testing,0,2,-2,NO
Software Engineering,mac,0,2,-2,NO
Software Engineering,budget development,0,2,-2,NO
Software Engineering,council,0,2,-2,NO
Software Engineering,sarbanes-oxley,0,2,-2,NO
Software Engineering,interpersonal,0,2,-2,NO
Software Engineering,drivers,0,2,-2,NO
Software Engineering,personnel management,0,2,-2,NO
Software Engineering,scanners,0,2,-2,NO
Software Engineering,decision-making,0,2,-2,NO
Software Engineering,random forest,0,2,-2,NO
Software Engineering,ifrs,0,2,-2,NO
Software Engineering,written communication,0,2,-2,NO
Software Engineering,timberline,0,2,-2,NO
Software Engineering,bookkeeper,0,2,-2,NO
Software Engineering,customer analytics,0,2,-2,NO
Software Engineering,website,0,2,-2,NO
Software Engineering,decision tree,0,2,-2,NO
Software Engineering,python programming,0,2,-2,NO
Software Engineering,market trends,0,2,-2,NO
Software Engineering,debugging,0,2,-2,NO
Software Engineering,its,0,2,-2,NO
Software Engineering,ui design,0,2,-2,NO
Software Engineering,maintain inventory,0,2,-2,NO
Software Engineering,human resource,0,2,-2,NO
Software Engineering,consultant,0,2,-2,NO
Software Engineering,analytical skills,0,2,-2,NO
Software Engineering,ms visual studio,0,2,-2,NO
Software Engineering,sql (postgresql,0,2,-2,NO
Software Engineering,training programs,0,2,-2,NO
Software Engineering,risk assessment,0,2,-2,NO
Software Engineering,html5,0,2,-2,NO
Software Engineering,design and construction,0,2,-2,NO
Software Engineering,quickbooks pro,0,2,-2,NO
Software Engineering,material science,0,2,-2,NO
Software Engineering,business writing,0,2,-2,NO
Software Engineering,test plan,0,2,-2,NO
Software Engineering,windows 7,0,2,-2,NO
Software Engineering,home health,0,2,-2,NO
Software Engineering,ims,0,2,-2,NO
Software Engineering,tango,0,2,-2,NO
Software Engineering,anova,0,2,-2,NO
Software Engineering,storage area network,0,2,-2,NO
Software Engineering,transmission,0,2,-2,NO
Software Engineering,advanced bookkeeping skills,0,2,-2,NO
Software Engineering,ieee,0,2,-2,NO
Software Engineering,lighting,0,2,-2,NO
Software Engineering,esd,0,2,-2,NO
Software Engineering,vba,0,2,-2,NO
Software Engineering,communicator,0,2,-2,NO
Software Engineering,superior attention to detail,0,2,-2,NO
Software Engineering,quick,0,2,-2,NO
Software Engineering,financial accounting,0,2,-2,NO
Software Engineering,microsoft,0,2,-2,NO
Software Engineering,hand tools,0,2,-2,NO
Software Engineering,ruby,0,2,-2,NO
Software Engineering,plc programming,0,2,-2,NO
Software Engineering,scala,0,2,-2,NO
Software Engineering,quantitative analysis,0,2,-2,NO
Software Engineering,springboot,0,2,-2,NO
Software Engineering,business solutions,0,2,-2,NO
Software Engineering,front office,0,2,-2,NO
Software Engineering,business administration,0,2,-2,NO
Software Engineering,human resources,0,2,-2,NO
Software Engineering,food safety,0,2,-2,NO
Software Engineering,html/css,0,2,-2,NO
Software Engineering,kanban,0,2,-2,NO
Software Engineering,ip,0,2,-2,NO
Software Engineering,integrator,0,2,-2,NO
Software Engineering,data integration,0,2,-2,NO
Software Engineering,eda,0,2,-2,NO
Software Engineering,web design 1,0,2,-2,NO
Software Engineering,oral,0,2,-2,NO
Software Engineering,network protocols,0,2,-2,NO
Software Engineering,mas90,0,2,-2,NO
Software Engineering,ms project,0,2,-2,NO
Software Engineering,mis,0,2,-2,NO
Software Engineering,calculator,0,2,-2,NO
Software Engineering,c/c++,0,2,-2,NO
Software Engineering,strong interpersonal skills,0,2,-2,NO
Software Engineering,workshops,0,2,-2,NO
Software Engineering,marketing plan,0,2,-2,NO
Software Engineering,svm,0,2,-2,NO
Software Engineering,scripts,0,2,-2,NO
Software Engineering,signal generators,0,2,-2,NO
Software Engineering,github,0,2,-2,NO
Software Engineering,application support,0,2,-2,NO
Software Engineering,pycharm,0,2,-2,NO
Software Engineering,software training,0,2,-2,NO
Software Engineering,blueprints,0,2,-2,NO
Software Engineering,integration,0,2,-2,NO
Software Engineering,consultation,0,2,-2,NO
Software Engineering,annual reports,0,2,-2,NO
Software Engineering,fashion,0,2,-2,NO
Software Engineering,cash management,0,2,-2,NO
Software Engineering,equity,0,2,-2,NO
Software Engineering,gps,0,2,-2,NO
Software Engineering,hyperion,0,2,-2,NO
Software Engineering,netscape,0,2,-2,NO
Software Engineering,team work,0,2,-2,NO
Software Engineering,kaizen,0,2,-2,NO
Software Engineering,bluebeam,0,2,-2,NO
Software Engineering,investments,0,2,-2,NO
Software Engineering,outlook),0,2,-2,NO
Software Engineering,data acquisition,0,2,-2,NO
Software Engineering,financial operations,0,2,-2,NO
Software Engineering,supply chain management,0,2,-2,NO
Software Engineering,proactive,0,2,-2,NO
Software Engineering,computer systems,0,2,-2,NO
Software Engineering,windows 2000,0,2,-2,NO
Software Engineering,visual basics,0,2,-2,NO
Software Engineering,technical plan execution aptitude,0,2,-2,NO
Software Engineering,a/p,0,2,-2,NO
Software Engineering,cash flow analysis,0,2,-2,NO
Software Engineering,verbal communication skills,0,2,-2,NO
Software Engineering,budget forecasting expertise,0,2,-2,NO
Software Engineering,asset management,0,2,-2,NO
Software Engineering,driving,0,3,-3,NO
Software Engineering,cost reduction,0,3,-3,NO
Software Engineering,data processing,0,3,-3,NO
Software Engineering,image,0,3,-3,NO
Software Engineering,accounting operations professional,0,3,-3,NO
Software Engineering,accounts payables,0,3,-3,NO
Software Engineering,customer relations,0,3,-3,NO
Software Engineering,type,0,3,-3,NO
Software Engineering,month-end closing,0,3,-3,NO
Software Engineering,scheme,0,3,-3,NO
Software Engineering,vhf,0,3,-3,NO
Software Engineering,relationship management,0,3,-3,NO
Software Engineering,experiments,0,3,-3,NO
Software Engineering,accounting software,0,3,-3,NO
Software Engineering,gis,0,3,-3,NO
Software Engineering,windows xp,0,3,-3,NO
Software Engineering,microstation,0,3,-3,NO
Software Engineering,interpersonal skills,0,3,-3,NO
Software Engineering,manufacturing process,0,3,-3,NO
Software Engineering,c programming,0,3,-3,NO
Software Engineering,jenkins,0,3,-3,NO
Software Engineering,asp.net,0,3,-3,NO
Software Engineering,db2,0,3,-3,NO
Software Engineering,training materials,0,3,-3,NO
Software Engineering,grants,0,3,-3,NO
Software Engineering,project,0,3,-3,NO
Software Engineering,power supplies,0,3,-3,NO
Software Engineering,testing,0,3,-3,NO
Software Engineering,catia,0,3,-3,NO
Software Engineering,ann,0,3,-3,NO
Software Engineering,wireshark,0,3,-3,NO
Software Engineering,team leadership,0,3,-3,NO
Software Engineering,inventor,0,3,-3,NO
Software Engineering,charts,0,3,-3,NO
Software Engineering,cisco,0,3,-3,NO
Software Engineering,heuristics,0,3,-3,NO
Software Engineering,flexible team player,0,3,-3,NO
Software Engineering,solid works,0,3,-3,NO
Software Engineering,teamviewer,0,3,-3,NO
Software Engineering,graphic,0,3,-3,NO
Software Engineering,multimeters,0,3,-3,NO
Software Engineering,qa,0,3,-3,NO
Software Engineering,r programming,0,3,-3,NO
Software Engineering,carpentry,0,3,-3,NO
Software Engineering,speaking,0,3,-3,NO
Software Engineering,negotiations,0,3,-3,NO
Software Engineering,pick,0,3,-3,NO
Software Engineering,cobol,0,3,-3,NO
Software Engineering,window,0,3,-3,NO
Software Engineering,balance sheets,0,3,-3,NO
Software Engineering,analyst,0,3,-3,NO
Software Engineering,android,0,3,-3,NO
Software Engineering,risk analysis,0,3,-3,NO
Software Engineering,self-motivated,0,3,-3,NO
Software Engineering,vb.net,0,3,-3,NO
Software Engineering,organizing,0,3,-3,NO
Software Engineering,sop,0,3,-3,NO
Software Engineering,postman,0,3,-3,NO
Software Engineering,mailing,0,3,-3,NO
Software Engineering,process engineering,0,3,-3,NO
Software Engineering,agile methodology,0,3,-3,NO
Software Engineering,conferences,0,3,-3,NO
Software Engineering,data scientist,0,3,-3,NO
Software Engineering,pivot tables,0,3,-3,NO
Software Engineering,expense reports,0,3,-3,NO
Software Engineering,adobe acrobat,0,3,-3,NO
Software Engineering,fundraising,0,3,-3,NO
Software Engineering,edge,0,3,-3,NO
Software Engineering,lotus notes,0,3,-3,NO
Software Engineering,performance reviews,0,3,-3,NO
Software Engineering,natural,0,3,-3,NO
Software Engineering,lstm,0,3,-3,NO
Software Engineering,visual studio code,0,3,-3,NO
Software Engineering,conversational ai,0,3,-3,NO
Software Engineering,business management,0,3,-3,NO
Software Engineering,communication skills,0,3,-3,NO
Software Engineering,decision trees,0,3,-3,NO
Software Engineering,law,0,3,-3,NO
Software Engineering,vhdl,0,3,-3,NO
Software Engineering,python (django),0,3,-3,NO
Software Engineering,upgrades,0,3,-3,NO
Software Engineering,supply chain,0,3,-3,NO
Software Engineering,new business development,0,3,-3,NO
Software Engineering,learning algorithm,0,3,-3,NO
Software Engineering,typing,0,3,-3,NO
Software Engineering,nodejs,0,3,-3,NO
Software Engineering,surveys,0,3,-3,NO
Software Engineering,siemens,0,3,-3,NO
Software Engineering,team building,0,3,-3,NO
Software Engineering,websites,0,3,-3,NO
Software Engineering,tcp/ip,0,3,-3,NO
Software Engineering,self-starter,0,3,-3,NO
Software Engineering,eclipse,0,3,-3,NO
Software Engineering,modems,0,3,-3,NO
Software Engineering,data management,0,3,-3,NO
Software Engineering,cloud,0,3,-3,NO
Software Engineering,monitors,0,3,-3,NO
Software Engineering,technical documentation,0,3,-3,NO
Software Engineering,azure,0,3,-3,NO
Software Engineering,failure analysis,0,3,-3,NO
Software Engineering,uhf,0,3,-3,NO
Software Engineering,fast,0,3,-3,NO
Software Engineering,system integration,0,3,-3,NO
Software Engineering,technician,0,3,-3,NO
Software Engineering,problem solving skills,0,3,-3,NO
Software Engineering,leadership development,0,3,-3,NO
Software Engineering,customer support,0,3,-3,NO
Software Engineering,telecommunications,0,3,-3,NO
Software Engineering,adp,0,3,-3,NO
Software Engineering,preparation of financial statements,0,3,-3,NO
Software Engineering,data extraction,0,3,-3,NO
Software Engineering,streamline,0,3,-3,NO
Software Engineering,java script,0,3,-3,NO
Software Engineering,supervisory,0,3,-3,NO
Software Engineering,configuring,0,3,-3,NO
Software Engineering,requirement,0,3,-3,NO
Software Engineering,atm,0,3,-3,NO
Software Engineering,ms visio,0,3,-3,NO
Software Engineering,job costing,0,3,-3,NO
Software Engineering,microsoft applications,0,3,-3,NO
Software Engineering,adobe photoshop,0,3,-3,NO
Software Engineering,audit,0,3,-3,NO
Software Engineering,technical architecture,0,3,-3,NO
Software Engineering,intel,0,3,-3,NO
Software Engineering,win,0,3,-3,NO
Software Engineering,strong organizational skills,0,3,-3,NO
Software Engineering,agile,0,3,-3,NO
Software Engineering,iso,0,3,-3,NO
Software Engineering,flutter,0,3,-3,NO
Software Engineering,kafka,0,3,-3,NO
Software Engineering,dynamic html5,0,3,-3,NO
Software Engineering,invoice coding familiarity,0,3,-3,NO
Software Engineering,painting,0,3,-3,NO
Software Engineering,instruction,0,3,-3,NO
Software Engineering,software testing,0,3,-3,NO
Software Engineering,imaging,0,3,-3,NO
Software Engineering,ms office suite,0,3,-3,NO
Software Engineering,marketing strategies,0,3,-3,NO
Software Engineering,radar,0,3,-3,NO
Software Engineering,cnc,0,3,-3,NO
Software Engineering,producing,0,3,-3,NO
Software Engineering,rest,0,3,-3,NO
Software Engineering,trial balance,0,3,-3,NO
Software Engineering,doors,0,3,-3,NO
Software Engineering,kubernetes,0,3,-3,NO
Software Engineering,oil,0,3,-3,NO
Software Engineering,macros,0,3,-3,NO
Software Engineering,bridges,0,3,-3,NO
Software Engineering,general ledger accounting,0,3,-3,NO
Software Engineering,pspice,0,3,-3,NO
Software Engineering,logic,0,3,-3,NO
Software Engineering,bi,0,4,-4,NO
Software Engineering,supervising,0,4,-4,NO
Software Engineering,visual c++,0,4,-4,NO
Software Engineering,features,0,4,-4,NO
Software Engineering,plumbing,0,4,-4,NO
Software Engineering,invoicing,0,4,-4,NO
Software Engineering,analytical reasoning,0,4,-4,NO
Software Engineering,adobe,0,4,-4,NO
Software Engineering,electrical engineering,0,4,-4,NO
Software Engineering,microsoft windows,0,4,-4,NO
Software Engineering,tables,0,4,-4,NO
Software Engineering,voip,0,4,-4,NO
Software Engineering,javascript (angular),0,4,-4,NO
Software Engineering,atl,0,4,-4,NO
Software Engineering,data cleaning,0,4,-4,NO
Software Engineering,reading,0,4,-4,NO
Software Engineering,public relations,0,4,-4,NO
Software Engineering,bert,0,4,-4,NO
Software Engineering,organizational,0,4,-4,NO
Software Engineering,results-oriented,0,4,-4,NO
Software Engineering,erp,0,4,-4,NO
Software Engineering,express,0,4,-4,NO
Software Engineering,scanning,0,4,-4,NO
Software Engineering,power distribution,0,4,-4,NO
Software Engineering,operating systems,0,4,-4,NO
Software Engineering,wiring,0,4,-4,NO
Software Engineering,cost analysis,0,4,-4,NO
Software Engineering,mb,0,4,-4,NO
Software Engineering,threads,0,4,-4,NO
Software Engineering,communication,0,4,-4,NO
Software Engineering,ad,0,4,-4,NO
Software Engineering,explorer,0,4,-4,NO
Software Engineering,repairing,0,4,-4,NO
Software Engineering,protocols,0,4,-4,NO
Software Engineering,operations,0,4,-4,NO
Software Engineering,databases,0,4,-4,NO
Software Engineering,machine learning engineer,0,4,-4,NO
Software Engineering,advanced excel,0,4,-4,NO
Software Engineering,dbms,0,4,-4,NO
Software Engineering,os,0,4,-4,NO
Software Engineering,publisher,0,4,-4,NO
Software Engineering,leadership skills,0,4,-4,NO
Software Engineering,dns,0,4,-4,NO
Software Engineering,nas,0,4,-4,NO
Software Engineering,rnn,0,4,-4,NO
Software Engineering,apple,0,4,-4,NO
Software Engineering,proxy,0,4,-4,NO
Software Engineering,embedded systems,0,4,-4,NO
Software Engineering,project plans,0,4,-4,NO
Software Engineering,nltk,0,4,-4,NO
Software Engineering,change management,0,4,-4,NO
Software Engineering,upgrade,0,4,-4,NO
Software Engineering,fast learner,0,4,-4,NO
Software Engineering,new product development,0,4,-4,NO
Software Engineering,accounting systems,0,4,-4,NO
Software Engineering,supervisor,0,4,-4,NO
Software Engineering,ms access,0,4,-4,NO
Software Engineering,hiring,0,4,-4,NO
Software Engineering,billings,0,4,-4,NO
Software Engineering,e-mail,0,4,-4,NO
Software Engineering,process control,0,4,-4,NO
Software Engineering,writer,0,4,-4,NO
Software Engineering,navy,0,4,-4,NO
Software Engineering,spanish,0,4,-4,NO
Software Engineering,researching,0,4,-4,NO
Software Engineering,welding,0,4,-4,NO
Software Engineering,data warehousing,0,4,-4,NO
Software Engineering,ap,0,4,-4,NO
Software Engineering,mathematics,0,4,-4,NO
Software Engineering,selling,0,4,-4,NO
Software Engineering,recording,0,4,-4,NO
Software Engineering,effective time management,0,4,-4,NO
Software Engineering,statistical process control,0,4,-4,NO
Software Engineering,encryption,0,4,-4,NO
Software Engineering,sql server,0,4,-4,NO
Software Engineering,rdbms,0,4,-4,NO
Software Engineering,client management,0,4,-4,NO
Software Engineering,packaging,0,4,-4,NO
Software Engineering,jd edwards,0,4,-4,NO
Software Engineering,estimating,0,4,-4,NO
Software Engineering,soldering,0,4,-4,NO
Software Engineering,innovation,0,4,-4,NO
Software Engineering,self motivated,0,4,-4,NO
Software Engineering,switches,0,4,-4,NO
Software Engineering,firebase,0,4,-4,NO
Software Engineering,data validation,0,4,-4,NO
Software Engineering,dhcp,0,4,-4,NO
Software Engineering,view,0,4,-4,NO
Software Engineering,great plains,0,4,-4,NO
Software Engineering,academic,0,4,-4,NO
Software Engineering,inventory management,0,4,-4,NO
Software Engineering,printers,0,4,-4,NO
Software Engineering,oscilloscopes,0,4,-4,NO
Software Engineering,root cause analysis,0,4,-4,NO
Software Engineering,microsoft azure,0,4,-4,NO
Software Engineering,microsoft visio,0,4,-4,NO
Software Engineering,application development,0,4,-4,NO
Software Engineering,developer,0,4,-4,NO
Software Engineering,rendering,0,4,-4,NO
Software Engineering,mfc,0,4,-4,NO
Software Engineering,quicken,0,4,-4,NO
Software Engineering,directing,0,4,-4,NO
Software Engineering,organizational skills,0,4,-4,NO
Software Engineering,data manipulation,0,4,-4,NO
Software Engineering,ids,0,4,-4,NO
Software Engineering,transformers,0,4,-4,NO
Software Engineering,radio,0,4,-4,NO
Software Engineering,director,0,5,-5,NO
Software Engineering,peoplesoft,0,5,-5,NO
Software Engineering,hp,0,5,-5,NO
Software Engineering,visual studio,0,5,-5,NO
Software Engineering,video editing,0,5,-5,NO
Software Engineering,visio,0,5,-5,NO
Software Engineering,cpa,0,5,-5,NO
Software Engineering,ansys,0,5,-5,NO
Software Engineering,audio,0,5,-5,NO
Software Engineering,ms word,0,5,-5,NO
Software Engineering,microsoft outlook,0,5,-5,NO
Software Engineering,mentor,0,5,-5,NO
Software Engineering,general ledger accounts,0,5,-5,NO
Software Engineering,teaching,0,5,-5,NO
Software Engineering,seaborn,0,5,-5,NO
Software Engineering,text analysis,0,5,-5,NO
Software Engineering,strong communication skills,0,5,-5,NO
Software Engineering,hadoop,0,5,-5,NO
Software Engineering,nosql,0,5,-5,NO
Software Engineering,spss,0,5,-5,NO
Software Engineering,jira,0,5,-5,NO
Software Engineering,enterprise,0,5,-5,NO
Software Engineering,pattern recognition,0,5,-5,NO
Software Engineering,tax returns,0,5,-5,NO
Software Engineering,internet explorer,0,5,-5,NO
Software Engineering,strategic,0,5,-5,NO
Software Engineering,modeling,0,5,-5,NO
Software Engineering,data collection,0,5,-5,NO
Software Engineering,bank reconciliation,0,5,-5,NO
Software Engineering,focus,0,5,-5,NO
Software Engineering,risk management,0,5,-5,NO
Software Engineering,works,0,5,-5,NO
Software Engineering,data modelling,0,5,-5,NO
Software Engineering,physics,0,5,-5,NO
Software Engineering,layout,0,5,-5,NO
Software Engineering,text analytics,0,5,-5,NO
Software Engineering,product development,0,5,-5,NO
Software Engineering,software engineer,0,5,-5,NO
Software Engineering,laser,0,5,-5,NO
Software Engineering,mentoring,0,5,-5,NO
Software Engineering,transportation,0,5,-5,NO
Software Engineering,hvac,0,5,-5,NO
Software Engineering,spark,0,5,-5,NO
Software Engineering,accounting system,0,5,-5,NO
Software Engineering,complex problem solving,0,5,-5,NO
Software Engineering,regression analysis,0,5,-5,NO
Software Engineering,taxes,0,5,-5,NO
Software Engineering,accounts receivables,0,5,-5,NO
Software Engineering,approach,0,5,-5,NO
Software Engineering,continuous improvement,0,5,-5,NO
Software Engineering,messaging,0,5,-5,NO
Software Engineering,oop,0,5,-5,NO
Software Engineering,http,0,5,-5,NO
Software Engineering,ms excel,0,5,-5,NO
Software Engineering,customer relationship management,0,5,-5,NO
Software Engineering,text mining,0,5,-5,NO
Software Engineering,power point,0,5,-5,NO
Software Engineering,instructor,0,5,-5,NO
Software Engineering,ftp,0,5,-5,NO
Software Engineering,maintenance,0,5,-5,NO
Software Engineering,troubleshoot,0,5,-5,NO
Software Engineering,coding,0,5,-5,NO
Software Engineering,scikit-learn,0,5,-5,NO
Software Engineering,cad,0,5,-5,NO
Software Engineering,account reconciliation,0,5,-5,NO
Software Engineering,customer satisfaction,0,5,-5,NO
Software Engineering,financials,0,5,-5,NO
Software Engineering,administrative,0,5,-5,NO
Software Engineering,retail,0,5,-5,NO
Software Engineering,direction,0,5,-5,NO
Software Engineering,schematics,0,5,-5,NO
Software Engineering,test equipment,0,5,-5,NO
Software Engineering,ar,0,5,-5,NO
Software Engineering,controller,0,5,-5,NO
Software Engineering,business analyst,0,5,-5,NO
Software Engineering,information technology,0,5,-5,NO
Software Engineering,electrical systems,0,5,-5,NO
Software Engineering,cli,0,5,-5,NO
Software Engineering,plc,0,5,-5,NO
Software Engineering,migration,0,5,-5,NO
Software Engineering,routers,0,5,-5,NO
Software Engineering,electronics,0,5,-5,NO
Software Engineering,hr,0,5,-5,NO
Software Engineering,payables,0,5,-5,NO
Software Engineering,spreadsheet,0,5,-5,NO
Software Engineering,specification,0,5,-5,NO
Software Engineering,team lead,0,5,-5,NO
Software Engineering,accruals,0,5,-5,NO
Software Engineering,read,0,5,-5,NO
Software Engineering,record keeping,0,5,-5,NO
Software Engineering,balance,0,6,-6,NO
Software Engineering,microsoft powerpoint,0,6,-6,NO
Software Engineering,workflow,0,6,-6,NO
Software Engineering,advertising,0,6,-6,NO
Software Engineering,account reconciliation expert,0,6,-6,NO
Software Engineering,assembly,0,6,-6,NO
Software Engineering,servers,0,6,-6,NO
Software Engineering,2000,0,6,-6,NO
Software Engineering,cash flow,0,6,-6,NO
Software Engineering,labview,0,6,-6,NO
Software Engineering,team player,0,6,-6,NO
Software Engineering,bookkeeping,0,6,-6,NO
Software Engineering,spreadsheets,0,6,-6,NO
Software Engineering,dc,0,6,-6,NO
Software Engineering,gui,0,6,-6,NO
Software Engineering,microsoft office suite,0,6,-6,NO
Software Engineering,drawing,0,6,-6,NO
Software Engineering,clerical,0,6,-6,NO
Software Engineering,gl,0,6,-6,NO
Software Engineering,problem solving,0,6,-6,NO
Software Engineering,program management,0,6,-6,NO
Software Engineering,solidworks,0,6,-6,NO
Software Engineering,calibration,0,6,-6,NO
Software Engineering,crm,0,6,-6,NO
Software Engineering,reconciling,0,6,-6,NO
Software Engineering,strategic planning,0,6,-6,NO
Software Engineering,lan,0,6,-6,NO
Software Engineering,auditing,0,6,-6,NO
Software Engineering,broadcast,0,6,-6,NO
Software Engineering,backup,0,6,-6,NO
Software Engineering,business objects,0,6,-6,NO
Software Engineering,sage,0,6,-6,NO
Software Engineering,utilities,0,6,-6,NO
Software Engineering,coaching,0,6,-6,NO
Software Engineering,minitab,0,6,-6,NO
Software Engineering,pricing,0,6,-6,NO
Software Engineering,book,0,6,-6,NO
Software Engineering,big data,0,6,-6,NO
Software Engineering,simulation,0,6,-6,NO
Software Engineering,hive,0,6,-6,NO
Software Engineering,json,0,6,-6,NO
Software Engineering,benefits,0,6,-6,NO
Software Engineering,sas,0,6,-6,NO
Software Engineering,database management,0,6,-6,NO
Software Engineering,administrative support,0,6,-6,NO
Software Engineering,editing,0,6,-6,NO
Software Engineering,docker,0,6,-6,NO
Software Engineering,detail-oriented,0,6,-6,NO
Software Engineering,page,0,6,-6,NO
Software Engineering,team management,0,6,-6,NO
Software Engineering,agency,0,6,-6,NO
Software Engineering,networks,0,6,-6,NO
Software Engineering,operations management,0,6,-6,NO
Software Engineering,government,0,6,-6,NO
Software Engineering,receiving,0,6,-6,NO
Software Engineering,account management,0,6,-6,NO
Software Engineering,content,0,6,-6,NO
Software Engineering,critical thinking,0,7,-7,NO
Software Engineering,ca,0,7,-7,NO
Software Engineering,training,0,7,-7,NO
Software Engineering,postgresql,0,7,-7,NO
Software Engineering,requirement gathering,0,7,-7,NO
Software Engineering,software developer,0,7,-7,NO
Software Engineering,unix,0,7,-7,NO
Software Engineering,san,0,7,-7,NO
Software Engineering,php,0,7,-7,NO
Software Engineering,predictive analytics,0,7,-7,NO
Software Engineering,concept,0,7,-7,NO
Software Engineering,optimization,0,7,-7,NO
Software Engineering,account reconciliations,0,7,-7,NO
Software Engineering,statistical modeling,0,7,-7,NO
Software Engineering,mail,0,7,-7,NO
Software Engineering,staffing,0,7,-7,NO
Software Engineering,lean manufacturing,0,7,-7,NO
Software Engineering,microsoft project,0,7,-7,NO
Software Engineering,drafting,0,7,-7,NO
Software Engineering,clustering,0,7,-7,NO
Software Engineering,real estate,0,7,-7,NO
Software Engineering,legal,0,7,-7,NO
Software Engineering,time series analysis,0,7,-7,NO
Software Engineering,strategy,0,7,-7,NO
Software Engineering,ledger,0,8,-8,NO
Software Engineering,scrum,0,8,-8,NO
Software Engineering,bank reconciliations,0,8,-8,NO
Software Engineering,xml,0,8,-8,NO
Software Engineering,financial analysis,0,8,-8,NO
Software Engineering,data entry,0,8,-8,NO
Software Engineering,flask,0,8,-8,NO
Software Engineering,english,0,8,-8,NO
Software Engineering,financial reporting,0,8,-8,NO
Software Engineering,telephone,0,8,-8,NO
Software Engineering,statistics,0,8,-8,NO
Software Engineering,basic,0,8,-8,NO
Software Engineering,six sigma,0,8,-8,NO
Software Engineering,django,0,8,-8,NO
Software Engineering,funds,0,8,-8,NO
Software Engineering,visual basic,0,8,-8,NO
Software Engineering,senior management,0,8,-8,NO
Software Engineering,api,0,8,-8,NO
Software Engineering,sharepoint,0,8,-8,NO
Software Engineering,presentations,0,8,-8,NO
Software Engineering,com,0,8,-8,NO
Software Engineering,opencv,0,8,-8,NO
Software Engineering,image processing,0,8,-8,NO
Software Engineering,power bi,0,8,-8,NO
Software Engineering,email,0,8,-8,NO
Software Engineering,accountant,0,8,-8,NO
Software Engineering,inventory control,0,8,-8,NO
Software Engineering,written,0,8,-8,NO
Software Engineering,video,0,9,-9,NO
Software Engineering,microsoft access,0,9,-9,NO
Software Engineering,machinery,0,9,-9,NO
Software Engineering,accounts receivable,0,9,-9,NO
Software Engineering,shipping,0,9,-9,NO
Software Engineering,validation,0,9,-9,NO
Software Engineering,designing,0,9,-9,NO
Software Engineering,quality control,0,9,-9,NO
Software Engineering,peachtree,0,9,-9,NO
Software Engineering,filing,0,9,-9,NO
Software Engineering,business development,0,9,-9,NO
Software Engineering,programming,0,9,-9,NO
Software Engineering,nlp,0,9,-9,NO
Software Engineering,algorithms,0,9,-9,NO
Software Engineering,software engineering,0,9,-9,NO
Software Engineering,procurement,0,9,-9,NO
Software Engineering,year-end,0,9,-9,NO
Software Engineering,logistics,0,10,-10,NO
Software Engineering,banking,0,10,-10,NO
Software Engineering,time management,0,10,-10,NO
Software Engineering,phone,0,10,-10,NO
Software Engineering,financial reports,0,10,-10,NO
Software Engineering,automation,0,10,-10,NO
Software Engineering,engineer,0,10,-10,NO
Software Engineering,repairs,0,10,-10,NO
Software Engineering,consulting,0,10,-10,NO
Software Engineering,process improvement,0,11,-11,NO
Software Engineering,forecasting,0,11,-11,NO
Software Engineering,technical support,0,11,-11,NO
Software Engineering,mongodb,0,11,-11,NO
Software Engineering,purchasing,0,11,-11,NO
Software Engineering,logistic regression,0,11,-11,NO
Software Engineering,market,0,11,-11,NO
Software Engineering,network,0,11,-11,NO
Software Engineering,tax,0,11,-11,NO
Software Engineering,oracle,0,11,-11,NO
Software Engineering,data modeling,0,11,-11,NO
Software Engineering,networking,0,11,-11,NO
Software Engineering,mechanical,0,11,-11,NO
Software Engineering,meetings,0,12,-12,NO
Software Engineering,pytorch,0,12,-12,NO
Software Engineering,predictive modeling,0,12,-12,NO
Software Engineering,microsoft word,0,12,-12,NO
Software Engineering,supervision,0,12,-12,NO
Software Engineering,business intelligence,0,12,-12,NO
Software Engineering,scikit learn,0,12,-12,NO
Software Engineering,neural networks,0,12,-12,NO
Software Engineering,aws,0,12,-12,NO
Software Engineering,c#,0,13,-13,NO
Software Engineering,microsoft excel,0,13,-13,NO
Software Engineering,powerbi,0,13,-13,NO
Software Engineering,data structures,0,13,-13,NO
Software Engineering,git,0,13,-13,NO
Software Engineering,inspection,0,13,-13,NO
Software Engineering,proposals,0,13,-13,NO
Software Engineering,balance sheet,0,13,-13,NO
Software Engineering,business analytics,0,13,-13,NO
Software Engineering,delivery,0,13,-13,NO
Software Engineering,fixed assets,0,13,-13,NO
Software Engineering,pyspark,0,13,-13,NO
Software Engineering,functional,0,14,-14,NO
Software Engineering,payroll,0,14,-14,NO
Software Engineering,quality assurance,0,14,-14,NO
Software Engineering,keras,0,14,-14,NO
Software Engineering,insurance,0,14,-14,NO
Software Engineering,credit,0,14,-14,NO
Software Engineering,managing,0,14,-14,NO
Software Engineering,css,0,14,-14,NO
Software Engineering,budgeting,0,14,-14,NO
Software Engineering,statistical analysis,0,14,-14,NO
Software Engineering,forms,0,15,-15,NO
Software Engineering,accounts payable,0,15,-15,NO
Software Engineering,hardware,0,15,-15,NO
Software Engineering,closing,0,15,-15,NO
Software Engineering,matplotlib,0,15,-15,NO
Software Engineering,computer vision,0,16,-16,NO
Software Engineering,marketing,0,16,-16,NO
Software Engineering,finance,0,16,-16,NO
Software Engineering,budgets,0,16,-16,NO
Software Engineering,business analysis,0,16,-16,NO
Software Engineering,ms office,0,16,-16,NO
Software Engineering,customer service,0,16,-16,NO
Software Engineering,general ledger,0,16,-16,NO
Software Engineering,data analyst,0,17,-17,NO
Software Engineering,matlab,0,17,-17,NO
Software Engineering,progress,0,17,-17,NO
Software Engineering,pandas,0,17,-17,NO
Software Engineering,leadership,0,17,-17,NO
Software Engineering,linear regression,0,17,-17,NO
Software Engineering,database,0,18,-18,NO
Software Engineering,personnel,0,18,-18,NO
Software Engineering,billing,0,18,-18,NO
Software Engineering,javascript,0,18,-18,NO
Software Engineering,safety,0,19,-19,NO
Software Engineering,linux,0,19,-19,NO
Software Engineering,scheduling,0,19,-19,NO
Software Engineering,autocad,0,19,-19,NO
Software Engineering,tensorflow,0,19,-19,NO
Software Engineering,software development,0,19,-19,NO
Software Engineering,windows,0,19,-19,NO
Software Engineering,troubleshooting,0,19,-19,NO
Software Engineering,financial statements,0,20,-20,NO
Software Engineering,reporting,0,21,-21,NO
Software Engineering,materials,0,21,-21,NO
Software Engineering,numpy,0,21,-21,NO
Software Engineering,html,0,22,-22,NO
Software Engineering,office,0,22,-22,NO
Software Engineering,r,0,22,-22,NO
Software Engineering,data visualization,0,22,-22,NO
Software Engineering,mysql,0,23,-23,NO
Software Engineering,client,0,23,-23,NO
Software Engineering,research,0,23,-23,NO
Software Engineering,policies,0,23,-23,NO
Software Engineering,quickbooks,0,24,-24,NO
Software Engineering,contracts,0,25,-25,NO
Software Engineering,financial,0,25,-25,NO
Software Engineering,inventory,0,26,-26,NO
Software Engineering,budget,0,26,-26,NO
Software Engineering,sap,0,26,-26,NO
Software Engineering,access,0,26,-26,NO
Software Engineering,data analytics,0,26,-26,NO
Software Engineering,word,0,26,-26,NO
Software Engineering,quality,0,27,-27,NO
Software Engineering,clients,0,27,-27,NO
Software Engineering,c,0,28,-28,NO
Software Engineering,data mining,0,29,-29,NO
Software Engineering,processes,0,29,-29,NO
Software Engineering,powerpoint,0,29,-29,NO
Software Engineering,accounting,0,30,-30,NO
Software Engineering,tableau,0,30,-30,NO
Software Engineering,microsoft office,0,30,-30,NO
Software Engineering,outlook,0,30,-30,NO
Software Engineering,project management,0,33,-33,NO
Software Engineering,data science,0,33,-33,NO
Software Engineering,documentation,0,34,-34,NO
Software Engineering,artificial intelligence,0,35,-35,NO
Software Engineering,sales,0,38,-38,NO
Software Engineering,natural language processing,0,39,-39,NO
Software Engineering,c++,0,42,-42,NO
Software Engineering,java,0,43,-43,NO
Software Engineering,deep learning,0,54,-54,NO
Software Engineering,data analysis,0,56,-56,NO
Software Engineering,excel,0,60,-60,NO
Software Engineering,sql,0,63,-63,NO
Software Engineering,machine learning,0,123,-123,NO
Software Engineering,python,0,130,-130,NO
